timestamp,latency_ms
1789658956.8237183,14.63569999759784
1789658956.8242064,15.952300000208197
1789658956.8259873,13.502800000424031
1789658956.8263936,13.511700002709404
1789658956.8265722,12.321100002736785
1789658956.8267586,15.849100000195904
1789658956.8277283,16.3819000008516
1789658956.828024,14.116099999228027
1789658956.828094,17.704499998217216
1789658956.8289723,2.5707009990583174
1789658956.8291824,3.1874010019237176
1789658956.8298242,20.20790099777514
1789658956.829957,3.194401000655489
1789658956.8301427,6.417601001885487
1789658956.8302748,6.061501000658609
1789658956.8311572,4.579700998874614
1789658956.8323858,3.1919000030029565
1789658956.8333106,4.329800001869444
1789658956.8333857,3.104300001723459
1789658956.833425,3.592400000343332
1789658956.8335924,5.492401000083191
1789658956.8337393,3.5908999998355284
1789658956.8346517,6.9159009981376585
1789658956.8349495,3.786299999774201
1789658956.8351068,7.077901002048748
1789658956.8352122,2.815499999996973
1789658956.8362844,6.320700002106605
1789658956.8368132,3.0692000000271946
1789658956.8374321,3.999099997599842
1789658956.8380122,4.413800001202617
1789658956.8381433,3.031200001714751
1789658956.8383226,5.003700000088429
1789658956.8386922,4.0356000026804395
1789658956.8387313,5.33950000317418
1789658956.8389044,3.949300000385847
1789658956.8400881,4.871199998888187
1789658956.8408403,2.6875999974436127
1789658956.8419256,3.5957000000053085
1789658956.8420231,3.2875000033527613
1789658956.8421943,5.376100001740269
1789658956.8426323,4.613600001903251
1789658956.84282,5.381099999794969
1789658956.8429012,4.204299999400973
1789658956.8434434,4.5332000008784235
1789658956.8435504,7.258000001456821
1789658956.8440962,4.002599998784717
1789658956.8453581,2.718399999139365
1789658956.8454852,2.5793999993766192
1789658956.8459885,3.957199998694705
1789658956.8469071,6.055000001651933
1789658956.8472126,5.279600001813378
1789658956.8472614,5.062600001110695
1789658956.847309,4.484400000364985
1789658956.8480506,2.6870000001508743
1789658956.848593,5.14159999875119
1789658956.8492167,5.111099999339785
1789658956.8498924,3.892100001394283
1789658956.8501663,3.244999999878928
1789658956.851221,5.728200001613004
1789658956.8515055,7.949200000439305
1789658956.8516917,3.6358999968797434
1789658956.85225,4.982499998732237
1789658956.8523097,5.091600000014296
1789658956.852542,5.227199999353616
1789658956.8531504,3.9270000015676487
1789658956.8535826,3.406299998459872
1789658956.8539104,4.008500000054482
1789658956.8546064,3.378500001417706
1789658956.855452,6.851000001915963
1789658956.8559473,3.630499999417225
1789658956.8560004,3.7454000012075994
1789658956.8567016,3.113499999017222
1789658956.8574164,4.869100001087645
1789658956.8575563,3.639799997472437
1789658956.8578088,6.297099997027544
1789658956.8581028,2.6436000007379334
1789658956.8581517,4.995400002371753
1789658956.8590412,7.345099998929072
1789658956.8593726,4.760200001328485
1789658956.8602233,3.51550000050338
1789658956.8604913,4.485900000872789
1789658956.860726,2.912599997216603
1789658956.8608098,4.8566999976173975
1789658956.8616097,4.046599999128375
1789658956.8622935,4.185200999927474
1789658956.8625968,4.438900999957696
1789658956.8628325,5.4087009993963875
1789658956.8636658,4.616501002601581
1789658956.8638551,3.625801000453066
1789658956.8654175,4.600200998538639
1789658956.865563,6.17990099999588
1789658956.866253,3.9524000021629035
1789658956.866479,3.638700000010431
1789658956.8666158,6.1199009978736285
1789658956.866767,5.15160099894274
1789658956.866918,6.188301002111984
1789658956.867526,4.921600000670878
1789658956.8676164,3.9448999996238854
1789658956.867824,3.9640000031795353
1789658956.8682423,2.816699998220429
1789658956.8692744,2.6521000036154874
1789658956.8698678,4.296199997043004
1789658956.8702016,3.942500003176974
1789658956.8707476,2.918499998486368
1789658956.8709502,4.027800001495052
1789658956.8710032,4.518699999607634
1789658956.87162,3.371399998286506
1789658956.8718538,4.322700002376223
1789658956.87312,6.348200000502402
1789658956.8732185,5.597399998805486
1789658956.873521,3.6469999977271073
1789658956.8747675,2.9088000010233372
1789658956.874915,4.707200001575984
1789658956.8750803,5.8005999999295454
1789658956.875285,4.277300002286211
1789658956.8754935,4.538400000456022
1789658956.8755705,4.816700002265861
1789658956.8770187,3.7950000005366746
1789658956.877735,4.603800000040792
1789658956.8782113,3.2917999997152947
1789658956.8782609,3.488199999992503
1789658956.878448,3.363700001500547
1789658956.8785102,4.984600000170758
1789658956.8789275,3.638000001956243
1789658956.8792486,7.623100002092542
1789658956.8795283,4.02859999667271
1789658956.8802114,4.63560000207508
1789658956.8811023,4.075800003192853
1789658956.8821223,3.604800000175601
1789658956.882639,3.7040999995952006
1789658956.8827505,4.484000000957167
1789658956.8832724,3.737300001375843
1789658956.88347,5.72680000186665
1789658956.88355,3.333000000566244
1789658956.8836734,4.42040000052657
1789658956.8837616,5.545700001675868
1789658956.8847606,3.6500000023806933
1789658956.8849,6.4477000014449
1789658956.88572,3.590199998143362
1789658956.887009,3.4521000015956815
1789658956.8871796,4.421599998750025
1789658956.8872287,3.7535999981628265
1789658956.8878791,3.114099999947939
1789658956.888134,4.456499998923391
1789658956.888201,5.556500000238884
1789658956.8885174,5.238999998255167
1789658956.888844,5.077900001197122
1789658956.8892229,3.4969000007549766
1789658956.8900664,5.160000000614673
1789658956.8904207,3.402899998036446
1789658956.8907337,3.4984000012627803
1789658956.8908558,2.650599999469705
1789658956.8919272,2.696699997613905
1789658956.8923802,3.8574999998672865
1789658956.8931947,6.009400000039022
1789658956.8933573,5.47270000242861
1789658956.8934019,2.9756000003544614
1789658956.8934414,4.593200003000675
1789658956.8940809,3.3411999975214712
1789658956.8941019,2.168799997889437
1789658956.8942475,3.3874000000650994
1789658956.8946695,4.59699999919394
1789658956.895194,7.056400998408208
1789658956.8965302,1.8544009981269483
1789658956.8971658,3.956900996854529
1789658956.8980553,3.9680010013398714
1789658956.8983445,4.2375010016257875
1789658956.8984344,5.028201001550769
1789658956.8986013,6.216901001607766
1789658956.8992898,5.8417010004632175
1789658956.899414,6.049800998880528
1789658956.8998003,5.540100999496644
1789658956.9005213,5.3222999995341524
1789658956.901787,5.248999998002546
1789658956.9021344,2.7135999989695847
1789658956.9021719,3.7331999992602505
1789658956.9022152,4.154900001594797
1789658956.9026308,3.335299999889685
1789658956.9027915,4.442400000698399
1789658956.903068,4.461600001377519
1789658956.9033458,6.170399999973597
1789658956.9041533,3.6254000006010756
1789658956.9045043,4.699700002674945
1789658956.9050422,2.8227000002516434
1789658956.905797,3.1605999974999577
1789658956.9062383,4.4443999977374915
1789658956.9067934,4.654100001062034
1789658956.90707,3.719100001035258
1789658956.907213,5.036499998823274
1789658956.9075105,4.715099999884842
1789658956.9077752,4.701300000306219
1789658956.9084795,4.320200001529884
1789658956.9090555,3.252099999372149
1789658956.9093883,3.1440999991900753
1789658956.9096572,5.148000000190223
1789658956.9098063,4.759300001751399
1789658956.9101114,3.313400000479305
1789658956.9114466,4.226299999572802
1789658956.9119625,4.181000000244239
1789658956.9124646,3.4021999999822583
1789658956.9128258,4.33829999747104
1789658956.9136634,6.147100000816863
1789658956.913723,6.647300000622636
1789658956.9139104,3.793699997913791
1789658956.9139664,4.571699999360135
1789658956.9142308,4.4190000007802155
1789658956.914802,5.139100001542829
1789658956.9164276,4.972200000338489
1789658956.9167352,4.263999999238877
1789658956.9170265,3.296899998531444
1789658956.9170718,3.1559999988530762
1789658956.9176917,2.880899999581743
1789658956.9177454,5.7773000007728115
1789658956.9179006,5.06640000094194
1789658956.9187245,4.754000001412351
1789658956.91888,5.211100000451552
1789658956.9196053,5.36889999784762
1789658956.9203186,3.241300000809133
1789658956.9210584,3.3569000006536953
1789658956.9211788,4.14719999753288
1789658956.9213471,3.5968000011052936
1789658956.9219162,5.176099999516737
1789658956.921956,4.040899999381509
1789658956.9220157,5.5824999981268775
1789658956.9221616,3.432299999985844
1789658956.92248,3.59549999848241
1789658956.9235015,3.8917000019864645
1789658956.923678,3.3540000003995374
1789658956.923808,1.886899997771252
1789658956.9250338,2.865499998733867
1789658956.9253697,4.303400000935653
1789658956.9259667,2.4594999995315447
1789658956.926169,4.817200002435129
1789658956.9266665,4.181500000413507
1789658956.9268022,4.781999999977415
1789658956.927582,5.620899999485118
1789658956.9279015,6.718101001752075
1789658956.928696,5.011901001125807
1789658956.9292831,4.241000999172684
1789658956.9294057,3.231400998629397
1789658956.9295416,3.5687009985849727
1789658956.9300165,6.20150100075989
1789658956.9303234,4.948001002048841
1789658956.931504,3.5954000013589393
1789658956.9316854,4.097401000763057
1789658956.9317803,4.972701000951929
1789658956.9318566,5.184901001484832
1789658956.9331858,4.481599997234298
1789658956.9333696,4.077100002177758
1789658956.9336088,3.279099997598678
1789658956.9337034,3.680799996800488
1789658956.9343839,4.837199998291908
1789658956.9350107,5.598699997790391
1789658956.9352567,3.5667999982251786
1789658956.9362626,4.398900000524009
1789658956.9367187,3.5252000016043894
1789658956.9368372,5.0515000002633315
1789658956.9369273,3.313900000648573
1789658956.9369736,5.463900000904687
1789658956.9373128,3.9376000022457447
1789658956.9374437,3.7359000016294885
1789658956.938687,4.298100000596605
1789658956.9389226,3.906599999027094
1789658956.9396255,2.7825999968627
1789658956.940408,3.473599997960264
1789658956.9405932,3.144000002066605
1789658956.940745,4.021500000817468
1789658956.9413133,5.045300000347197
1789658956.941515,4.537099997833138
1789658956.9416702,6.4089999978023116
1789658956.941732,3.0404999997699633
1789658956.9420366,4.719599997770274
1789658956.943274,2.675199997611344
1789658956.9433117,4.3843000021297485
1789658956.9447825,4.029899999295594
1789658956.9449568,4.541199999948731
1789658956.9452393,3.7192000017967075
1789658956.9455109,3.8364000029105227
1789658956.9455705,5.940300001384458
1789658956.9456306,3.894200002832804
1789658956.9464467,4.401899997901637
1789658956.9475887,6.266799999139039
1789658956.9480176,4.700200002844213
1789658956.9485497,5.268599998089485
1789658956.9490895,2.6319999997213017
1789658956.949732,4.940899998473469
1789658956.9499993,5.036200000176905
1789658956.9503112,5.066999998234678
1789658956.9505599,4.984499999409309
1789658956.9512656,3.669199999421835
1789658956.9515932,6.076699999539414
1789658956.9529417,4.91610000244691
1789658956.9530895,4.533700001047691
1789658956.9531558,4.0593999983684625
1789658956.9532075,3.201799998350907
1789658956.953251,7.616099999722792
1789658956.9536812,3.941099999792641
1789658956.9545505,2.9517999973904807
1789658956.9546926,4.1282999991381075
1789658956.955143,4.827000000659609
1789658956.955858,2.1701000005123205
1789658956.9569454,5.671899998560548
1789658956.9572022,4.041000000142958
1789658956.9574635,4.25129999712226
1789658956.9575691,4.3139000008523
1789658956.957684,4.736900002171751
1789658956.9582963,5.202300002565607
1789658956.959,4.443499998160405
1789658956.9592433,4.095399999641813
1789658956.9595654,4.868500000156928
1789658956.960505,4.640000002837041
1789658956.9609191,3.4494009996706154
1789658956.9610412,3.4676010000112
1789658956.9611952,2.893100998335285
1789658956.9613888,4.436400999111356
1789658956.9623423,5.1342010010557715
1789658956.9624035,3.1558010014123283
1789658956.9626992,5.010401000618003
1789658956.9635499,3.0355010021594353
1789658956.9642174,4.64350100082811
1789658956.9644873,5.48070099830511
1789658956.9653711,4.4434000010369346
1789658956.9658175,4.770499999722233
1789658956.9664304,5.036400001699803
1789658956.9670212,3.463799999735784
1789658956.9673743,6.174199999804841
1789658956.9675994,5.191100000956794
1789658956.9679914,2.613300002849428
1789658956.9681408,3.9155000013124663
1789658956.9682765,5.929200000537094
1789658956.9696584,3.8296999991871417
1789658956.9697576,5.263699997158255
1789658956.970095,7.388800000626361
1789658956.971064,4.625100002158433
1789658956.9713237,3.717999999935273
1789658956.972209,5.182499997317791
1789658956.9723904,2.7231000021856744
1789658956.9725387,4.39370000094641
1789658956.9725811,4.300300002796575
1789658956.972713,5.3336999990278855
1789658956.972756,4.760100000567036
1789658956.9741914,3.1195000010484364
1789658956.9745026,4.740599997603567
1789658956.9748278,4.727699997602031
1789658956.9750762,2.4907000006351154
1789658956.975852,3.6375999989104457
1789658956.975901,3.357900000992231
1789658956.9766905,4.2954999989888165
1789658956.9769886,5.659300000843359
1789658956.977272,4.554000002826797
1789658956.9774706,3.2743000010668766
1789658956.9779115,2.054099997621961
1789658956.9783835,3.8759999988542404
1789658956.978554,3.7201999984972645
1789658956.9788487,6.0888999978487846
1789658956.9789364,3.8561000001209322
1789658956.9809546,3.4756999993987847
1789658956.9810743,5.168700001377147
1789658956.9811502,4.156199996941723
1789658956.981856,4.576700001052814
1789658956.982122,5.424399998446461
1789658956.9822938,4.37699999747565
1789658956.982476,4.088099998625694
1789658956.983036,4.182500000752043
1789658956.9835033,4.944399999658344
1789658956.9842987,3.3377999970980454
1789658956.9845333,5.592499997874256
1789658956.9857073,3.407700001844205
1789658956.98576,3.6306000001786742
1789658956.9860718,4.210300001432188
1789658956.9861612,5.006600000342587
1789658956.9868155,5.736099999921862
1789658956.9870718,2.7672000032907818
1789658956.9877994,4.289800002879929
1789658956.9880118,4.970999998477055
1789658956.988238,5.757299997640075
1789658956.9891527,4.614400000718888
1789658956.9893565,3.6437000017031096
1789658956.9895031,3.338000002258923
1789658956.9897685,4.002700003184145
1789658956.9908528,4.0303000023413915
1789658956.9910057,2.9891000012867153
1789658956.9915764,3.771000003325753
1789658956.992227,6.148399999801768
1789658956.9926612,5.583799997111782
1789658956.9928188,3.660499998659361
1789658956.9928603,4.617499998857966
1789658956.9929397,3.5778999990725424
1789658956.99394,4.431200999533758
1789658956.9945467,2.9637009974976536
1789658956.9946399,4.865301001700573
1789658956.9950333,4.173200999503024
1789658956.995657,4.645100998459384
1789658956.9966424,3.813400999206351
1789658956.9972193,4.983901002560742
1789658956.9976282,4.956700999173336
1789658956.9977746,4.909101000521332
1789658956.99859,3.9428000018233433
1789658956.9989064,5.961301001661923
1789658956.9989908,3.9515999997092877
1789658956.9991386,3.474699999060249
1789658956.9992564,2.031299998634495
1789658956.9994016,4.849500001000706
1789658956.999614,5.668500001775101
1789658957.0010762,3.2948999978543725
1789658957.0017798,2.7832999985548668
1789658957.001901,5.248500001471257
1789658957.002072,2.665999996679602
1789658957.002507,3.362399998877663
1789658957.0026543,5.016999999497784
1789658957.0035884,4.677299999457318
1789658957.0039983,5.4009999985282775
1789658957.0041287,4.867699997703312
1789658957.0046713,2.764600001682993
1789658957.0049329,3.8502999996126164
1789658957.0058045,3.7268999985826667
1789658957.006463,1.7852999990282115
1789658957.0068355,3.24209999962477
1789658957.006984,4.472399999940535
1789658957.0070744,7.4553999984345865
1789658957.0073085,5.523899999388959
1789658957.0076728,5.014300000766525
1789658957.0093567,4.417600001033861
1789658957.0095434,3.7334999979066197
1789658957.0096903,2.8505000009317882
1789658957.0097384,3.2709999977669213
1789658957.0101023,5.967999997665174
1789658957.011121,7.117799999832641
1789658957.0113049,3.991899997345172
1789658957.011368,3.6906000023009256
1789658957.0118158,4.73739999870304
1789658957.0128908,3.5255000002507586
1789658957.0132554,3.559799999493407
1789658957.013537,3.4290000003238674
1789658957.0138192,6.8293000003905036
1789658957.013926,4.377499997644918
1789658957.0145314,4.788599999301368
1789658957.0148644,3.7378000015451107
1789658957.0152743,3.9613999979337677
1789658957.0161388,4.765600002428982
1789658957.0175292,4.626100002496969
1789658957.0176399,2.3564000002807006
1789658957.0178049,4.2620999993232545
1789658957.0182054,6.3848999998299405
1789658957.018725,5.461799999466166
1789658957.018898,5.073399999673711
1789658957.0191765,4.639999999199063
1789658957.019362,5.429799999546958
1789658957.0196583,3.5146000009262934
1789658957.0204217,5.552099999476923
1789658957.0213077,3.768400001717964
1789658957.0214577,3.813400002400158
1789658957.0228271,4.616400001395959
1789658957.0229053,4.0023999972618185
1789658957.022979,4.2501999996602535
1789658957.0230231,3.8418000003730413
1789658957.0231538,3.491400002531009
1789658957.0231931,5.383800002164207
1789658957.0238369,4.4703999992634635
1789658957.0247338,3.27119999928982
1789658957.0248935,3.581000000849599
1789658957.0258667,5.432099998870399
1789658957.026547,3.5617999965325
1789658957.0273094,4.1106010030489415
1789658957.0274084,4.250001002219506
1789658957.0275269,4.499701000895584
1789658957.0277028,4.7929009997460525
1789658957.028126,4.283801001292886
1789658957.0283163,3.4185010008513927
1789658957.0292861,6.452700999943772
1789658957.0294278,4.688901000918122
1789658957.0296621,3.786000997934025
1789658957.030806,3.2716000023356173
1789658957.0315385,4.123599999729777
1789658957.0316663,5.112601000291761
1789658957.0318851,4.177800001343712
1789658957.0320628,2.768799997284077
1789658957.0321965,4.065599998284597
1789658957.0322344,4.920300001685973
1789658957.034205,4.53410000045551
1789658957.0347495,2.8578000019479077
1789658957.034998,2.9300999995029997
1789658957.0351021,6.782100001146318
1789658957.0352275,3.026900001714239
1789658957.035348,5.915999998251209
1789658957.035467,3.2280999985232484
1789658957.0356834,4.01159999819356
1789658957.0364149,4.87040000007255
1789658957.0367026,5.890299999009585
1789658957.0376568,3.4450999992259312
1789658957.0392573,4.252099999575876
1789658957.0394382,4.331600001023617
1789658957.0395346,3.847299998597009
1789658957.0397189,4.964499999914551
1789658957.0398548,4.622600001312094
1789658957.0401676,4.696300002251519
1789658957.04021,3.7895999994361773
1789658957.0416317,6.277099997532787
1789658957.0417662,5.058400001871632
1789658957.0419612,4.298299998481525
1789658957.0421984,2.657499997440027
1789658957.0428445,2.6292999973520637
1789658957.0432372,3.513899999234127
1789658957.043383,3.940299997339025
1789658957.0435097,3.6509000019577798
1789658957.0440404,4.776900001161266
1789658957.0452385,3.466800000751391
1789658957.045922,3.714300000865478
1789658957.0459857,5.8132999984081835
1789658957.0460367,4.070499999215826
1789658957.0467994,3.5552000008465257
1789658957.0470147,3.4997000002476852
1789658957.047424,5.783600001450395
1789658957.0481718,5.320000000210712
1789658957.0484967,4.4500000003608875
1789658957.0490768,5.6887999999162275
1789658957.0496929,3.6504999989119824
1789658957.0502903,5.045199999585748
1789658957.0506012,4.669999998441199
1789658957.0506468,4.654899999877671
1789658957.0508657,3.4360999998170882
1789658957.0514219,4.399599998578196
1789658957.0524418,3.3589999984542374
1789658957.0525076,4.0043000008154195
1789658957.052723,4.543600000033621
1789658957.0532408,2.945600001112325
1789658957.0534842,6.678900001134025
1789658957.0539422,4.243200000928482
1789658957.0544841,3.8748999977542553
1789658957.0546625,4.010799999377923
1789658957.055373,2.644799998961389
1789658957.0558064,3.3576999994693324
1789658957.0559351,2.4456999999529216
1789658957.0563753,4.947400000673952
1789658957.0570219,6.151000001409557
1789658957.05709,4.577499999868451
1789658957.0575855,4.339600000093924
1789658957.0584,3.907199999957811
1789658957.0588286,3.449600000749342
1789658957.0592945,4.626400001143338
1789658957.0595055,5.558500000915956
1789658957.0596564,3.7015999987488613
1789658957.0605502,2.9590010017273016
1789658957.061037,4.009401000075741
1789658957.061232,4.852400998061057
1789658957.061461,5.649700997309992
1789658957.062839,4.432000998349395
1789658957.0634124,4.577101000904804
1789658957.063607,4.305301001295447
1789658957.0636768,4.008001000329386
1789658957.06382,3.262000001996057
1789658957.064969,7.87100100205862
1789658957.0652647,3.7986999996064696
1789658957.0655944,4.55109999893466
1789658957.0660322,3.184600001986837
1789658957.0663164,5.079600003227824
1789658957.0664046,2.9850000028091017
1789658957.066514,7.003201000770787
1789658957.0668082,2.9830999992555007
1789658957.067107,3.49399999686284
1789658957.068257,4.573700000037206
1789658957.0693858,4.405499999847962
1789658957.0695765,3.056599998672027
1789658957.0705156,4.106000000319909
1789658957.0708528,5.582399997365428
1789658957.071064,5.465300000651041
1789658957.0711057,3.993800000898773
1789658957.0711923,4.871400000411086
1789658957.0714855,3.223799998522736
1789658957.071621,5.582599998888327
1789658957.0724158,5.601699998805998
1789658957.072667,3.083299998252187
1789658957.0734377,2.915900000516558
1789658957.0734887,4.095100000995444
1789658957.074333,3.2207000003836583
1789658957.0748541,3.656699998828117
1789658957.0749214,3.296599999885075
1789658957.0754642,3.9743999986967538
1789658957.0759032,5.0445999986550305
1789658957.0764174,5.348700000467943
1789658957.0772889,3.794100000959588
1789658957.0776117,3.2713000000512693
1789658957.07794,5.265499999950407
1789658957.0782645,4.821700000320561
1789658957.078446,3.5873000015271828
1789658957.0784848,6.064299999707146
1789658957.0797412,4.27029999991646
1789658957.0804062,3.9794000003894325
1789658957.0806448,5.7164000027114525
1789658957.080751,4.842099999223137
1789658957.081714,3.4410000007483177
1789658957.0818489,4.232300001604017
1789658957.0821846,4.890000000159489
1789658957.082704,4.214199998386903
1789658957.0832536,5.306200000632089
1789658957.0834308,3.0167000004439615
1789658957.083797,5.346100002498133
1789658957.0843358,4.587299998092931
1789658957.084688,4.034900000988273
1789658957.0848129,3.0918999982532114
1789658957.0857458,4.987799999071285
1789658957.0863438,4.489099999773316
1789658957.0865233,4.324100002122577
1789658957.0865974,3.8878999985172413
1789658957.0868385,2.145299997209804
1789658957.0873322,4.070499999215826
1789658957.08789,4.087499997694977
1789658957.0884373,4.096399999980349
1789658957.0885978,5.162899997230852
1789658957.089409,2.880100000766106
1789658957.0899262,4.1735000013432
1789658957.0899782,5.160400000022491
1789658957.090704,3.365799999301089
1789658957.0910983,4.254499999660766
1789658957.091169,4.567300002236152
1789658957.0912552,4.906999998638639
1789658957.0918064,3.204399999958696
1789658957.0918517,3.9577000025019515
1789658957.0928934,3.4770009988278616
1789658957.0937345,5.291400997521123
1789658957.0938604,3.928100999473827
1789658957.0939882,4.0051010000752285
1789658957.094731,3.6264010013837833
1789658957.094775,3.6015010009577964
1789658957.0948744,3.6150010018900502
1789658957.0956006,4.89020100212656
1789658957.0963504,4.538400997262215
1789658957.0970097,5.148201002157293
1789658957.097085,4.18329999956768
1789658957.0978632,4.1229999987990595
1789658957.0981216,3.3413000019208994
1789658957.0986261,4.758099999889964
1789658957.099405,4.667400000471389
1789658957.099743,5.747600000177044
1789658957.1003745,2.505399999790825
1789658957.1005192,4.913799999485491
1789658957.1006231,5.743200003053062
1789658957.1006806,3.589699997974094
1789658957.1014304,3.3006999983626883
1789658957.101892,5.536199998459779
1789658957.1025295,3.89549999817973
1789658957.10276,5.741099997976562
1789658957.1033957,2.8719000001729
1789658957.1044152,4.665199998271419
1789658957.1047447,4.1152999983751215
1789658957.1050224,4.642900003091199
1789658957.1052954,3.859500000544358
1789658957.1053514,3.4541999993962236
1789658957.1056948,6.283800001256168
1789658957.106003,5.318200001056539
1789658957.1061323,3.5979999993287493
1789658957.1081357,3.7133000005269423
1789658957.1081877,4.787099998793565
1789658957.108328,2.9724999985774048
1789658957.108456,5.691800000931835
1789658957.1088057,3.1062999987625517
1789658957.1088655,4.116500000236556
1789658957.1089103,3.88310000198544
1789658957.109657,3.5071999991487246
1789658957.1104307,4.421599998750025
1789658957.1112072,5.90580000061891
1789658957.1115837,3.123099999356782
1789658957.1121342,3.2178000001295004
1789658957.112364,4.222299998218659
1789658957.1124136,4.080300001078285
1789658957.1126344,3.8230999998631887
1789658957.112797,4.604600002494408
1789658957.1140797,5.208300000958843
1789658957.1150699,2.427799998258706
1789658957.1152472,5.5750999999872874
1789658957.115323,4.109599998628255
1789658957.11553,5.091399998491397
1789658957.1161475,4.557799999020062
1789658957.1168697,4.450600001291605
1789658957.1170177,4.649399998015724
1789658957.1171813,4.379099998914171
1789658957.117449,5.309299998771166
1789658957.1186478,3.570099997887155
1789658957.118973,3.4368999986327253
1789658957.119151,3.8980000026640482
1789658957.1192858,3.957299999456154
1789658957.1196299,3.4763999974529725
1789658957.1199687,5.8836000025621615
1789658957.1207895,3.7671999998565298
1789658957.1215293,4.654500000469852
1789658957.121726,3.0708000012964476
1789658957.1218228,2.8426000026229303
1789658957.122147,2.8566000000864733
1789658957.1227903,3.634799999417737
1789658957.1233091,5.855900002643466
1789658957.1241949,4.559500001050765
1789658957.1245184,7.3321999989275355
1789658957.125087,3.2570000003033783
1789658957.1251605,5.186599999433383
1789658957.125203,4.408699998748489
1789658957.125402,3.6705000020447187
1789658957.126252,4.717301002528984
1789658957.12646,4.308201001549605
1789658957.1267238,3.927601002942538
1789658957.127515,4.201501000352437
1789658957.127685,3.4855010017054155
1789658957.1286323,3.4221009991597384
1789658957.1292005,3.7905009994574357
1789658957.1293888,4.864700997131877
1789658957.1294672,4.375501001049997
1789658957.1297736,3.516299999319017
1789658957.130174,3.4435999987181276
1789658957.1309881,5.820500999107026
1789658957.1319454,5.474699999467703
1789658957.1327174,5.026399998314446
1789658957.1329296,5.408799999713665
1789658957.1330266,4.387599998153746
1789658957.1333547,3.9603000004717615
1789658957.1335158,4.307899998821085
1789658957.133823,3.642199997557327
1789658957.1345136,5.041399999754503
1789658957.1349728,3.977700001996709
1789658957.1351745,5.39559999742778
1789658957.1358604,2.9247999991639517
1789658957.136182,3.458799998043105
1789658957.1370702,3.708200001710793
1789658957.138078,4.248200002621161
1789658957.1383586,3.1778000011399854
1789658957.1385808,5.549800000153482
1789658957.1387262,2.8606000014406163
1789658957.1395197,7.563999999547377
1789658957.1396782,6.158200001664227
1789658957.1399133,3.7260999997670297
1789658957.140722,6.203000000823522
1789658957.1411548,4.07660000200849
1789658957.1416082,3.2434999993711244
1789658957.1420128,2.4861999991117045
1789658957.1423428,7.365499997831648
1789658957.1425374,3.952499999286374
1789658957.1428409,4.757399998197798
1789658957.1429987,3.3159000013256446
1789658957.1437743,5.036800001107622
1789658957.1442943,4.376499997306382
1789658957.1452441,3.2256000013148878
1789658957.1456625,3.3145000015792903
1789658957.1457603,5.034000001614913
1789658957.1458805,4.26789999983157
1789658957.146174,3.328200000396464
1789658957.147392,6.229200000234414
1789658957.1478336,3.5332000006746966
1789658957.1479647,4.186199999821838
1789658957.1482825,5.278800002997741
1789658957.148881,3.212700001313351
1789658957.1491184,3.231499998946674
1789658957.149856,4.6062999972491525
1789658957.1499066,7.356800000707153
1789658957.1500776,3.8988000014796853
1789658957.1508298,2.989799999340903
1789658957.1509438,5.178300001716707
1789658957.151105,3.706300001795171
1789658957.1526763,3.789499998674728
1789658957.152919,3.0079999996814877
1789658957.1530652,5.095299999084091
1789658957.1535814,3.4993999979633372
1789658957.1537495,2.9144000000087544
1789658957.1540265,5.738899999414571
1789658957.1542432,5.118099998071557
1789658957.154794,4.932899999403162
1789658957.1551993,4.250799996952992
1789658957.1568425,5.730699998821365
1789658957.1571398,2.3403999985021073
1789658957.157355,3.3236000017495826
1789658957.1574435,4.372799998236587
1789658957.157513,4.83170000006794
1789658957.157702,3.9479000006394926
1789658957.158204,3.9559000033477787
1789658957.1585886,5.665399999998044
1789658957.1587126,5.12670000171056
1789658957.160173,3.0262010004662443
1789658957.1604104,2.8929010004503652
1789658957.1605892,3.141400997265009
1789658957.161276,3.569600998162059
1789658957.161346,6.142500998976175
1789658957.1620226,3.8130009997985326
1789658957.162529,5.67930099714431
1789658957.1632266,4.628701000910951
1789658957.1633685,4.650401002436411
1789658957.1643558,4.173000001173932
1789658957.164514,7.154101000196533
1789658957.1646643,3.3139999977720436
1789658957.1652403,4.822899998544017
1789658957.1656113,5.016399998567067
1789658957.1659184,2.544599999964703
1789658957.1661124,3.578100000595441
1789658957.1661458,4.118900000321446
1789658957.167001,3.7647999997716397
1789658957.167301,6.0196000013093
1789658957.1685796,3.3308000020042527
1789658957.1692405,4.720900000393158
1789658957.169292,4.9295999997411855
1789658957.1701589,4.231200000504032
1789658957.170327,4.176900001766626
1789658957.170579,5.909899999096524
1789658957.1710775,5.46060000124271
1789658957.171199,5.081799998151837
1789658957.1712842,4.2787999991560355
1789658957.1715949,3.00989999959711
1789658957.1718268,2.529299999878276
1789658957.1724567,5.149900000105845
1789658957.1731591,3.9133999998739455
1789658957.1734881,3.321000000141794
1789658957.1738727,2.273900001455331
1789658957.1740124,3.6809999983233865
1789658957.1743839,3.3016000015777536
1789658957.1757417,4.53669999842532
1789658957.1758196,3.9872999986982904
1789658957.1758583,5.273200000374345
1789658957.1765492,5.260899997665547
1789658957.1767724,4.311600001528859
1789658957.1770966,3.932400002668146
1789658957.1779492,3.930499999114545
1789658957.178158,3.768900001887232
1789658957.1786637,5.171099997824058
1789658957.179867,5.985499999951571
1789658957.180006,4.1416000021854416
1789658957.1802394,3.684799998154631
1789658957.181061,3.10189999800059
1789658957.1812127,5.465300000651041
1789658957.1816666,4.564300001220545
1789658957.1820796,3.9130999975895975
1789658957.1825376,6.712999998853775
1789658957.1827464,5.969900001218775
1789658957.1834931,4.823299997951835
1789658957.1838555,3.979199998866534
1789658957.184443,4.197599999315571
1789658957.1847706,4.7591999973519705
1789658957.1849298,3.8617999998677988
1789658957.1852088,3.9905000012367964
1789658957.1855412,3.8689000029989984
1789658957.1857464,3.6586999995051883
1789658957.1870885,4.545399999187794
1789658957.187166,4.41549999959534
1789658957.187308,2.860000000509899
1789658957.1884165,4.554499999358086
1789658957.1886456,2.8943000033905264
1789658957.1888797,3.9453000026696827
1789658957.1891727,4.397699998662574
1789658957.1893575,5.858099997567479
1789658957.1896553,4.441199998836964
1789658957.1901762,4.631100000551669
1789658957.19064,3.546799998730421
1789658957.19143,4.116799998882925
1789658957.192397,3.033300999959465
1789658957.1925833,5.412901002273429
1789658957.1927316,3.847601001325529
1789658957.1929226,4.501201001403388
1789658957.193144,4.493401000218
1789658957.1932619,2.6179010019404814
1789658957.1933746,3.1940010012476705
1789658957.1935394,4.361101000540657
1789658957.1945136,4.853700997045962
1789658957.1952858,2.549900000303751
1789658957.196291,3.6988000028941315
1789658957.1965778,3.4282000015082303
1789658957.197179,4.774799999722745
1789658957.1974046,3.860299999359995
1789658957.197948,6.512200998258777
1789658957.1985366,5.269600002065999
1789658957.1988733,2.2890000000188593
1789658957.1989307,3.6404999991646037
1789658957.1990716,4.5539000020653475
1789658957.1991036,6.176399998366833
1789658957.1991951,5.81640000018524
1789658957.2002707,3.9690999983577058
1789658957.2004623,3.277299998444505
1789658957.2011938,2.1153000016056467
1789658957.201621,3.66790000043693
1789658957.2018878,3.3456000019214116
1789658957.2020903,4.680500001995824
1789658957.203397,3.1191999987640884
1789658957.2038267,4.718000000139
1789658957.2040875,5.151599998498568
1789658957.2044396,5.55970000277739
1789658957.2054722,5.004300001019146
1789658957.2057505,6.551099999342114
1789658957.2060587,4.166800001257798
1789658957.2063248,4.230300000926945
1789658957.2064939,3.0890000016370323
1789658957.206586,4.959399997460423
1789658957.2067642,5.564200000662822
1789658957.2083035,4.469999999855645
1789658957.2084055,2.9276999994181097
1789658957.2085462,2.7911999968637247
1789658957.2089968,4.902900000161026
1789658957.209082,4.637400001229253
1789658957.2096417,3.0506000002787914
1789658957.2099593,3.460599997197278
1789658957.2104592,3.68960000196239
1789658957.2112246,5.16099999731523
1789658957.2115371,3.225599997676909
1789658957.2123003,3.297000002930872
1789658957.2126698,6.338499999401392
1789658957.21299,3.0260000021371525
1789658957.213103,4.693200000474462
1789658957.2132626,3.6160999989078846
1789658957.214497,5.945199998677708
1789658957.21466,1.9815999985439703
1789658957.214917,5.8279000004404224
1789658957.2153888,4.922899999655783
1789658957.2156594,4.1168999996443745
1789658957.216337,5.10750000103144
1789658957.216573,3.464100002020132
1789658957.2172832,4.014800000732066
1789658957.2173698,4.374799998913659
1789658957.2178555,3.352300002006814
1789658957.218157,3.4908000016002916
1789658957.2183647,6.0582000005524606
1789658957.219266,3.8715000009688083
1789658957.2193856,3.721400000358699
1789658957.2196906,2.316499998414656
1789658957.220206,5.282699999952456
1789658957.2212982,2.9273999971337616
1789658957.221562,4.273700000339886
1789658957.2217844,3.6225000003469177
1789658957.2222536,5.91070000155014
1789658957.2222974,4.436300001543714
1789658957.2224271,3.1564000018988736
1789658957.2224994,5.921500000113156
1789658957.2238197,4.4202999997651204
1789658957.224138,4.442900000867667
1789658957.2251396,3.8352010014932603
1789658957.2252672,3.7004009973315988
1789658957.2253308,2.899201001127949
1789658957.225714,5.501101000845665
1789658957.2264876,4.698101001849864
1789658957.22679,4.531301001406973
1789658957.226904,4.400400997838005
1789658957.2271283,2.984500999446027
1789658957.22758,5.277501000819029
1789658957.2280962,4.269801000191364
1789658957.229338,4.1882000004989095
1789658957.229583,3.86140000045998
1789658957.230193,4.91880000117817
1789658957.2304223,5.086299999675248
1789658957.2311,3.9668999997957144
1789658957.231831,5.033400000684196
1789658957.2323864,2.796400000079302
1789658957.2324536,5.54539999939152
1789658957.232635,4.533700001047691
1789658957.2327828,5.198500002734363
1789658957.2329519,6.4598999997542705
1789658957.233219,3.872699999192264
1789658957.23402,3.8194000007933937
1789658957.2348194,3.7116999992576893
1789658957.235623,3.7837999989278615
1789658957.2357852,3.393399998458335
1789658957.2359283,5.500900002516573
1789658957.2360203,3.233100000215927
1789658957.2364392,3.483199998299824
1789658957.236843,3.6201000002620276
1789658957.2369394,4.298699997889344
1789658957.237623,5.161900000530295
1789658957.237965,2.17500000144355
1789658957.238423,3.5984000023745466
1789658957.2395275,3.0823999986751005
1789658957.2396019,3.9738000014040153
1789658957.2403116,6.28589999905671
1789658957.2404728,2.8428999976313207
1789658957.2408235,4.798800000571646
1789658957.2413383,5.4009999985282775
1789658957.242193,3.7651999991794582
1789658957.242413,4.443699999683304
1789658957.2424726,5.528800000320189
1789658957.2427104,3.1041000002005603
1789658957.2430747,2.597599999717204
1789658957.2433536,6.5068000003520865
1789658957.2445214,4.9869000031321775
1789658957.2446527,4.336300000431947
1789658957.2449985,4.168499999650521
1789658957.245135,3.7892000000283588
1789658957.245897,3.419399999984307
1789658957.2465513,3.190500003256602
1789658957.2467837,4.365799999504816
1789658957.2468905,3.8117000003694557
1789658957.2474174,4.702199999883305
1789658957.2482605,6.059600000298815
1789658957.2489755,4.447699997399468
1789658957.2490444,4.039600000396604
1789658957.2492754,2.718200001254445
1789658957.2493818,4.723699999885866
1789658957.2498481,3.946200002246769
1789658957.249968,4.828599998290883
1789658957.2507372,3.9475999983551446
1789658957.2521052,5.20909999977448
1789658957.252366,4.941200000757817
1789658957.2531385,4.869500000495464
1789658957.2535224,4.540500001894543
1789658957.2537022,4.422199999680743
1789658957.254275,4.421499997988576
1789658957.2543478,5.297499999869615
1789658957.2546842,5.29659999665455
1789658957.2549977,5.023399997298839
1789658957.2553296,4.586099999869475
1789658957.2557404,3.627900001447415
1789658957.2567074,3.56120000287774
1789658957.2573555,3.827399999863701
1789658957.257731,4.023299999971641
1789658957.2577958,3.4427999999024905
1789658957.25796,2.9558009991887957
1789658957.2580068,5.63320099900011
1789658957.2585514,2.806200998747954
1789658957.2586577,4.3771009986812714
1789658957.2600894,4.753401000925805
1789658957.2612145,3.4770010024658404
1789658957.2613688,4.653601001336938
1789658957.2614138,3.6134010006207973
1789658957.2614594,6.768700997781707
1789658957.2616718,3.7062000010337215
1789658957.2619102,3.8984999991953373
1789658957.2621553,4.794600998138776
1789658957.2629087,4.351300001872005
1789658957.2632387,4.574899998260662
1789658957.2634606,3.3655000006547198
1789658957.264909,3.5329000020283274
1789658957.2658634,3.7015999987488613
1789658957.2660687,4.650499999115709
1789658957.2662742,3.3599000016693026
1789658957.2665358,5.070999999588821
1789658957.2667897,4.874800000834512
1789658957.2670467,5.826500000694068
1789658957.2673671,5.690499998308951
1789658957.2676122,4.36719999925117
1789658957.2681909,4.724599999462953
1789658957.2684627,2.59369999912451
1789658957.2692454,2.965700001368532
1789658957.2701771,3.6345999978948385
1789658957.2704017,5.485999998199986
1789658957.2709587,3.907500002242159
1789658957.2710874,3.715900002134731
1789658957.271202,5.128999997396022
1789658957.2713835,4.589100000885082
1789658957.2721913,4.572700003336649
1789658957.272315,1.9091000031039584
1789658957.2732105,3.9595000016561244
1789658957.2734153,5.219700000452576
1789658957.2737982,3.615400000853697
1789658957.2749324,3.7235999989206903
1789658957.2751346,6.664999997155974
1789658957.2754045,3.0846000008750707
1789658957.2758126,3.6160999989078846
1789658957.2759297,4.966800002875971
1789658957.2760112,4.919699997117277
1789658957.2769005,5.512499999895226
1789658957.2769887,3.7726999980804976
1789658957.2777853,4.3643999997584615
1789658957.2793925,3.5721000022022054
1789658957.2796392,4.50020000062068
1789658957.279758,4.338800001278287
1789658957.2798977,6.095000000641448
1789658957.2801967,5.2570999978343025
1789658957.2804,4.46630000078585
1789658957.280521,4.50519999867538
1789658957.2811494,4.156000002694782
1789658957.2814775,4.571500001475215
1789658957.283081,5.287199997837888
1789658957.2836888,3.4838999999919906
1789658957.2837908,4.146399998717243
1789658957.284082,4.682800001319265
1789658957.284141,4.377600002044346
1789658957.2842607,4.358599999250146
1789658957.2843692,3.2141000010597054
1789658957.28494,4.414200000610435
1789658957.2856889,4.205900000670226
1789658957.2859976,2.9108000017004088
1789658957.2861273,5.721800000173971
1789658957.2872593,2.993300000525778
1789658957.287404,3.317900002002716
1789658957.2875237,3.829799999948591
1789658957.2890034,4.054000000905944
1789658957.2891498,5.353900000045542
1789658957.2896903,5.5448999992222525
1789658957.290147,5.773400000180118
1789658957.290445,3.1791000001248904
1789658957.2904894,4.3578000004345085
1789658957.2911246,5.430901001091115
1789658957.2911644,5.162301000382286
1789658957.2912843,3.8753010012442246
1789658957.2924697,4.93870100035565
1789658957.2932665,4.1103010007645935
1789658957.2941034,2.933100000518607
1789658957.2944217,3.1321999995270744
1789658957.2948084,5.113300998345949
1789658957.2949173,4.765301000588806
1789658957.2951171,6.1059010004100855
1789658957.2955587,5.065200999524677
1789658957.2957985,5.348701000912115
1789658957.296003,4.8733999974501785
1789658957.2965968,4.118799999559997
1789658957.297409,4.134300001169322
1789658957.2983603,3.433699999732198
1789658957.298518,3.7035000023024622
1789658957.2987256,4.61649999851943
1789658957.2994878,5.059800001617987
1789658957.2997127,3.908999999111984
1789658957.300003,4.439000000274973
1789658957.300653,5.5298000006587245
1789658957.301184,5.175599999347469
1789658957.3013413,3.9247999993676785
1789658957.3014677,4.864300000917865
1789658957.3027618,3.0430000006163027
1789658957.3029282,4.561000001558568
1789658957.303014,4.4904000023962
1789658957.303192,4.46150000061607
1789658957.3038158,3.80589999986114
1789658957.3044171,3.7508999994315673
1789658957.305081,3.89069999800995
1789658957.3058095,4.46150000061607
1789658957.3061593,6.665900000371039
1789658957.3063724,4.89969999762252
1789658957.3067107,3.9428000018233433
1789658957.306764,3.567700001440244
1789658957.3072457,2.8239999992365483
1789658957.307321,4.388500001368811
1789658957.3079414,4.12040000082925
1789658957.3081317,5.105600001115818
1789658957.3094528,2.6829000016732607
1789658957.310335,5.24760000189417
1789658957.310425,4.261300000507617
1789658957.3106165,4.239599998982158
1789658957.310661,3.945100001146784
1789658957.310958,5.143400001543341
1789658957.3112838,3.956699998525437
1789658957.3114324,3.296400002000155
1789658957.3119757,4.029899999295594
1789658957.312203,4.95240000236663
1789658957.3131723,3.7110000012035016
1789658957.3139536,3.520600002957508
1789658957.314434,2.996200000779936
1789658957.3151057,3.8160999974934384
1789658957.315619,4.950800001097377
1789658957.315772,5.15100000120583
1789658957.3158967,5.556700001761783
1789658957.3166544,3.473400000075344
1789658957.3168912,5.929200000537094
1789658957.3172035,5.223399999522371
1789658957.3173032,3.3432000018365216
1789658957.3179395,5.731000001105713
1789658957.3182702,3.829299999779323
1789658957.3190722,3.2946999999694526
1789658957.3194892,3.8644000014755875
1789658957.319771,3.870100001222454
1789658957.3200943,4.983300001185853
1789658957.32163,3.680899997561937
1789658957.3220348,3.758800001378404
1789658957.3223033,2.2040000003471505
1789658957.322359,5.4502999992109835
1789658957.3224742,5.166300001292257
1789658957.3226137,3.537000000505941
1789658957.3227015,6.039500000042608
1789658957.3230617,3.5671000005095266
1789658957.3237963,6.582500001968583
1789658957.3256843,4.043101002025651
1789658957.3259885,3.3678010004223324
1789658957.3263621,3.9955009997356683
1789658957.3265183,4.209000999253476
1789658957.3265646,3.8580010004807264
1789658957.326755,6.978801000514068
1789658957.3270767,3.27150100201834
1789658957.327396,4.916501002298901
1789658957.3282936,6.25270099772024
1789658957.3286605,2.9682000022148713
1789658957.3304622,3.056800000194926
1789658957.3307092,4.185400001006201
1789658957.330836,4.265999999915948
1789658957.3309944,4.997600000933744
1789658957.3310592,7.990000998688629
1789658957.3318543,5.481899999722373
1789658957.3320343,3.3674999976938125
1789658957.332079,5.31799999953364
1789658957.3321996,5.118700002640253
1789658957.3333437,2.872699998988537
1789658957.3340096,2.1462000004248694
1789658957.3342814,3.5663000016938895
1789658957.334459,6.159199998364784
1789658957.3352258,4.22699999762699
1789658957.3352883,3.0742000017198734
1789658957.335448,3.4071999980369583
1789658957.3361235,5.282900001475355
1789658957.3362677,4.183699998975499
1789658957.3368375,5.758100000093691
1789658957.3378167,3.35099999938393
1789658957.3381648,4.149899999902118
1789658957.3386831,5.333199998858618
1789658957.3393095,5.022199999075383
1789658957.339566,4.112599999643862
1789658957.3396564,4.425900002388516
1789658957.3397474,2.9049000004306436
1789658957.340027,2.2050000006856862
1789658957.3402338,4.940800001349999
1789658957.341825,5.551400001422735
1789658957.3421276,3.9566000014019664
1789658957.3423352,2.763500000583008
1789658957.3428016,6.673500000033528
1789658957.342893,3.2322000006388407
1789658957.342956,4.268100001354469
1789658957.3431072,3.792700001213234
1789658957.3431394,3.387799999472918
1789658957.3438177,3.5795000003417954
1789658957.3448799,4.847200001677265
1789658957.346453,3.337699999974575
1789658957.3467307,3.5827000028803013
1789658957.3468003,3.903199998603668
1789658957.3471963,4.235600001265993
1789658957.3474405,5.306999999447726
1789658957.347753,4.945600001519779
1789658957.347893,6.061900003260234
1789658957.34827,4.446099999768194
1789658957.3490143,6.673599997156998
1789658957.3493452,4.460899999685353
1789658957.3506413,4.178400002274429
1789658957.3511677,3.9653000021644402
1789658957.351477,4.736999999295222
1789658957.351764,4.959199999575503
1789658957.3518245,4.379899997729808
1789658957.3520253,3.7497000012081116
1789658957.3521638,4.405600000609411
1789658957.3524563,4.559299999527866
1789658957.3529334,3.5834999980579596
1789658957.3548162,2.9838000009476673
1789658957.3549776,5.955299999186536
1789658957.3552637,2.8028999986418057
1789658957.3553338,4.160799999226583
1789658957.3554728,3.9916000023367815
1789658957.355602,3.4342999970249366
1789658957.3560545,4.025199999887263
1789658957.3565137,5.866200001037214
1789658957.3574615,5.693000999599462
1789658957.358604,3.124201000900939
1789658957.358673,3.690401001222199
1789658957.3591025,4.28050100163091
1789658957.3591812,6.243501000426477
1789658957.3595333,3.9272009998967405
1789658957.3596654,3.146101000311319
1789658957.3599467,4.608801002177643
1789658957.359994,3.9351010018435773
1789658957.3602505,4.982501002814388
1789658957.3611512,3.6840000029769726
1789658957.362589,3.4791000034601893
1789658957.3626873,4.0067000009003095
1789658957.3630593,3.059800001210533
1789658957.3633485,3.677400000015041
1789658957.3634005,4.790099999809172
1789658957.363856,4.670099999202648
1789658957.3641398,4.600299998855917
1789658957.3647609,3.602400000090711
1789658957.3654988,5.544800002098782
1789658957.3657084,5.453099998703692
1789658957.3662796,3.587100000004284
1789658957.3670633,3.995700000814395
1789658957.3679042,4.497300000366522
1789658957.3681867,3.4201999987999443
1789658957.3688192,3.1051999976625666
1789658957.3689342,5.073399999673711
1789658957.3691435,5.7887000002665445
1789658957.3694694,5.3222999995341524
1789658957.3698041,2.7350000018486753
1789658957.3698378,3.5535999995772727
1789658957.3701322,4.590100001223618
1789658957.3703337,7.738799999060575
1789658957.3707693,2.5773999986995477
1789658957.3715096,3.5982999979751185
1789658957.3731167,3.638700000010431
1789658957.3732638,4.113400002097478
1789658957.3737354,3.594800000428222
1789658957.373954,5.129900000611087
1789658957.374324,3.550500001438195
1789658957.374414,5.474900000990601
1789658957.37505,3.53509999695234
1789658957.375301,5.45830000191927
1789658957.3756332,5.2949999990232754
1789658957.3758187,6.009000000631204
1789658957.377164,3.8937999997870065
1789658957.377357,3.3977999992202967
1789658957.3777657,3.3470999987912364
1789658957.3778768,4.135299997869879
1789658957.378016,4.893400000582915
1789658957.3785455,4.216600002109772
1789658957.3795364,3.891500000463566
1789658957.3801694,4.860400000325171
1789658957.380549,3.378500001417706
1789658957.3805978,5.542300001252443
1789658957.380793,4.969000001437962
1789658957.381894,3.8648999980068766
1789658957.3823128,4.948800000420306
1789658957.3825004,2.952700000605546
1789658957.382571,4.800400001840899
1789658957.3838067,3.6273000005166978
1789658957.3841593,6.276700001762947
1789658957.3842077,2.302500000951113
1789658957.3848197,2.243599999928847
1789658957.3848808,6.331100001261802
1789658957.3852692,4.665100001147948
1789658957.385823,3.5045000004174653
1789658957.3860762,5.5228999990504235
1789658957.38756,3.7437999999383464
1789658957.3877542,6.954600001336075
1789658957.3878772,5.371999999624677
1789658957.3880835,3.918800000974443
1789658957.3881814,3.9695999985269736
1789658957.3883026,3.4788000011758413
1789658957.3888724,3.9872999986982904
1789658957.3905096,5.233600997598842
1789658957.3907726,3.0116009984340053
1789658957.3911834,5.102000999613665
1789658957.3913205,3.2329009991372004
1789658957.3916216,5.793900996650336
1789658957.3922896,3.9823010010877624
1789658957.3923287,3.4521010020398535
1789658957.3925068,4.940400998748373
1789658957.3926866,4.501000999880489
1789658957.3936405,2.861000000848435
1789658957.3939924,6.110101003287127
1789658957.394732,4.216600002109772
1789658957.3949513,3.6252999998396263
1789658957.3956053,3.9735999998811167
1789658957.3965008,3.984299997682683
1789658957.3968532,4.552400001557544
1789658957.3972833,4.949499998474494
1789658957.3976235,3.624899996793829
1789658957.3979337,5.242400002316572
1789658957.3981733,4.523999999946682
1789658957.3987062,7.513000000471948
1789658957.3992844,2.422200002911268
1789658957.399626,4.669299996749032
1789658957.4001071,3.59750000279746
1789658957.4003665,5.63010000041686
1789658957.400983,3.6937000004400034
1789658957.4011068,5.486499998369254
1789658957.4013367,3.7075000000186265
1789658957.4023337,4.15439999778755
1789658957.4028065,4.867700001341291
1789658957.4029253,4.209900002024369
1789658957.4034014,4.109200002858415
1789658957.404046,3.674999999930151
1789658957.4040852,3.0978000031609554
1789658957.4047067,4.5939000010548625
1789658957.4047923,5.161299999599578
1789658957.4055798,4.237000001012348
1789658957.4057708,4.658999998355284
1789658957.405911,3.1000999988464173
1789658957.4065022,4.16390000100364
1789658957.4069788,4.0479999988747295
1789658957.407883,3.7918000016361475
1789658957.408378,4.968699999153614
1789658957.4084923,4.441699999006232
1789658957.4086328,3.835899999103276
1789658957.408766,4.0549000004830305
1789658957.4096494,3.1400000007124618
1789658957.4103043,4.525200001808116
1789658957.4107633,3.778599999350263
1789658957.411555,5.968000001303153
1789658957.4118087,5.89360000230954
1789658957.4121196,3.7377000007836614
1789658957.413156,4.515000000537839
1789658957.413759,4.98410000000149
1789658957.4140024,5.505400000402005
1789658957.4141057,6.217400001332862
1789658957.4142592,4.603900000802241
1789658957.4142997,2.7384999993955716
1789658957.4149644,4.1959000009228475
1789658957.4154484,3.634699998656288
1789658957.4156477,5.336000001989305
1789658957.4167037,2.6937000002362765
1789658957.4172122,5.086900000605965
1789658957.4181793,2.72430000040913
1789658957.418284,4.1735999984666705
1789658957.4183488,3.3784000006562565
1789658957.4185653,4.302100001950748
1789658957.418969,3.3161999999720138
1789658957.4190292,4.724900001747301
1789658957.4190638,5.295200000546174
1789658957.4191225,5.957899997156346
1789658957.421442,4.723800000647316
1789658957.4219463,3.592100001696963
1789658957.4220693,3.035599998838734
1789658957.422245,3.957000000809785
1789658957.4222999,3.7222999999357853
1789658957.4228458,4.660499998863088
1789658957.4230678,5.849500998010626
1789658957.423317,4.344000997662079
1789658957.4248435,2.5344009991385974
1789658957.4250002,5.931601001066156
1789658957.4251525,3.698401000292506
1789658957.4251978,6.071000996598741
1789658957.4260054,3.756201000214787
1789658957.4262605,4.308400999434525
1789658957.4263818,4.308300998673076
1789658957.426745,3.6728000013681594
1789658957.4280062,5.153400998096913
1789658957.428225,3.3703000008245
1789658957.4283457,5.0245000020368025
1789658957.4285998,2.5905999973474536
1789658957.4297283,4.719700002169702
1789658957.4299946,4.790999999386258
1789658957.4303498,4.083899999386631
1789658957.4305675,3.816799999185605
1789658957.4310246,5.8666000004450325
1789658957.431256,3.2448999991174787
1789658957.4322639,4.032000000734115
1789658957.4323862,3.7817000011273194
1789658957.4330196,4.6689000009791926
1789658957.4332793,2.706300001591444
1789658957.4335275,7.141400001273723
1789658957.4340565,3.7016999995103106
1789658957.4341187,4.383299998153234
1789658957.435637,3.3652000020083506
1789658957.436087,4.823700000997633
1789658957.4362288,2.1056999976281077
1789658957.4363768,3.9863000019977335
1789658957.4369032,3.877699997246964
1789658957.4372094,3.9254000002983958
1789658957.4374413,6.410499998310115
1789658957.4377534,4.221000002871733
1789658957.4381104,4.048999999213265
1789658957.4382012,8.201500000723172
1789658957.440235,4.587700001138728
1789658957.4403584,4.124999999476131
1789658957.440739,2.9799000003549736
1789658957.440879,3.970999998273328
1789658957.4409924,3.5468999994918704
1789658957.4411063,2.9919999979028944
1789658957.4412215,4.840400000830414
1789658957.4415288,5.434899998363107
1789658957.4419408,4.72539999827859
1789658957.4439964,3.247100001317449
1789658957.4441826,3.819000001385575
1789658957.44427,3.1592999985150527
1789658957.4448798,3.8834000006318092
1789658957.4449182,6.712599999445956
1789658957.4450986,3.873800000292249
1789658957.4451382,4.896400001598522
1789658957.4460962,4.149100001086481
1789658957.4462562,5.372600000555394
1789658957.4471834,2.9938999978185166
1789658957.447471,2.5480000003881287
1789658957.4477384,6.199299998115748
1789658957.4483974,4.390199999761535
1789658957.4498982,3.7938999994366895
1789658957.4501004,2.908500002376968
1789658957.4502664,5.123899998579873
1789658957.450467,2.7236000023549423
1789658957.4509563,4.695399999036454
1789658957.4509966,6.112699997174786
1789658957.4510367,5.933799999183975
1789658957.4512982,7.023599999229191
1789658957.4515848,4.109299999981886
1789658957.4521399,2.2341999974742066
1789658957.4529214,4.517800000030547
1789658957.4531472,2.6755999970191624
1789658957.453869,3.761700001632562
1789658957.4546535,4.380999998829793
1789658957.4550204,4.059599999891361
1789658957.4552195,2.2926999990886543
1789658957.455503,4.502199997659773
1789658957.4558923,4.849299999477807
1789658957.4570222,5.718201002309797
1789658957.4572024,5.058101000031456
1789658957.4574614,4.308300998673076
1789658957.457739,3.8642010003968608
1789658957.4580321,2.8084010009479243
1789658957.4581447,6.555501000548247
1789658957.459584,4.922901000099955
1789658957.4600017,4.493100997933652
1789658957.460276,4.376801000034902
1789658957.4603343,5.308300998876803
1789658957.4604046,3.378000001248438
1789658957.4610572,3.3125000009022187
1789658957.4612362,3.770500003156485
1789658957.4618862,4.6791999993729405
1789658957.4631715,5.1318000005267095
1789658957.4637163,5.5644999993091915
1789658957.4638264,3.48659999872325
1789658957.463928,4.3374000015319325
1789658957.4643102,4.029100000479957
1789658957.4650767,4.6652000019093975
1789658957.4656959,4.631299998436589
1789658957.4660363,6.028600000718143
1789658957.4668424,3.663899999082787
1789658957.4674692,6.22780000048806
1789658957.4678128,5.921099997067358
1789658957.4680398,4.105500000150641
1789658957.4682837,4.451500000868691
1789658957.4684856,4.1702000016812235
1789658957.4687696,3.6864000030618627
1789658957.4688227,3.1206000021484215
1789658957.4690065,5.283800001052441
1789658957.470825,2.5349999996251427
1789658957.4710293,4.181600001174957
1789658957.4712753,3.800700000283541
1789658957.4716086,3.790299997490365
1789658957.47228,6.237500001589069
1789658957.4725823,3.5700000007636845
1789658957.4730911,4.263900002115406
1789658957.4737978,5.753999997978099
1789658957.4739542,5.1807999989250675
1789658957.4741921,5.701599999156315
1789658957.4744945,3.6641000006056856
1789658957.474953,3.3394999991287477
1789658957.474988,3.707700001541525
1789658957.4751737,4.1388999998162035
1789658957.4760926,3.501300001516938
1789658957.4767642,3.668400000606198
1789658957.4774969,5.2068000004510395
1789658957.478312,3.1316999993578065
1789658957.47853,4.571100002067396
1789658957.4791212,4.62090000291937
1789658957.479219,5.415100000391249
1789658957.479362,4.369800000858959
1789658957.4804866,5.524900003365474
1789658957.4807823,3.278600001067389
1789658957.4810336,4.9336000010953285
1789658957.4812434,4.474299999856157
1789658957.4815388,2.313299999514129
1789658957.4820971,2.7301999980409164
1789658957.4821882,3.8698999996995553
1789658957.4828603,4.325099998823134
1789658957.4829586,8.76090000019758
1789658957.4841166,4.987199998140568
1789658957.4842505,3.462799999397248
1789658957.4850383,3.4926000007544644
1789658957.4852138,4.7187000018311664
1789658957.4853628,4.324699999415316
1789658957.48588,3.686700001708232
1789658957.4863293,4.227299999911338
1789658957.4865515,5.302899997332133
1789658957.4873562,3.226400000130525
1789658957.4878502,3.594199999497505
1789658957.4878905,5.025700000260258
1789658957.488028,2.807999997457955
1789658957.488333,3.288399999291869
1789658957.4893994,3.515300999424653
1789658957.489598,6.63470099971164
1789658957.4906201,5.25070100047742
1789658957.4911373,3.771800998947583
1789658957.4911692,4.613200999301625
1789658957.4914412,3.546501000528224
1789658957.4917438,3.888901002937928
1789658957.4920282,3.9950009995664004
1789658957.4921458,5.810201000713278
1789658957.493428,3.8257000014709774
1789658957.4935045,4.100499998457963
1789658957.493648,5.3104010003153235
1789658957.4952328,3.483000000414904
1789658957.4956641,4.519199999776902
1789658957.4959805,3.947699999116594
1789658957.496071,5.445099999633385
1789658957.4961092,4.935299999488052
1789658957.496768,4.613699999026721
1789658957.497179,3.6688000000140164
1789658957.4975317,6.085999997594627
1789658957.497868,4.215400000248337
1789658957.4981012,2.861299999494804
1789658957.4982548,4.821200000151293
1789658957.5003111,4.321799999161158
1789658957.5004487,3.2637000003887806
1789658957.5005214,4.846799998631468
1789658957.500995,4.8814000001584645
1789658957.5010586,4.983099999662954
1789658957.5014658,4.691500002081739
1789658957.5016325,3.7602000011247583
1789658957.5018222,4.285399998479988
1789658957.5027864,4.6701999999640975
1789658957.5032406,4.979599998478079
1789658957.503302,2.8488999996625353
1789658957.5048254,4.504799999267561
1789658957.504912,4.385000000183936
1789658957.5050557,4.056599998875754
1789658957.5051956,3.5588999999163207
1789658957.5058916,4.062899999553338
1789658957.5064478,3.6542999987432268
1789658957.506928,5.457700000988552
1789658957.5070453,3.8004999987606425
1789658957.50764,6.575699997483753
1789658957.5080721,4.765900001075352
1789658957.5084116,3.3511000001453795
1789658957.5085757,3.743400000530528
1789658957.5094495,2.994499998749234
1789658957.5096273,4.70829999903799
1789658957.5097618,3.865300001052674
1789658957.5110357,5.8343000018794555
1789658957.5117579,3.680599998915568
1789658957.5118005,4.750399999466026
1789658957.5119224,4.989900000509806
1789658957.5122662,3.849699998681899
1789658957.512508,4.859900000155903
1789658957.5131476,4.566800002066884
1789658957.5134578,3.9995000006456394
1789658957.5138628,4.0960000005725306
1789658957.514096,4.46409999858588
1789658957.514736,3.6856000006082468
1789658957.515678,3.9128999997046776
1789658957.5161984,4.391299997223541
1789658957.516331,3.8151000007928815
1789658957.5167038,4.431199999089586
1789658957.51688,3.01210000179708
1789658957.517519,4.366400000435533
1789658957.5177438,5.817199999000877
1789658957.5178013,3.7009000006946735
1789658957.5186305,5.164800000784453
1789658957.5198023,5.058599999756552
1789658957.5200493,4.364199998235563
1789658957.5203102,3.425700000661891
1789658957.5206745,3.9658999994571786
1789658957.520898,3.3748000023479108
1789658957.521916,5.579600001510698
1789658957.5221577,4.351601000962546
1789658957.5222461,6.0412009988795035
1789658957.522712,4.963701001543086
1789658957.5238533,3.798000998358475
1789658957.5239182,3.238600998884067
1789658957.5240283,4.22010100010084
1789658957.524217,5.58220099992468
1789658957.5250757,4.173000997980125
1789658957.5254805,3.2291999996232335
1789658957.5255454,5.231101000390481
1789658957.526207,1.984700000321027
1789658957.5266929,4.530399997747736
1789658957.526826,4.905301000690088
1789658957.5270243,3.1011999999464024
1789658957.5274713,4.75430000005872
1789658957.5281081,4.248400000506081
1789658957.528641,4.607399998349138
1789658957.528778,3.2915000010689255
1789658957.5289154,3.8343999985954724
1789658957.5299497,3.11639999927138
1789658957.5302625,4.710900000645779
1789658957.5305407,4.327399998146575
1789658957.5315435,2.620100000058301
1789658957.5319018,4.869000000326196
1789658957.5327444,4.095599997526733
1789658957.5332046,5.727399999159388
1789658957.5334258,4.643599997507408
1789658957.533636,6.938800001080381
1789658957.5339408,5.827799999678973
1789658957.5342822,3.7374999992607627
1789658957.5346506,4.382199997053249
1789658957.534874,4.917300000670366
1789658957.535794,3.884100002323976
1789658957.5358489,4.29920000169659
1789658957.536955,3.523499999573687
1789658957.5371358,3.92660000215983
1789658957.537838,5.087400000775233
1789658957.538059,4.112099999474594
1789658957.5381312,3.4759000009216834
1789658957.5387568,5.115399999340298
1789658957.5390491,3.195400000549853
1789658957.539385,4.506599998421734
1789658957.5402548,5.967099998088088
1789658957.541304,4.161799999565119
1789658957.541466,5.6665999982215
1789658957.5416207,3.4845999980461784
1789658957.5416539,3.5889000027964357
1789658957.5418787,3.1175999974948354
1789658957.5421836,4.340999999840278
1789658957.543599,4.543600000033621
1789658957.543838,6.874300001072697
1789658957.544455,4.191800002445234
1789658957.5446885,3.378199999133358
1789658957.5454643,3.992999998445157
1789658957.545597,3.9714000013191253
1789658957.5456462,6.256699998630211
1789658957.5456955,3.8123999984236434
1789658957.545761,3.5730999989027623
1789658957.5458627,4.20480000320822
1789658957.5480268,2.3196000001917128
1789658957.5487654,4.919999999401625
1789658957.5489202,3.448499999649357
1789658957.5493305,3.5611999992397614
1789658957.5495033,4.8084999980346765
1789658957.5497549,4.15160000193282
1789658957.5502002,4.5495999984268565
1789658957.5504522,6.8469999969238415
1789658957.5506933,6.231100000150036
1789658957.5508552,4.988100001355633
1789658957.5514219,3.3849999999802094
1789658957.5519123,2.986399998917477
1789658957.552538,3.200000002834713
1789658957.5529869,4.214299999148352
1789658957.5534523,3.2470000005559996
1789658957.5536578,3.898500002833316
1789658957.5550907,4.629801002010936
1789658957.5554247,3.9956010004971176
1789658957.5556357,4.7759009976289235
1789658957.555749,5.051700998592423
1789658957.5560832,6.574800998350838
1789658957.5564528,4.536001000815304
1789658957.556687,3.230201000405941
1789658957.5567496,3.7573010013147723
1789658957.5577245,2.626000001328066
1789658957.5586581,6.114400999649661
1789658957.5588062,5.143900998518802
1789658957.5589123,2.8246000001672655
1789658957.5596936,4.26309999966179
1789658957.5600264,4.38650000069174
1789658957.5609293,4.174099998635938
1789658957.5610828,4.39149999874644
1789658957.5615385,5.08080000145128
1789658957.5617127,3.982700000051409
1789658957.5617533,5.9991000016452745
1789658957.5626297,3.707899999426445
1789658957.562749,3.9374999978463165
1789658957.5630567,4.3929999992542434
1789658957.5636575,3.9558000025863294
1789658957.5639696,3.937699999369215
1789658957.5647821,3.8438000010501128
1789658957.565903,4.183500001090579
1789658957.5660193,4.474800000025425
1789658957.5668304,4.188700000668177
1789658957.5669134,4.15919999795733
1789658957.567136,6.047899998520734
1789658957.5672448,4.1834999974526
1789658957.567524,3.85919999826001
1789658957.5675597,2.7698000012605917
1789658957.5683825,6.624300000112271
1789658957.5687551,4.780100000061793
1789658957.5698926,3.9830999994592275
1789658957.5701272,4.102099999727216
1789658957.5701861,3.26860000132001
1789658957.570615,3.777600002649706
1789658957.5711117,3.8612000025750604
1789658957.5712783,4.136700001254212
1789658957.5717072,4.143100002693245
1789658957.5719538,4.425700000865618
1789658957.572446,4.059499999129912
1789658957.573444,3.2516999999643303
1789658957.574064,5.302900000970112
1789658957.5743065,4.17389999711304
1789658957.5747097,3.5929000005126
1789658957.574744,4.124300001421943
1789658957.5751147,3.4035999997286126
1789658957.5756552,5.7577000006858725
1789658957.575862,3.904199998942204
1789658957.5760574,2.6082999975187704
1789658957.5763814,5.0979000006918795
1789658957.5769079,4.455700000107754
1789658957.577859,3.788199999689823
1789658957.5780506,3.739200001291465
1789658957.5781062,3.3578000002307817
1789658957.5784707,2.409199998510303
1789658957.5793657,4.243300001689931
1789658957.5799427,4.275799998140428
1789658957.5803907,4.522999999608146
1789658957.580661,3.747099999600323
1789658957.580871,4.485599998588441
1789658957.5815523,6.83759999810718
1789658957.581628,3.7641999988409225
1789658957.5826893,4.20279999889317
1789658957.583039,4.9266999994870275
1789658957.583554,3.6000000000058208
1789658957.5837004,4.32590000127675
1789658957.5837514,3.0849999966449104
1789658957.5843077,3.431499997532228
1789658957.5843987,4.002100002253428
1789658957.5854635,3.905600002326537
1789658957.5857139,7.658699996682117
1789658957.5859685,2.408199998171767
1789658957.5861087,4.475000001548324
1789658957.5868413,3.7948999997752253
1789658957.587432,3.6760000002686866
1789658957.587842,3.438399999140529
1789658957.5879116,5.21620000290568
1789658957.5880482,4.343001000961522
1789658957.58949,4.019900999992387
1789658957.5899365,5.623700999421999
1789658957.590079,4.36040099884849
1789658957.5907645,4.648801001167158
1789658957.591216,5.242001003352925
1789658957.5914178,3.5016010006074794
1789658957.5914657,4.02890099940123
1789658957.5917244,4.87590099874069
1789658957.592321,2.8253999989829026
1789658957.5925374,4.6906009993108455
1789658957.5934405,5.3870000010647345
1789658957.5938838,3.9412000005540904
1789658957.594357,3.1323000002885237
1789658957.5946288,4.544999999779975
1789658957.5948787,3.1501999983447604
1789658957.5949407,3.518400000757538
1789658957.5952785,4.506299999775365
1789658957.596092,4.6212000015657395
1789658957.5967166,4.388299999845913
1789658957.597041,3.150700002152007
1789658957.5983214,3.953600000386359
1789658957.5986433,3.696699997817632
1789658957.5989916,6.449500000599073
1789658957.599663,6.21589999718708
1789658957.5998013,4.918100003123982
1789658957.5999436,3.2214999991992954
1789658957.5999856,5.3523000024142675
1789658957.6002371,4.953900002874434
1789658957.6014094,5.309399999532616
1789658957.6018636,3.534100000251783
1789658957.601925,3.2762000009824988
1789658957.6021173,3.1216999996104278
1789658957.602935,5.887200000870507
1789658957.6031551,3.2074999980977736
1789658957.6037402,3.9322000011452474
1789658957.6042602,4.017700000986224
1789658957.6042943,4.627199999958975
1789658957.604526,3.1099999978323467
1789658957.6045566,4.566099996736739
1789658957.6050649,3.196800000296207
1789658957.6067464,4.62360000165063
1789658957.6070733,5.143799997313181
1789658957.6072962,3.549099998053862
1789658957.608089,3.5545999999158084
1789658957.6083016,5.361200001061661
1789658957.6087716,4.472199998417636
1789658957.6089149,3.845700000965735
1789658957.6090376,4.772899999807123
1789658957.609789,2.487599998858059
1789658957.610071,5.50939999811817
1789658957.610757,7.596799998282222
1789658957.6114342,4.3550000009418
1789658957.611543,4.791600000316976
1789658957.6119647,3.6574000005202834
1789658957.612212,3.435000002355082
1789658957.612358,3.3160999992105644
1789658957.6127825,3.861900000629248
1789658957.6130323,4.935099997965153
1789658957.6142812,2.7293999992252793
1789658957.6146486,4.852400001254864
1789658957.6151683,5.090499998914311
1789658957.6152377,3.7960000008752104
1789658957.6157541,4.992100002709776
1789658957.616326,3.535200001351768
1789658957.616572,4.209300001093652
1789658957.6167912,4.574000002321554
1789658957.6171029,2.813300001434982
1789658957.6175196,2.8655999994953163
1789658957.6179638,4.926300000079209
1789658957.618433,6.4628000000084285
1789658957.6193638,2.7869000005011912
1789658957.6198773,4.7024999985296745
1789658957.6201198,3.324199999042321
1789658957.6202052,3.8724000005458947
1789658957.6204221,5.179799998586532
1789658957.6204813,3.3741000006557442
1789658957.62141,3.8855009988765232
1789658957.6223664,2.995101000124123
1789658957.6226513,2.526601001591189
1789658957.6228733,4.435901002580067
1789658957.6237664,5.798101003165357
1789658957.6241157,3.9058010006556287
1789658957.6242878,8.527701000275556
1789658957.6243687,4.485100998863345
1789658957.624987,3.5724000008485746
1789658957.6253314,4.845000999921467
1789658957.6256342,2.7566999997361563
1789658957.6257634,3.107399999862537
1789658957.6261647,5.7384010033274535
1789658957.627653,3.878299998177681
1789658957.6277683,3.646400000434369
1789658957.6278176,5.444000002171379
1789658957.6284788,2.8383999997458886
1789658957.6286302,4.256600001099287
1789658957.6292467,3.9083999981812667
1789658957.629792,5.4955999985395465
1789658957.6301432,5.150199998752214
1789658957.6303968,4.227500001434237
1789658957.6316512,3.8233000013860874
1789658957.6319668,4.307300001528347
1789658957.6322484,3.764400000363821
1789658957.6323304,2.5313000005553477
1789658957.632372,6.604599999263883
1789658957.6336226,4.9849999995785765
1789658957.6341028,6.329100000584731
1789658957.6344554,4.3077000009361655
1789658957.6349506,5.698599998140708
1789658957.6354434,3.066599998419406
1789658957.6357334,3.4801000001607463
1789658957.635773,5.371400002331939
1789658957.6358593,3.524499999912223
1789658957.6361644,4.502899999351939
1789658957.6363316,4.359799997473601
1789658957.6370249,3.396299998712493
1789658957.6377032,3.24229999750969
1789658957.6387458,4.637499998352723
1789658957.6391642,3.714800001034746
1789658957.6396718,3.5020000032091048
1789658957.639866,4.910600000584964
1789658957.6403275,4.463200002646772
1789658957.640396,4.658699999708915
1789658957.641009,4.673299998103175
1789658957.6412282,5.45119999878807
1789658957.641314,3.6053000003448687
1789658957.6418598,4.8296999993908685
1789658957.6419165,3.165499998431187
1789658957.642784,3.614400000515161
1789658957.644073,3.7379999994300306
1789658957.644648,4.776100002345629
1789658957.644975,5.298199997923803
1789658957.6450233,4.009999996924307
1789658957.6455574,4.238699999405071
1789658957.6457517,3.884599998855265
1789658957.6458294,3.9077999972505495
1789658957.6461768,4.943899999489076
1789658957.6465068,6.105500000558095
1789658957.6473043,2.648999998200452
1789658957.6475687,4.779700000653975
1789658957.6487439,3.761699997994583
1789658957.649257,5.177200000616722
1789658957.6496944,4.665800002840115
1789658957.6500382,4.202300002361881
1789658957.6503222,3.809400001046015
1789658957.6504433,4.8806000013428275
1789658957.651241,3.6653999995905906
1789658957.6518087,6.051200001820689
1789658957.652117,5.935599998338148
1789658957.6525903,3.3265000020037405
1789658957.652729,2.2812999995949212
1789658957.6531518,4.401500002131797
1789658957.6533356,6.025400001817616
1789658957.6539352,3.608299997722497
1789658957.6545687,4.524501000560122
1789658957.654609,4.908000999421347
1789658957.655501,4.251301001204411
1789658957.6559746,3.8533010010723956
1789658957.6562667,4.453301000467036
1789658957.6571555,4.5547010013251565
1789658957.6573818,4.648900998290628
1789658957.6577249,4.5674009998037945
1789658957.658119,4.778500999236712
1789658957.6584253,4.485600999032613
1789658957.6589122,4.298799998650793
1789658957.6590426,4.469899999094196
1789658957.6596441,4.138200001762016
1789658957.6601217,2.9590000012831297
1789658957.660654,4.381800001283409
1789658957.6608176,4.838299999391893
1789658957.661438,3.0077000010351185
1789658957.6619632,4.233799998473842
1789658957.6620028,3.878900002746377
1789658957.6622088,3.15989999944577
1789658957.663614,2.7803000011772383
1789658957.6641617,2.7187999985471833
1789658957.6642148,6.828799996583257
1789658957.6643586,4.232899998896755
1789658957.6644304,5.51380000251811
1789658957.664549,4.900700001599034
1789658957.6649113,4.250599999068072
1789658957.6661212,3.902200001903111
1789658957.6668682,3.2460999973409344
1789658957.6675406,3.104600000369828
1789658957.6676672,5.660200000420446
1789658957.66803,6.062899999960791
1789658957.6681511,3.9311000000452623
1789658957.6682909,3.927800000383286
1789658957.668323,3.7698000014643185
1789658957.6690218,4.8534000015934
1789658957.6695487,4.6314999999594875
1789658957.6705933,3.718300002219621
1789658957.6709087,2.874600002542138
1789658957.6711438,5.0159999991592485
1789658957.6713696,3.6981999983254354
1789658957.671662,3.5052999992331024
1789658957.6722076,4.661899998609442
1789658957.6723573,4.030399999464862
1789658957.6724982,3.4712000015133526
1789658957.6734192,3.865599999699043
1789658957.6742415,5.94479999926989
1789658957.67471,3.335400000651134
1789658957.6748042,4.205500001262408
1789658957.6749818,4.068800000823103
1789658957.6761117,3.7480999999388587
1789658957.6761785,4.5123000018065795
1789658957.6762223,5.07360000119661
1789658957.6767995,4.586499999277294
1789658957.6772332,2.98560000010184
1789658957.67744,4.937099998642225
1789658957.6777196,4.294399997888831
1789658957.6783628,3.6475999986578245
1789658957.6786308,3.8206999997782987
1789658957.679274,3.1551000029139686
1789658957.6806407,4.408900000271387
1789658957.6807377,5.749299998569768
1789658957.6809764,4.792799998540431
1789658957.6817305,4.923800002870848
1789658957.6817772,3.140299999358831
1789658957.6822212,4.496500001550885
1789658957.682269,4.824200001166901
1789658957.6825125,4.144899998209439
1789658957.683131,5.893000001378823
1789658957.6841393,3.1563000011374243
1789658957.6844895,5.207900001551025
1789658957.6848223,4.077900000993395
1789658957.685806,4.0222999996331055
1789658957.686105,3.5867000005964655
1789658957.6866019,3.4653000002435874
1789658957.686825,6.175200000143377
1789658957.6871772,5.440000997623429
1789658957.6873808,2.5533010011713486
1789658957.68755,5.276800999126863
1789658957.68804,3.8957010001468007
1789658957.6880987,5.873000998690259
1789658957.6888783,4.383000999951037
1789658957.6901205,4.008400999737205
1789658957.6904511,3.269100001489278
1789658957.6908205,3.265600000304403
1789658957.6910582,3.014000001712702
1789658957.6911669,4.558901000564219
1789658957.6912615,4.432100999110844
1789658957.6913557,5.5434010027966
1789658957.691815,4.429999997228151
1789658957.6925821,4.479299997910857
1789658957.69301,4.125999999814667
1789658957.6940482,3.5907000019506086
1789658957.6948822,3.70900000052643
1789658957.695143,3.323400000226684
1789658957.6954975,5.37120000080904
1789658957.6956284,4.563900001812726
1789658957.6958072,4.445499998837477
1789658957.6960084,2.9924000009486917
1789658957.6964338,3.8449999992735684
1789658957.696851,6.025599999702536
1789658957.6976206,3.5633000006782822
1789658957.6977382,6.4635999988240656
1789658957.6984825,3.5911999984818976
1789658957.699229,3.722800000105053
1789658957.6996849,4.53630000265548
1789658957.6999567,3.9424999995389953
1789658957.7002337,4.59930000215536
1789658957.700473,2.846200000931276
1789658957.7005837,3.7280999968061224
1789658957.7014682,3.7239000012050383
1789658957.702135,6.308800002443604
1789658957.7025661,6.125599997176323
1789658957.7029204,2.6818000005732756
1789658957.703055,4.564799997751834
1789658957.7036028,3.0120999981591012
1789658957.7041745,4.483700002310798
1789658957.704318,4.356299999926705
1789658957.7050846,4.60689999817987
1789658957.7059178,4.441199998836964
1789658957.7061434,6.907499999215361
1789658957.7064614,3.536699998221593
1789658957.706696,4.55609999698936
1789658957.7072096,4.638499998691259
1789658957.7079506,4.341299998486647
1789658957.708155,3.832700000202749
1789658957.7082517,5.19229999918025
1789658957.7084293,3.340299997944385
1789658957.7093794,3.230399997846689
1789658957.7095897,5.40990000081365
1789658957.7107701,4.069600003276719
1789658957.7109854,5.060100000264356
1789658957.7111366,3.9227000015671365
1789658957.7117891,3.6290999996708706
1789658957.712182,2.7967999994871207
1789658957.7123482,5.8805999979085755
1789658957.7129397,4.681900001742179
1789658957.7132208,5.264599996735342
1789658957.7135603,3.9652999985264614
1789658957.7143428,5.907599999773083
1789658957.7155352,4.756800000905059
1789658957.7158625,4.870900000241818
1789658957.7159283,4.787099998793565
1789658957.7161055,3.752200002054451
1789658957.716454,3.227000001061242
1789658957.7164876,3.541999998560641
1789658957.7168894,4.701599998952588
1789658957.7171772,5.383499999879859
1789658957.7181456,4.5789999967382755
1789658957.7189963,3.1285000004572794
1789658957.7191978,4.849299999477807
1789658957.7195587,3.1000000017229468
1789658957.719835,3.3435000004828908
1789658957.7199,4.358400001365226
1789658957.7201214,4.011500997876283
1789658957.7201655,4.232500999933109
1789658957.7214131,4.517701003351249
1789658957.721736,3.5827009996864945
1789658957.722025,2.822100999765098
1789658957.722086,4.904001001705183
1789658957.7225065,2.942900999187259
1789658957.7235332,3.3600999995542224
1789658957.723733,4.731100998469628
1789658957.72389,3.986100997281028
1789658957.7245827,4.45659999968484
1789658957.7248094,4.970000998582691
1789658957.7251835,3.7650000012945384
1789658957.7253642,3.6223999995854683
1789658957.7266212,4.107800003112061
1789658957.7266736,4.583199999615317
1789658957.7270138,4.9845000030472875
1789658957.7277558,4.016899998532608
1789658957.7279904,4.095500000403263
1789658957.7283325,2.964100000099279
1789658957.7295022,4.911100000754232
1789658957.7297254,4.536299999017501
1789658957.729801,4.986700001609279
1789658957.7298756,6.3355999991472345
1789658957.730381,3.702900001371745
1789658957.7311158,3.355200002260972
1789658957.731455,4.433699999935925
1789658957.7324,4.400999998324551
1789658957.7326791,6.052299999282695
1789658957.733511,5.17290000061621
1789658957.7335973,4.087799999979325
1789658957.7338097,3.9294999987760093
1789658957.734225,4.419699998834403
1789658957.734878,5.146999999851687
1789658957.7353425,4.219499998725951
1789658957.7356439,4.179600000497885
1789658957.7358878,5.501100000401493
1789658957.7363756,3.9686000018264167
1789658957.7370224,4.338599999755388
1789658957.7372274,2.9973999990033917
1789658957.7373838,3.781300001719501
1789658957.7382042,4.687000000558328
1789658957.738345,4.530800000793533
1789658957.7391605,4.276100000424776
1789658957.7393446,3.694900002301438
1789658957.7394328,4.085200002009515
1789658957.7399256,2.897600003052503
1789658957.7406757,3.4420000010868534
1789658957.740997,5.10279999798513
1789658957.741133,2.783700001600664
1789658957.7417498,5.369600003177766
1789658957.7421384,4.74949999988894
1789658957.7428787,4.667900000640657
1789658957.7430966,2.415299997664988
1789658957.743721,4.283499998564366
1789658957.743906,3.974999999627471
1789658957.7446876,5.519900001672795
1789658957.7449968,5.64690000101109
1789658957.7458587,4.718699998193188
1789658957.746131,3.985400002420647
1789658957.746575,3.473099997790996
1789658957.7467113,5.709299999580253
1789658957.7472076,3.4802000009221956
1789658957.7475636,5.807300000014948
1789658957.7483237,3.317400001833448
1789658957.7488465,5.9624999994412065
1789658957.7496715,4.977500000677537
1789658957.7499466,3.807799999776762
1789658957.75002,4.155099999479717
1789658957.7502992,2.730400003201794
1789658957.7505906,4.009200001746649
1789658957.751031,3.817599998001242
1789658957.7512546,2.9230999971332494
1789658957.752709,5.9909000010520685
1789658957.7529461,9.033300000737654
1789658957.7536886,4.833601000427734
1789658957.754089,4.065100998559501
1789658957.7542055,4.529000998445554
1789658957.7543461,3.086501001234865
1789658957.7545164,4.21280099908472
1789658957.754646,3.6111010012973566
1789658957.7549298,4.978200999175897
1789658957.7549837,4.388600998936454
1789658957.75549,2.7756009985751007
1789658957.7565908,3.6405009996087756
1789658957.7575827,3.229799996915972
1789658957.7576816,3.4707000013440847
1789658957.758156,3.6340000006021
1789658957.7585561,4.461999997147359
1789658957.75865,3.9997999992920086
1789658957.758826,3.331399999296991
1789658957.7591171,4.18329999956768
1789658957.7591994,5.5041000014171
1789658957.759327,2.7315000006638
1789658957.7609625,5.972099999780767
1789658957.7621233,3.957499997341074
1789658957.7623754,4.78560000192374
1789658957.7625246,3.962499999033753
1789658957.763231,4.397899996547494
1789658957.7633557,5.6671000020287465
1789658957.7635386,4.417100000864593
1789658957.7635856,4.381300001114141
1789658957.7645586,3.5877000009350013
1789658957.7647414,6.086900000809692
1789658957.765197,5.863400001544505
1789658957.765823,3.687699998408789
1789658957.7662718,2.9105000030540396
1789658957.7668178,3.2724000011512544
1789658957.7673426,4.105299998627743
1789658957.7675061,4.976200001692632
1789658957.7682018,5.817799999931594
1789658957.7685132,4.9230000004172325
1789658957.7688265,4.080600003362633
1789658957.7690587,4.49549999757437
1789658957.7692473,4.042799999297131
1789658957.7701333,3.8548000011360273
1789658957.7703445,4.516199998761294
1789658957.7705982,3.0876999990141485
1789658957.7708876,3.540699999575736
1789658957.771351,4.5279000005393755
1789658957.771605,3.3967000017582905
1789658957.7730787,3.8236000000324566
1789658957.7733529,2.458499999193009
1789658957.7738905,5.371699997340329
1789658957.7740245,5.193299999518786
1789658957.774431,5.367400000977796
1789658957.7747762,3.1670000025769696
1789658957.7749612,4.358800000773044
1789658957.7750907,4.95250000312808
1789658957.7756765,4.3207000016991515
1789658957.7759047,5.554999999731081
1789658957.7765386,3.1799999997019768
1789658957.7767751,2.8788999989046715
1789658957.7770343,3.9489000009780284
1789658957.7783575,3.2596999990346376
1789658957.7790096,4.225500000757165
1789658957.7794836,2.93989999772748
1789658957.7796638,3.9824999985285103
1789658957.7797546,5.319899999449262
1789658957.779821,5.791799998405622
1789658957.7801397,5.1745000018854626
1789658957.7804303,3.649400001449976
1789658957.7815533,4.512299998168601
1789658957.7820666,6.154700000479352
1789658957.7822444,2.419000000372762
1789658957.7832506,4.8847999969439115
1789658957.7834933,4.4769999985874165
1789658957.7839336,4.444300000614021
1789658957.7840385,4.279400000086753
1789658957.7846668,4.230400001688395
1789658957.7848349,3.27580000157468
1789658957.7849529,5.28409999969881
1789658957.7851672,5.023199999413919
1789658957.7854974,3.247599997848738
1789658957.786439,4.365600998426089
1789658957.7871525,3.8964009982009884
1789658957.7877734,3.8347010013239924
1789658957.787917,4.418300999532221
1789658957.7879908,3.151501001411816
1789658957.7885396,3.3679010011837818
1789658957.7889502,4.2772009983309545
1789658957.789066,4.108600998733891
1789658957.789288,5.245101001492003
1789658957.7899842,3.539599998475751
1789658957.7902336,4.731601002276875
1789658957.7910233,3.2453999992867466
1789658957.791066,3.1440999991900753
1789658957.792375,3.4166000004915986
1789658957.792502,3.431500001170207
1789658957.7925339,5.376600001909537
1789658957.7930222,4.478099999687402
1789658957.7936215,4.328800001530908
1789658957.7942328,6.236100001842715
1789658957.794443,4.45439999748487
1789658957.7950785,4.83880000319914
1789658957.7956672,4.5955000023241155
1789658957.7958896,3.350700000737561
1789658957.7960973,3.7157000006118324
1789658957.79683,3.8021000000298955
1789658957.797036,6.007399999361951
1789658957.7979593,4.329999999754364
1789658957.7983892,5.881400000362191
1789658957.7990942,4.009599997516489
1789658957.799426,3.324500001326669
1789658957.7997,5.461400000058347
1789658957.800054,4.15919999795733
1789658957.8003564,5.909200001042336
1789658957.8004415,4.767600003106054
1789658957.8017752,4.7317000025941525
1789658957.802095,4.12769999820739
1789658957.8028145,4.418799999257317
1789658957.802888,3.7871000022278167
1789658957.8031275,6.291800000326475
1789658957.8035002,4.070099999808008
1789658957.8035333,3.172400000039488
1789658957.8036513,3.5925000011047814
1789658957.8052838,5.577799998718547
1789658957.8055263,2.6340000003983732
1789658957.8056154,5.169100000784965
1789658957.8064022,3.5816999989037868
1789658957.806519,4.419499997311505
1789658957.8066375,4.857399999309564
1789658957.806796,3.663400002551498
1789658957.807253,3.714999998919666
1789658957.8074453,3.7898999980825465
1789658957.8091097,5.602199998975266
1789658957.8092754,3.6545000002661254
1789658957.809585,2.7852999992319383
1789658957.8099775,4.688099998020334
1789658957.8102808,3.6392000001796987
1789658957.8103864,4.855600000155391
1789658957.8106675,4.259599998476915
1789658957.8112729,3.8232999977481086
1789658957.8116167,4.358900001534494
1789658957.8120341,5.508399997779634
1789658957.8129456,2.552900001319358
1789658957.8133838,4.099599998880876
1789658957.8136141,4.49559999833582
1789658957.813892,3.2199000015680213
1789658957.8143845,3.1054999999469146
1789658957.81469,4.404100000101607
1789658957.8151386,5.548400000407128
1789658957.8161907,6.207000002177665
1789658957.8166523,5.030399999668589
1789658957.8167858,3.1662000001233537
1789658957.8168557,3.9028000028338283
1789658957.817848,3.9503000007243827
1789658957.8180413,4.649799997423543
1789658957.818553,6.510299997898983
1789658957.8188229,4.433200003404636
1789658957.818971,3.826700001809513
1789658957.8195038,2.84570100120618
1789658957.8195498,4.853500999161042
1789658957.8200767,3.2857010010047816
1789658957.82151,2.949000998341944
1789658957.8216965,5.500400999153499
1789658957.821889,4.035500998725183
1789658957.8220565,4.010601001937175
1789658957.8223329,3.5053009996772744
1789658957.8224466,5.586701001448091
1789658957.8230395,4.063901000336045
1789658957.8241124,4.603599998517893
1789658957.8248093,2.747099999396596
1789658957.8249054,5.351599997084122
1789658957.825376,3.6725000027217902
1789658957.82562,5.53819999913685
1789658957.825862,3.524799998558592
1789658957.8261344,4.240199999912875
1789658957.8265433,5.027299997891532
1789658957.8268723,4.42059999841149
1789658957.8276465,3.528799999912735
1789658957.828032,3.1210999986797106
1789658957.828375,5.330399999365909
1789658957.8284433,2.8184999973746017
1789658957.829639,3.0836999976600055
1789658957.829927,5.111700000270503
1789658957.830502,4.6342000023287255
1789658957.8309288,4.789100003108615
1789658957.831308,5.923300002905307
1789658957.831899,3.449499999987893
1789658957.8320448,5.166999999346444
1789658957.8325155,4.135600000154227
1789658957.8328152,4.778200000146171
1789658957.8333392,3.40660000074422
1789658957.8340058,4.358499998488696
1789658957.8343577,6.705799998599105
1789658957.8344305,3.1161000006250106
1789658957.835298,4.789400001754984
1789658957.8359606,3.4398999996483326
1789658957.8360236,3.9742999979353044
1789658957.8361106,4.2061999993165955
1789658957.8370545,2.6188999981968664
1789658957.8371174,4.297899999073707
1789658957.8373797,6.44560000000638
1789658957.8379295,3.9176999998744577
1789658957.8380551,4.712000001745764
1789658957.8383012,3.936799999792129
1789658957.839415,3.299100000731414
1789658957.8397884,2.6666999983717687
1789658957.840433,5.126599997311132
1789658957.8407507,4.782899999554502
1789658957.840932,4.903299999568844
1789658957.8417766,4.392399998323526
1789658957.8420432,4.9825999994936865
1789658957.842137,3.831899997749133
1789658957.8423846,4.450699998415075
1789658957.843437,2.679000001080567
1789658957.843609,5.549499997869134
1789658957.8443644,4.570900000544498
1789658957.8445072,5.087199999252334
1789658957.8458374,3.4402000019326806
1789658957.84612,2.504600000975188
1789658957.8462234,5.2859999996144325
1789658957.8464816,4.6995999982755166
1789658957.8467216,6.2792000026092865
1789658957.8473454,5.293000001984183
1789658957.8478181,4.37420000162092
1789658957.8481178,3.604800000175601
1789658957.8490055,4.63310000122874
1789658957.849592,7.449799999449169
1789658957.849694,3.568199997971533
1789658957.8502524,2.8982000003452413
1789658957.8505483,4.059099999722093
1789658957.8508224,4.973700000846293
1789658957.8513653,2.353100000618724
1789658957.851956,5.228099998930702
1789658957.852069,5.8389999976498075
1789658957.8529122,5.086600998765789
1789658957.8531754,5.051400999946054
1789658957.8539023,3.6447009988478385
1789658957.8539886,4.29010100197047
1789658957.8542075,4.610800999216735
1789658957.8544867,3.6593010008800775
1789658957.8545554,4.001501001766883
1789658957.8553884,4.0173010020225774
1789658957.8556306,3.669801000796724
1789658957.8565228,4.447000999789452
1789658957.8568885,3.9709000011498574
1789658957.8573308,3.117500000371365
1789658957.857546,3.0541000014636666
1789658957.8580306,4.1233000010834076
1789658957.858262,3.702099998918129
1789658957.8583155,5.134799997904338
1789658957.8586624,4.669900001317728
1789658957.8595266,3.890199997840682
1789658957.8601065,3.211400002328446
1789658957.860272,4.8773999988043215
1789658957.8619294,3.886200000124518
1789658957.8622646,4.711899997346336
1789658957.8623805,5.04450000153156
1789658957.8627455,6.215000001247972
1789658957.8628879,4.5682000018132385
1789658957.862967,4.699999997683335
1789658957.8630407,4.374400003143819
1789658957.8639452,4.412499998579733
1789658957.8648334,4.5539000020653475
1789658957.8649719,4.860000000917353
1789658957.8656652,3.726999999344116
1789658957.866001,3.0262000000220723
1789658957.8666923,3.799400001298636
1789658957.866762,4.491499999858206
1789658957.867373,4.327599999669474
1789658957.8680158,3.1752000031701755
1789658957.8681517,5.401700000220444
1789658957.868774,3.1036000000312924
1789658957.8688467,6.460799999331357
1789658957.8700836,2.7043000009143725
1789658957.8701494,3.4525000010035
1789658957.8703363,6.385900000168476
1789658957.8705308,5.554300001676893
1789658957.8706458,4.639800001314143
1789658957.871509,4.741900000226451
1789658957.872301,4.279600001609651
1789658957.8724923,4.33550000161631
1789658957.8727763,3.9963999988685828
1789658957.8734086,4.556899999442976
1789658957.8738544,3.3196000003954396
1789658957.8739765,3.6361999991640914
1789658957.8740335,3.879899999446934
1789658957.8743734,2.8597999989870004
1789658957.8752687,2.9601999995065853
1789658957.8755066,5.417600001237588
1789658957.875842,5.1921999984188005
1789658957.8766592,4.160100001172395
1789658957.8771203,3.2613000003038906
1789658957.8775568,4.143699999985984
1789658957.8778384,5.056499998318031
1789658957.878943,3.429899999900954
1789658957.8792372,5.198200000450015
1789658957.8794677,3.6212999984854832
1789658957.8798306,5.4519000004802365
1789658957.880034,6.053000000974862
1789658957.8801067,4.832599999645026
1789658957.8803172,3.6517999978968874
1789658957.8815088,3.9460000007238705
1789658957.8818352,3.9915999986988027
1789658957.8819845,4.858899999817368
1789658957.8832345,3.3978000028582755
1789658957.8835628,4.611800002749078
1789658957.8837807,4.307000002881978
1789658957.8840683,3.9558999997098
1789658957.8841195,4.876400002103765
1789658957.88448,4.4329999982437585
1789658957.8849163,3.4028000009129755
1789658957.8850665,4.743800000142073
1789658957.8861687,4.32900099986
1789658957.8868167,3.2473009996465407
1789658957.8869617,4.971801001374843
1789658957.8873568,2.8720010013785213
1789658957.8876777,2.6057009999931324
1789658957.8878624,4.622700998879736
1789658957.8881133,3.1927009986247867
1789658957.8884947,4.370901002403116
1789658957.8886313,4.845601000852184
1789658957.889189,5.115501000545919
1789658957.8903155,4.141099998378195
1789658957.891238,4.269500001100823
1789658957.8914123,3.2941999998001847
1789658957.8915555,4.732699999294709
1789658957.891624,3.9418000014848076
1789658957.891803,4.441199998836964
1789658957.8919332,3.2963000012387056
1789658957.8937392,4.542800001217984
1789658957.8939571,2.329000002646353
1789658957.8946636,6.7959000007249415
1789658957.8947315,3.31469999946421
1789658957.8952274,3.6663999999291264
1789658957.8953106,4.06479999946896
1789658957.8954563,6.956799999898067
1789658957.8958223,5.50199999997858
1789658957.8962154,4.407399999763584
1789658957.897067,5.128400000103284
1789658957.8972762,3.3143000000563916
1789658957.8984568,3.7177999984123744
1789658957.8986282,3.3941999972739723
1789658957.8994973,5.749199997808319
1789658957.899911,2.837700001691701
1789658957.9002442,4.781999999977415
1789658957.900393,4.566199997498188
1789658957.9004328,4.210899998724926
1789658957.9006412,5.9725999999500345
1789658957.9017265,4.445700000360375
1789658957.901801,6.482800003141165
1789658957.901854,3.2212999976763967
1789658957.902466,4.002799996669637
1789658957.9031875,3.681899997900473
1789658957.9038663,3.9489000009780284
1789658957.9041896,3.9400000023306347
1789658957.9044392,4.000900000391994
1789658957.9055688,5.1703000026464
1789658957.9056845,3.8256999978329986
1789658957.9058406,5.19450000138022
1789658957.906243,4.511700000875862
1789658957.906479,4.008500000054482
1789658957.9068048,4.9987999991572
1789658957.9071589,3.287899999122601
1789658957.9078333,4.639700000552693
1789658957.9082768,4.081199997017393
1789658957.9092767,3.027200000360608
1789658957.909427,3.581500001018867
1789658957.9100752,5.630899999232497
1789658957.9101295,4.440299999259878
1789658957.910268,4.693099999713013
1789658957.9104493,3.966000000218628
1789658957.911732,4.566899999190355
1789658957.9123476,5.529099998966558
1789658957.9129295,4.641199997422518
1789658957.9133909,5.551199999899836
1789658957.9136183,3.164199999446282
1789658957.9139092,4.625800000212621
1789658957.9142175,4.784499997185776
1789658957.9147563,4.675999996834435
1789658957.914797,4.524700001638848
1789658957.9157164,5.579799999395618
1789658957.9158778,3.5187999965273775
1789658957.9160478,4.310399999667425
1789658957.9162755,3.3345999981975183
1789658957.9178188,3.901600000972394
1789658957.9180045,3.781100000196602
1789658957.91845,4.824301002372522
1789658957.9187424,3.9394010018440895
1789658957.9188244,5.42720100202132
1789658957.920017,4.293301000870997
1789658957.920057,4.004201000498142
1789658957.9203184,5.556800999329425
1789658957.920686,4.4062010019843
1789658957.9208076,4.924900997139048
1789658957.9214768,3.6516010004561394
1789658957.9218159,2.986600000440376
1789658957.9229443,4.1955999986384995
1789658957.9231565,5.1472010018187575
1789658957.9232264,4.77129999853787
1789658957.9240859,3.7618999995174818
1789658957.92438,2.89840000186814
1789658957.9245322,4.510099999606609
1789658957.924841,4.150200002186466
1789658957.9251719,5.11009999900125
1789658957.9253721,4.560199999104952
1789658957.9259887,4.1665000026114285
1789658957.9266903,2.5990999965870287
1789658957.927921,2.7432000024418812
1789658957.9282,3.8139999996928964
1789658957.9284809,3.6341000013635494
1789658957.928676,5.724099999497412
1789658957.9289446,5.71210000271094
1789658957.929061,4.52210000003106
1789658957.9294546,6.290799999987939
1789658957.9296758,3.678699998999946
1789658957.9301283,4.749199997604592
1789658957.9312096,4.510999999183696
1789658957.9319725,3.7664000010408927
1789658957.9321399,3.654200001619756
1789658957.932979,3.908699996827636
1789658957.9331527,5.22600000113016
1789658957.934193,4.056300000229385
1789658957.9343736,4.911800002446398
1789658957.9349482,3.731699998752447
1789658957.9351797,6.22769999972661
1789658957.9353037,6.621599997743033
1789658957.9353669,3.388600001926534
1789658957.9360352,6.3408999994862825
1789658957.9364297,4.284500002540881
1789658957.9371545,4.167999999481253
1789658957.937259,4.101200000150129
1789658957.9380667,2.758700000413228
1789658957.9382026,4.0043000008154195
1789658957.9384742,4.0962999992189
1789658957.9387143,2.674399998795707
1789658957.939313,4.124699997191783
1789658957.9394913,2.331300001969794
1789658957.93962,3.1851999992795754
1789658957.9400628,5.110400001285598
1789658957.9404316,5.051799998909701
1789658957.9407718,2.5640999992901925
1789658957.941204,3.9402000002155546
1789658957.9420407,3.560799999831943
1789658957.9424956,4.423799997312017
1789658957.9431546,3.6575999984052032
1789658957.9436665,2.8794999998353887
1789658957.9439175,3.8497999994433485
1789658957.9439852,4.6641000008094124
1789658957.9440806,5.3606999972544145
1789658957.9452155,3.1504999969911296
1789658957.9459236,5.485100002260879
1789658957.9463143,5.104899999423651
1789658957.9465308,4.029599997011246
1789658957.946908,7.281000001967186
1789658957.947903,4.220099999656668
1789658957.9485588,5.396100001235027
1789658957.948844,4.919900002278155
1789658957.94927,2.7326000017637853
1789658957.949537,5.450799999380251
1789658957.9498892,2.9746000000159256
1789658957.9503093,5.082100000436185
1789658957.9514005,7.405200998618966
1789658957.9515445,5.601300999842351
1789658957.9517694,3.8604010005656164
1789658957.9520519,2.509701000235509
1789658957.9523032,5.982601000141585
1789658957.9530735,4.222800998832099
1789658957.953745,4.469601000891998
1789658957.9538798,3.9862009980424773
1789658957.9548445,6.274200997722801
1789658957.9550464,3.4956000017700717
1789658957.9557822,4.007499999715947
1789658957.9558692,3.8122000005387235
1789658957.9559417,5.627801001537591
1789658957.9565349,5.122700000356417
1789658957.9569721,4.664500000217231
1789658957.9571412,3.391999998711981
1789658957.9572604,4.18109999736771
1789658957.9580855,2.1394000032159965
1789658957.9587846,3.932899999199435
1789658957.9590425,3.9907999998831656
1789658957.9595158,5.629800001770491
1789658957.9603386,3.796900000452297
1789658957.960649,3.38249999913387
1789658957.9609823,4.004700000223238
1789658957.961046,5.172500001208391
1789658957.961103,3.957299999456154
1789658957.9612956,5.5081000027712435
1789658957.9616845,3.5938000000896864
1789658957.9629745,3.9208000016515143
1789658957.9634998,3.976899999543093
1789658957.9642165,5.423499998869374
1789658957.9646423,3.5309999984747265
1789658957.965222,4.1698999993968755
1789658957.965337,3.6394000017025974
1789658957.965542,5.197999998927116
1789658957.9656022,4.615699999703793
1789658957.9661565,4.856499999732478
1789658957.9664989,3.517399996781023
1789658957.9673293,6.674100000964245
1789658957.967717,3.066400000534486
1789658957.968228,4.003899997769622
1789658957.968464,2.916400000685826
1789658957.9695396,4.310799999075243
1789658957.969746,4.404799998155795
1789658957.969848,3.344299999298528
1789658957.9701822,6.677199999103323
1789658957.9703677,3.033299999515293
1789658957.9708204,4.650999999284977
1789658957.9710763,5.469600000651553
1789658957.9721365,4.412700000102632
1789658957.972304,2.5534999986120965
1789658957.9727285,4.258500001014909
1789658957.9732895,3.4348000008321833
1789658957.9735513,5.317399998602923
1789658957.9739077,4.361399998742854
1789658957.974186,3.99920000199927
1789658957.975045,4.670599999371916
1789658957.975815,2.5185000013152603
1789658957.976086,5.259400000795722
1789658957.9761324,5.0511999979789834
1789658957.9763036,3.9949999991222285
1789658957.9768558,4.713599999377038
1789658957.9774735,3.282900001067901
1789658957.9777937,5.060700001195073
1789658957.9780936,4.179900002782233
1789658957.9788482,3.7945000003674068
1789658957.9791274,2.8187999996589497
1789658957.9794824,3.344900000229245
1789658957.9795263,5.970599999272963
1789658957.980597,3.1149999995250255
1789658957.981598,4.73279999641818
1789658957.9818962,4.093999999895459
1789658957.9825444,6.721599998854799
1789658957.9832637,7.17149999763933
1789658957.9834065,4.55100000181119
1789658957.9834816,5.382499999541324
1789658957.9837391,4.607299997587688
1789658957.9839594,4.471500000363449
1789658957.9840841,4.552800000965362
1789658957.985826,3.9224009997269604
1789658957.986129,4.519900998275261
1789658957.9863062,2.3418009986926336
1789658957.986496,5.8913010034302715
1789658957.98683,2.741500997217372
1789658957.9870055,3.7366010001278482
1789658957.9875412,3.7971009987813886
1789658957.9879816,5.42960100210621
1789658957.9886646,5.252000999462325
1789658957.988871,3.039899998839246
1789658957.989452,3.140799999528099
1789658957.9899044,6.417901000531856
1789658957.9903355,3.324699999211589
1789658957.9905164,4.382900002383394
1789658957.9909978,4.494299999350915
1789658957.9922817,4.29459999941173
1789658957.9923427,5.508199999894714
1789658957.9924622,4.916199999570381
1789658957.9925585,3.6832000005233567
1789658957.9926534,3.98240000140504
1789658957.9935682,3.6579000006895512
1789658957.993784,3.2629000015731435
1789658957.9944794,5.023199999413919
1789658957.9949265,4.585800001223106
1789658957.9952478,4.242999999405583
1789658957.9961772,3.6110000000917353
1789658957.9963586,3.6975999973947182
1789658957.9967473,4.4589999997697305
1789658957.996938,4.590399999869987
1789658957.9974184,3.6289000017859507
1789658957.9983182,5.848400000104448
1789658957.9984584,2.093700000841636
1789658957.9985042,4.929799997626105
1789658957.9987187,4.234300002281088
1789658957.9991555,3.900600000633858
1789658958.0003994,4.213200001686346
1789658958.0008388,3.894000001309905
1789658958.0009,3.475199999229517
1789658958.00128,4.527000000962289
1789658958.0014946,6.563599999935832
1789658958.0021217,2.962200000183657
1789658958.0021586,3.649599999334896
1789658958.0029604,4.63579999996
1789658958.0031555,4.432499998074491
1789658958.0032473,4.784000000654487
1789658958.0041056,2.818099997966783
1789658958.0049863,2.8227000002516434
1789658958.005569,3.440600001340499
1789658958.0057778,4.933699998218799
1789658958.0063167,3.156200000375975
1789658958.0067937,5.889399999432499
1789658958.0069625,6.556500000442611
1789658958.0073402,4.375900000013644
1789658958.0076072,6.108099998527905
1789658958.0079303,4.677299999457318
1789658958.0081532,4.041199998027878
1789658958.0087123,3.7195999975665472
1789658958.009089,3.3061000031011645
1789658958.0097027,4.12779999896884
1789658958.009846,3.524600000673672
1789658958.010782,3.811999999015825
1789658958.0112398,3.6266999995859805
1789658958.01166,4.315500002121553
1789658958.011783,3.064300002733944
1789658958.012047,3.8869000018166844
1789658958.0131445,6.341800002701348
1789658958.0133862,5.4478999991260935
1789658958.0140033,4.151699999056291
1789658958.0141149,4.407299999002134
1789658958.0150042,5.907900002057431
1789658958.0154705,3.6815999992541037
1789658958.0155392,4.750700001750374
1789658958.0160897,4.035900001326809
1789658958.0166423,4.977399999916088
1789658958.0171,3.9450000003853347
1789658958.017169,5.924500001128763
1789658958.0173187,3.9258010001503862
1789658958.0182226,4.100301001017215
1789658958.019551,4.539200999715831
1789658958.0197036,5.695300998922903
1789658958.019749,3.6543009991873987
1789658958.0199783,4.434201000549365
1789658958.0203314,3.2258009996439796
1789658958.0206425,3.318600000056904
1789658958.021285,4.636700999981258
1789658958.0215244,4.351600997324567
1789658958.0218883,6.41230099790846
1789658958.0222774,2.7211999986320734
1789658958.0223868,4.158200001256773
1789658958.0233612,3.6065999993297737
1789658958.0236902,3.7067000012029894
1789658958.0243459,3.6975000002712477
1789658958.0252752,4.937000001518754
1789658958.0255094,3.6161000025458634
1789658958.025766,6.0558000004675705
1789658958.025845,3.5618000001704786
1789658958.0260346,4.733900001156144
1789658958.026648,5.119200002809521
1789658958.0269918,4.600700001901714
1789658958.0272129,3.8453000015579164
1789658958.0275018,3.1506000013905577
1789658958.028983,3.4650999987206887
1789658958.02923,3.457200000411831
1789658958.0295393,3.6871000011160504
1789658958.0296807,4.400000001623994
1789658958.0299046,2.6870000001508743
1789658958.0304456,4.405200001201592
1789658958.0306013,6.905500002176268
1789658958.0310366,4.039399998873705
1789658958.0316737,4.1658999980427325
1789658958.031746,5.09299999976065
1789658958.0326738,3.128899999865098
1789658958.03306,3.3737000012479257
1789658958.0336905,3.2387999999627937
1789658958.0345557,2.8032000009261537
1789658958.0350115,5.775800000265008
1789658958.0355394,4.4969000009587035
1789658958.0357194,5.113900002470473
1789658958.0359838,4.303899997466942
1789658958.036096,3.030100000614766
1789658958.0361688,6.259500001760898
1789658958.0362234,7.2322999985772185
1789658958.036572,3.8928999965719413
1789658958.037529,3.8324000015563797
1789658958.0381448,3.12839999969583
1789658958.0391102,2.9359000000113156
1789658958.0394032,3.6764999967999756
1789658958.0398111,5.248500001471257
1789658958.0401933,4.648899997846456
1789658958.0405915,4.490100000111852
1789658958.0406563,4.666200002247933
1789658958.0409503,4.372499999590218
1789658958.0412376,5.009799999243114
1789658958.0422788,4.7424999975191895
1789658958.0431123,3.7016999995103106
1789658958.0432649,5.114399999001762
1789658958.0435638,3.365299999131821
1789658958.0438743,4.75929999811342
1789658958.0441558,3.5604000004241243
1789658958.044374,4.5576000011351425
1789658958.0446548,3.6985000006097835
1789658958.0448217,4.160799999226583
1789658958.045758,3.4715999972831924
1789658958.0467393,5.495100002008257
1789658958.047501,4.381499998999061
1789658958.047567,3.997499999968568
1789658958.04808,4.198400001769187
1789658958.049041,4.661300001316704
1789658958.0492094,5.049100000178441
1789658958.0493298,3.566100000170991
1789658958.0496867,6.417000000510598
1789658958.0501144,5.287999996653525
1789658958.050532,3.786301000218373
1789658958.050924,6.263400999159785
1789658958.051484,3.3951010009332094
1789658958.0516775,4.106001000764081
1789658958.0519083,4.401301001053071
1789658958.0522816,3.066900997509947
1789658958.0524743,3.427301002375316
1789658958.0531356,3.8006009999662638
1789658958.053547,3.8426009996328503
1789658958.0544074,4.288400999939768
1789658958.054593,4.056600002513733
1789658958.0556056,4.673299998103175
1789658958.0561264,4.635900000721449
1789658958.0565717,3.4304000000702217
1789658958.0566773,4.19770000007702
1789658958.0568302,4.917499998555286
1789658958.0573912,3.839100001641782
1789658958.057725,5.438600001070881
1789658958.0583525,6.668900001386646
1789658958.05854,4.12769999820739
1789658958.0588508,4.252999999152962
1789658958.0597188,3.5867000005964655
1789658958.0597737,3.0919999990146607
1789658958.0610452,3.315000001748558
1789658958.0612905,4.4553000006999355
1789658958.0614767,4.900200001429766
1789658958.0616212,6.008199998177588
1789658958.0621736,3.315000001748558
1789658958.0623531,2.574900001491187
1789658958.0625498,5.15359999917564
1789658958.063064,4.518300000199815
1789658958.0639138,5.554499999561813
1789658958.064325,2.139300002454547
1789658958.0644913,4.7664000012446195
1789658958.0645726,2.9467999993357807
1789658958.064834,3.5373999999137595
1789658958.0657122,4.230599999573315
1789658958.0657842,3.426699997362448
1789658958.0661852,5.134999999427237
1789658958.0675755,5.0176000004285015
1789658958.068399,3.556899999239249
1789658958.068753,4.254899999068584
1789658958.0689664,5.045599998993566
1789658958.0694604,3.6712000000989065
1789658958.0695076,4.930300001433352
1789658958.069696,6.626099999266444
1789658958.069824,3.6344000000099186
1789658958.0703692,4.651799998100614
1789658958.0704563,6.124000003183028
1789658958.0713441,3.762000000278931
1789658958.072062,3.6570999982359353
1789658958.0721765,3.2049999972514343
1789658958.0729272,4.168300001765601
1789658958.0734594,3.992499998275889
1789658958.0739377,4.235799999150913
1789658958.0744712,4.00900000022375
1789658958.0747633,5.251099999441067
1789658958.0752008,3.851299999951152
1789658958.0756922,5.31810000029509
1789658958.0758114,3.744499997992534
1789658958.07628,6.442099998821504
1789658958.0767517,4.570199998852331
1789658958.0773559,3.4125999991374556
1789658958.0776577,4.725199996755691
1789658958.0778644,4.398600001877639
1789658958.0785732,3.3659000000625383
1789658958.078712,4.234400003042538
1789658958.0797603,4.058899998199195
1789658958.0798526,4.035800000565359
1789658958.0800602,5.291900000884198
1789658958.0807257,4.43999999697553
1789658958.0816598,3.9948000012373086
1789658958.0821943,5.429000000731321
1789658958.0824556,3.8754999986849725
1789658958.0827005,2.929700000095181
1789658958.082899,5.029799998737872
1789658958.083023,4.30650000271271
1789658958.0831392,5.779200000688434
1789658958.0834982,3.640101000200957
1789658958.085552,4.814801002794411
1789658958.0858247,2.680500998394564
1789658958.0859342,3.7333010004658718
1789658958.0860662,6.0015010021743365
1789658958.0865948,4.929001002892619
1789658958.086681,3.652601000794675
1789658958.087226,3.7229000008665025
1789658958.0873928,4.932300998916617
1789658958.0877087,4.8051010016934015
1789658958.0886693,5.963200997939566
1789658958.0887427,3.1810000000405125
1789658958.0895035,3.4318999969400465
1789658958.0904753,4.534499999863328
1789658958.0906296,3.9437000014004298
1789658958.0910468,4.446000002644723
1789658958.0912697,3.5568000021157786
1789658958.0913484,2.6013999995484482
1789658958.0920768,3.4026000030280557
1789658958.092212,2.7038000007451046
1789658958.0927215,6.891099998028949
1789658958.092837,5.6072000006679446
1789658958.0934975,6.100499998865416
1789658958.0951781,4.116800002520904
1789658958.0953505,4.867700001341291
1789658958.0954738,4.839299999730429
1789658958.0962176,4.939499998727115
1789658958.096415,4.333399996539811
1789658958.0965855,4.3697000000975095
1789658958.0967746,5.421099998784484
1789658958.097037,4.19529999999213
1789658958.097259,4.531399998086272
1789658958.097557,4.054499997437233
1789658958.097874,2.5190999986079987
1789658958.098764,3.2835999991220888
1789658958.0989323,2.7050999997300096
1789658958.1000702,3.4795999999914784
1789658958.1004696,3.6885000008624047
1789658958.1012247,3.66070000018226
1789658958.1014082,6.2193000012484845
1789658958.1016123,3.7336999994295184
1789658958.101781,4.737999999633757
1789658958.1020749,5.655299999489216
1789658958.102647,5.381599999964237
1789658958.1032846,3.2088000007206574
1789658958.1034918,4.722300000139512
1789658958.1036708,4.7341000026790425
1789658958.1038697,3.395499999896856
1789658958.1050625,3.6485000018728897
1789658958.1056259,4.00900000022375
1789658958.1057982,4.012800000054995
1789658958.1060574,3.978400000050897
1789658958.1068876,3.211400002328446
1789658958.106978,5.747499999415595
1789658958.107175,3.678799999761395
1789658958.1074603,3.5853000008501112
1789658958.108376,5.721199999243254
1789658958.108756,2.9536000001826324
1789658958.1094573,4.387900000438094
1789658958.1099439,4.312500001105946
1789658958.110512,7.221199997729855
1789658958.1108575,3.874100002576597
1789658958.1110253,3.845899998850655
1789658958.1112642,5.201799998758361
1789658958.1113806,4.487399997742614
1789658958.1121273,4.660799997509457
1789658958.1129518,4.5662999982596375
1789658958.113536,4.77369999862276
1789658958.1148167,5.343499997252366
1789658958.1151648,3.895199999533361
1789658958.1152136,3.828800003248034
1789658958.1153293,4.467399998247856
1789658958.1155567,5.0388000017846934
1789658958.1156406,5.691099999239668
1789658958.1167614,5.7299010004499
1789658958.1168537,3.3124009969469626
1789658958.1174371,5.304500999045558
1789658958.1181402,5.181701002584305
1789658958.118458,3.2400009986304212
1789658958.1187396,3.17740099853836
1789658958.1192384,4.0687010005058255
1789658958.1195183,4.692301001341548
1789658958.1203754,3.5147000016877428
1789658958.120601,4.956001001119148
1789658958.1208832,2.7384999993955716
1789658958.1209397,4.173600002104649
1789658958.121145,3.7029999984952156
1789658958.1216245,3.1621999987692107
1789658958.12187,6.536101001984207
1789658958.1220784,2.8358000017760787
1789658958.1237123,3.074799999012612
1789658958.1240776,5.332200002158061
1789658958.1245558,5.031699998653494
1789658958.1246655,3.0368000007001683
1789658958.124979,4.597499999363208
1789658958.1251855,4.241599999659229
1789658958.125678,3.802999999606982
1789658958.125851,4.962400002114009
1789658958.1261048,4.022000000986736
1789658958.1271367,5.985599997075042
1789658958.1272798,2.609600000141654
1789658958.1277912,4.072300002007978
1789658958.1290803,4.992899997887434
1789658958.1293292,4.343900000094436
1789658958.1296031,3.491999999823747
1789658958.1297667,4.576500003167894
1789658958.1300588,5.495999997947365
1789658958.1302483,3.106200001639081
1789658958.1309264,5.243700001301477
1789658958.1317155,5.854800001543481
1789658958.1321535,3.063500000280328
1789658958.1323986,4.602299999532988
1789658958.1326928,3.3565000012458768
1789658958.1328382,3.0665000012959354
1789658958.1330688,5.783999997220235
1789658958.1337874,3.7232000031508505
1789658958.1344779,3.5461000006762333
1789658958.1349795,5.370199996832525
1789658958.1351001,3.372999999555759
1789658958.135394,5.131399997480912
1789658958.135899,3.7400999972305726
1789658958.1361458,3.7415999977383763
1789658958.1363502,3.507900000840891
1789658958.13691,3.835600000456907
1789658958.137821,4.025899997941451
1789658958.1387143,3.7278999989212025
1789658958.138817,3.711900000780588
1789658958.139014,3.615199999330798
1789658958.139175,4.692599999543745
1789658958.1394784,3.5733999975491315
1789658958.1403372,4.18569999965257
1789658958.1403975,3.4833999998227227
1789658958.1404378,7.740000000922009
1789658958.1409595,4.6049999982642476
1789658958.1417449,3.9159999978437554
1789658958.142427,3.2474999970872886
1789658958.1426613,3.643000000010943
1789658958.1432385,2.8958000002603512
1789658958.143748,4.264600000169594
1789658958.1443338,5.511100000148872
1789658958.1445596,3.5939000008511357
1789658958.144728,4.32590000127675
1789658958.1455185,6.796000001486391
1789658958.1457899,3.1210999986797106
1789658958.1467657,3.010200001881458
1789658958.1469135,6.470799999078736
1789658958.147188,4.755699999805074
1789658958.1473448,5.593599998974241
1789658958.1479113,3.5706999988178723
1789658958.1486568,5.411099999037106
1789658958.1490836,4.517800000030547
1789658958.1496973,4.963300998497289
1789658958.150464,4.938001002301462
1789658958.1505961,4.800101000000723
1789658958.1509674,4.194800996629056
1789658958.1512127,4.019001000415301
1789658958.1516902,3.7724009998783004
1789658958.152183,5.264701001578942
1789658958.152252,4.903200999251567
1789658958.1524377,2.735500002017943
1789658958.1529107,3.8207010002224706
1789658958.1530194,4.356700999778695
1789658958.15471,4.107200002181344
1789658958.1551342,4.661399998440174
1789658958.1559641,4.991000001609791
1789658958.1562102,3.953600000386359
1789658958.1563199,3.4038000012515113
1789658958.1565757,4.880499996943399
1789658958.1568246,4.381999999168329
1789658958.1571057,4.08179999794811
1789658958.1571462,4.958700003044214
1789658958.157307,6.08999999894877
1789658958.1574275,2.711299999646144
1789658958.1591983,2.6066999998874962
1789658958.1596475,4.5062000026518945
1789658958.160169,4.198700000415556
1789658958.160307,2.871100001357263
1789658958.160338,3.02689999807626
1789658958.1603985,3.569799999240786
1789658958.1615832,5.366100001992891
1789658958.161632,4.481299998587929
1789658958.1620297,4.918400001770351
1789658958.1627407,6.413299997802824
1789658958.162868,2.5560000030964147
1789658958.1633177,3.665000000182772
1789658958.1640708,4.86579999778769
1789658958.1642945,3.9515999997092877
1789658958.1656346,5.227999998169253
1789658958.165819,4.229599999234779
1789658958.166282,2.957200002128957
1789658958.1666605,3.9126000010583084
1789658958.1668289,5.19249999706517
1789658958.1670194,2.9424999993352685
1789658958.1674728,5.436100000224542
1789658958.1679323,5.058200000348734
1789658958.168292,8.118300000205636
1789658958.1688845,4.582900000968948
1789658958.169079,3.435499998886371
1789658958.170344,2.8654000016103964
1789658958.1706636,3.638399997726083
1789658958.1708093,4.143999998632353
1789658958.1711473,4.31370000296738
1789658958.1712625,4.975399999239016
1789658958.1713493,3.412199999729637
1789658958.1718657,3.5693999998329673
1789658958.172283,6.458699997892836
1789658958.172979,3.894199999194825
1789658958.1730924,4.200700001092628
1789658958.1741107,3.7597000009554904
1789658958.174645,3.37750000107917
1789658958.1748455,4.175099998974474
1789658958.1751418,4.327499998908024
1789658958.1754808,4.329200000938727
1789658958.17564,4.286600000341423
1789658958.1760297,3.045399997063214
1789658958.177116,5.237699999270262
1789658958.1779459,4.846799998631468
1789658958.1784403,6.145900002593407
1789658958.1786509,4.5319000018935185
1789658958.1793294,4.477200000110315
1789658958.1795878,4.102399998373585
1789658958.1799834,4.338600003393367
1789658958.1803143,5.6647000019438565
1789658958.1804898,5.343099997844547
1789658958.1807995,3.6719999989145435
1789658958.1814606,3.5070000012638047
1789658958.182388,6.351701002131449
1789658958.18259,2.601101001346251
1789658958.1828604,4.20310100162169
1789658958.1830645,3.730201002326794
1789658958.1831498,3.5573009990912396
1789658958.1839614,5.509001002792502
1789658958.1843657,3.5597009991761297
1789658958.1848292,4.334700999606866
1789658958.1853173,4.998701002477901
1789658958.1859777,1.6049999976530671
1789658958.1864812,4.087200002686586
1789658958.1866322,5.16610100021353
1789658958.1867056,1.8710999975155573
1789658958.1869936,3.839400000288151
1789658958.18779,4.720099997939542
1789658958.1880336,2.0487000001594424
1789658958.1883566,4.389400000945898
1789658958.1888652,6.269799996516667
1789658958.1890662,3.7446000023919623
1789658958.1893609,6.495900001027621
1789658958.190484,3.8447999977506697
1789658958.1906047,3.893400000379188
1789658958.1911938,3.398099997866666
1789658958.1915667,3.527200002281461
1789658958.19218,3.817299999354873
1789658958.1923206,3.4505000003264286
1789658958.1924317,5.945599998085527
1789658958.1929173,5.911399999604328
1789658958.193031,2.5415999989490956
1789658958.1940773,5.000600001949351
1789658958.1948977,4.286399998818524
1789658958.195286,2.8485000002547167
1789658958.1954741,3.902200001903111
1789658958.1959374,4.73480000073323
1789658958.1961033,3.9187000002129935
1789658958.1967146,7.348299997829599
1789658958.1970346,4.110800000489689
1789658958.1973226,3.233899999031564
1789658958.1980953,5.058099999587284
1789658958.1983595,6.033599998772843
1789658958.198585,3.2929999979387503
1789658958.198642,3.7378999986685812
1789658958.199212,3.732000001036795
1789658958.1999831,3.8740000018151477
1789658958.2012355,3.9072999970812816
1789658958.20137,5.427199997939169
1789658958.2014835,3.3825999998953193
1789658958.2018938,4.85359999947832
1789658958.2024949,3.905300000042189
1789658958.202714,4.067099998792401
1789658958.2028346,6.114899999374757
1789658958.2034402,5.075099998066435
1789658958.2037992,4.581799999868963
1789658958.2043571,4.368599998997524
1789658958.2045212,3.1463000013900455
1789658958.2045896,2.6910000015050173
1789658958.2057812,4.291299999749754
1789658958.2069008,4.180400002951501
1789658958.2071905,4.691199999797391
1789658958.2073917,6.151100002171006
1789658958.2076998,4.860100001678802
1789658958.2078838,3.5212000002502464
1789658958.207971,4.525800002738833
1789658958.2080328,4.229099999065511
1789658958.2082593,3.7338000001909677
1789658958.208574,3.979000000981614
1789658958.2101576,2.960400001029484
1789658958.2102058,4.418200001964578
1789658958.2102633,3.3583000004000496
1789658958.2107322,2.469099999871105
1789658958.211607,3.6304000022937544
1789658958.2119017,3.3211999980267137
1789658958.2123013,4.904800000076648
1789658958.2124949,4.606200000125682
1789658958.213271,5.231600000115577
1789658958.2135317,3.3667999996396247
1789658958.2142298,2.6150000012421515
1789658958.2146468,4.435300001205178
1789658958.2152421,7.537000001320848
1789658958.215731,5.461401000502519
1789658958.215968,4.059600996697554
1789658958.216226,5.4890009996597655
1789658958.2166739,4.1739010011951905
1789658958.2171736,3.8946010026847944
1789658958.217781,5.464001002110308
1789658958.2184944,2.757399997790344
1789658958.21863,4.39440099944477
1789658958.219166,5.6273009977303445
1789658958.2193806,4.728700998384738
1789658958.2194448,3.472600001259707
1789658958.2195954,3.364799998962553
1789658958.220821,5.572000998654403
1789658958.2210872,3.9080999995348975
1789658958.2216945,5.014999998820713
1789658958.2222886,3.787400000874186
1789658958.222475,4.687700002250494
1789658958.2229168,4.281599998648744
1789658958.223058,3.8873999983479735
1789658958.2231274,3.6782999995921273
1789658958.2239234,4.3211999982304405
1789658958.2242115,3.1200000012177043
1789658958.224857,4.028200000902871
1789658958.2253182,5.932800002483418
1789658958.2257082,4.008399999293033
1789658958.2259116,3.617599999415688
1789658958.226807,3.6741000003530644
1789658958.2270124,4.532200000539888
1789658958.2271497,4.2285000017727725
1789658958.227366,2.5019000022439286
1789658958.2282963,5.232800001977012
1789658958.2286272,4.695999999967171
1789658958.229137,4.919099999824539
1789658958.2293718,4.047399997944012
1789658958.2298741,4.161000000749482
1789658958.2303014,3.4870999988925178
1789658958.2308722,3.8522000031662174
1789658958.2310708,5.155599999852711
1789658958.2314022,3.100499998254236
1789658958.232495,5.122599999594968
1789658958.2333932,4.249500001606066
1789658958.2336485,4.269999997632112
1789658958.233952,3.6439000032260083
1789658958.2345643,3.685399999085348
1789658958.2348695,7.715100000496022
1789658958.2350001,5.120400001032976
1789658958.23512,6.48650000221096
1789658958.2352047,3.7974000006215647
1789658958.235981,4.9044999977923
1789658958.2362177,3.716899998835288
1789658958.2375247,2.5193000001308974
1789658958.237762,3.8050000002840534
1789658958.238028,3.4577999977045693
1789658958.238153,4.753499997605104
1789658958.2382758,4.622699998435564
1789658958.2390165,3.8064000000304077
1789658958.2396903,3.703899998072302
1789658958.239858,4.983299997547874
1789658958.2402532,4.030399999464862
1789658958.2407672,5.641300002025673
1789658958.2412965,3.5290000014356337
1789658958.242055,3.7744000001112
1789658958.2421803,4.022799999802373
1789658958.2423053,4.273099999409169
1789658958.2426612,5.1314999982423615
1789658958.2433722,2.595800000563031
1789658958.2442439,4.3810999995912425
1789658958.244347,4.652399999031331
1789658958.2445042,3.201999999873806
1789658958.2450483,6.026399998518173
1789658958.245206,3.020300002390286
1789658958.2457774,5.517500001587905
1789658958.2471783,4.866200000833487
1789658958.2473047,5.243700001301477
1789658958.2474313,4.052299998875242
1789658958.2477558,5.088500001875218
1789658958.248163,3.912300002411939
1789658958.2491102,4.7571009999956
1789658958.249176,3.3924009985639714
1789658958.249364,4.310401000111597
1789658958.2494485,4.939100999763468
1789658958.2495606,4.348600999946939
1789658958.2508898,3.7038010013930034
1789658958.2510707,2.900700997997774
1789658958.2515078,4.197500998998294
1789658958.2522976,4.535001000476768
1789658958.2528262,3.707600000780076
1789658958.253512,3.9459999970858917
1789658958.254201,4.747900002257666
1789658958.2542667,5.086400000436697
1789658958.2543042,6.869001001177821
1789658958.254528,5.159299998922506
1789658958.2549918,4.095700001926161
1789658958.2551098,4.033999997773208
1789658958.2556133,2.7821999974548817
1789658958.2558725,4.3603999984043185
1789658958.2562265,3.9234999967447948
1789658958.2573483,2.8103000004193746
1789658958.2575817,3.309599997010082
1789658958.2576735,3.364500000316184
1789658958.2585938,2.9735000025539193
1789658958.25904,5.520799997611903
1789658958.2591712,4.172999997535953
1789658958.259347,5.14130000010482
1789658958.2594776,2.120699999068165
1789658958.2602844,4.052800002682488
1789658958.260884,5.006100000173319
1789658958.2617042,6.585699997231131
1789658958.262672,4.068099999130936
1789658958.262806,5.1248999989184085
1789658958.2630074,3.9617999973415863
1789658958.2632434,5.655299999489216
1789658958.263614,4.437100000359351
1789658958.2642813,4.927900001348462
1789658958.2644272,4.944100001011975
1789658958.264778,3.8860999993630685
1789658958.2656374,5.346099998860154
1789658958.2665246,3.712400000949856
1789658958.266635,3.3855000001494773
1789658958.26688,5.168300001969328
1789658958.2671227,4.443199999514036
1789658958.267602,3.314400000817841
1789658958.2689185,4.484599998249905
1789658958.2690098,4.224099997372832
1789658958.2692425,5.623599998216378
1789658958.2700071,3.4760999988066033
1789658958.270227,4.583900001307484
1789658958.2707489,3.6205999967933167
1789658958.2708218,7.809499998984393
1789658958.2711642,3.5567999984778
1789658958.2719169,5.277100000967039
1789658958.272195,3.179800001817057
1789658958.272713,3.4639999976207037
1789658958.273512,6.626599999435712
1789658958.2737632,4.839200002606958
1789658958.2740123,3.7803999985044356
1789658958.2741897,3.3641000009083655
1789658958.274475,3.7214999974821694
1789658958.2746325,3.4626999986357987
1789658958.2754407,2.721400000154972
1789658958.2760885,4.166299997450551
1789658958.2766836,4.481700001633726
1789658958.2768602,2.666199998202501
1789658958.277234,3.7164999994274694
1789658958.277362,7.349000003159745
1789658958.2779517,3.314400000817841
1789658958.2784393,3.958600002079038
1789658958.2787876,5.019100000936305
1789658958.2793326,3.236799999285722
1789658958.2800815,6.061299998691538
1789658958.2804697,5.024400001275353
1789658958.280696,3.3279999988735653
1789658958.2818625,4.6209009997255635
1789658958.2821727,5.483501001435798
1789658958.2824118,3.9659009999013506
1789658958.2824667,3.12650100022438
1789658958.282672,3.8790010003140196
1789658958.282821,5.956300999969244
1789658958.2830086,5.051901000115322
1789658958.2834573,3.3697010003379546
1789658958.2841415,3.439501000684686
1789658958.2853055,3.435999999055639
1789658958.2855208,5.046801001299173
1789658958.2857563,3.079099999013124
1789658958.28631,2.8471000005083624
1789658958.286437,4.259699999238364
1789658958.2866466,4.175300000497373
1789658958.2873635,4.535899999609683
1789658958.2875292,5.1122000004397705
1789658958.2881808,2.870000000257278
1789658958.288512,4.364500000519911
1789658958.2889564,5.9432000016386155
1789658958.2898097,4.046800000651274
1789658958.2901552,3.840200002741767
1789658958.2905412,5.014700000174344
1789658958.2913759,3.1902999980957247
1789658958.2914457,3.912300002411939
1789658958.2915018,4.850799999985611
1789658958.291746,4.375500000605825
1789658958.2919219,5.480399999214569
1789658958.2922654,3.7478000012924895
1789658958.2938473,4.8806000013428275
1789658958.294142,2.7593999984674156
1789658958.2942123,4.0523000025132205
1789658958.2947571,4.2105000029550865
1789658958.2948487,3.098699999100063
1789658958.295313,3.3849999999802094
1789658958.2961721,4.664399999455782
1789658958.296904,5.4522000027645845
1789658958.2969801,7.164599999669008
1789658958.2971208,3.26399999903515
1789658958.297489,5.219100003159838
1789658958.2989998,4.850599998462712
1789658958.299577,4.254600000422215
1789658958.299778,2.791599999909522
1789658958.3001904,2.6973999993060715
1789658958.3005588,4.379599999083439
1789658958.300724,5.8706000017991755
1789658958.301435,6.672500003332971
1789658958.3014894,2.482899999449728
1789658958.3017182,2.136600000085309
1789658958.3018265,4.917000002023997
1789658958.302083,7.865999999921769
1789658958.3028736,5.747399998654146
1789658958.3043373,4.139900000154739
1789658958.304366,4.5829999980924185
1789658958.3045208,3.0256999998528045
1789658958.30496,3.5182999999960884
1789658958.3053868,4.657699999370379
1789658958.305686,5.121700000017881
1789658958.3059683,4.1376000008312985
1789658958.3060923,4.369600002974039
1789658958.3069701,4.090899998118402
1789658958.307237,5.149299999175128
1789658958.3079844,3.63640000068699
1789658958.3086505,2.552800000557909
1789658958.3088295,3.8654000018141232
1789658958.309381,3.988500000559725
1789658958.3094935,3.52049999855808
1789658958.3100367,5.665500000759494
1789658958.31058,4.888700001174584
1789658958.310695,3.4539000007498544
1789658958.3116686,7.139400000596652
1789658958.3126788,3.1780999997863546
1789658958.3128593,2.816500000335509
1789658958.3130517,4.2179000010946766
1789658958.3131714,3.783899999689311
1789658958.3132699,4.612600001564715
1789658958.3133698,5.377199999202276
1789658958.313664,6.688999998004874
1789658958.314906,3.2237010018434376
1789658958.3152695,4.683601000579074
1789658958.3155391,4.838401000597514
1789658958.3164694,3.6012009986734483
1789658958.3167322,3.67560100130504
1789658958.3169234,4.237701003148686
1789658958.3171039,3.7295009969966486
1789658958.3178456,4.569200998957967
1789658958.3183718,2.826100000675069
1789658958.3186104,3.696300002047792
1789658958.3188643,5.195500998524949
1789658958.3189049,5.7275010003650095
1789658958.3189437,3.668200002721278
1789658958.319223,2.747400001680944
1789658958.3207488,2.896800000598887
1789658958.3210578,3.948499997932231
1789658958.321232,4.493400003411807
1789658958.3217201,3.3426000009058043
1789658958.3225822,3.712899997481145
1789658958.322972,4.3554000003496185
1789658958.3232193,4.270999997970648
1789658958.3239524,4.724900001747301
1789658958.32404,5.130399997142376
1789658958.3241963,2.9572999992524274
1789658958.324423,7.495000001654262
1789658958.3244433,3.3806000028562266
1789658958.3255725,2.5900999971781857
1789658958.3264792,3.8914000033400953
1789658958.3270545,5.328100000042468
1789658958.3272688,4.042500000650762
1789658958.327373,6.619200001296122
1789658958.3274066,2.9590999984066
1789658958.3283837,4.334899997047614
1789658958.3286953,4.494099997828016
1789658958.3299522,4.36479999916628
1789658958.330033,6.075799999962328
1789658958.3301866,2.77519999872311
1789658958.3309124,4.4239999988349155
1789658958.3311193,6.690300000627758
1789658958.3311565,3.880699998262571
1789658958.332424,4.027200000564335
1789658958.333437,6.374799999321112
1789658958.3335166,3.4785999996529426
1789658958.3336341,6.256499997107312
1789658958.3337173,5.016999999497784
1789658958.333969,4.005000002507586
1789658958.3344586,4.267200001777383
1789658958.3351662,4.004700000223238
1789658958.3354704,4.345600002125138
1789658958.3361745,3.7443000001076143
1789658958.3362677,5.345499997929437
1789658958.336859,3.4154999993916135
1789658958.3377645,4.1258999990532175
1789658958.3378394,4.318000002967892
1789658958.3380098,4.288299998734146
1789658958.3380742,3.6108000022068154
1789658958.3387733,4.799400001502363
1789658958.3392425,3.061299998080358
1789658958.3400958,2.2504000007756986
1789658958.340413,2.3978999997780193
1789658958.3404794,3.61489999704645
1789658958.3406994,5.528699999558739
1789658958.3407862,5.31079999927897
1789658958.3414714,5.196500002057292
1789658958.3417904,4.020599997602403
1789658958.342449,3.1997999976738356
1789658958.3428016,4.72280000030878
1789658958.3437905,5.0115000012738165
1789658958.3444312,3.640599999926053
1789658958.344651,3.173199998855125
1789658958.344924,4.438500000105705
1789658958.3450737,4.65500000063912
1789658958.345904,4.10349999947357
1789658958.3460882,5.984899999020854
1789658958.3465066,5.801299997983733
1789658958.3468807,4.426800001965603
1789658958.3472176,4.41060000230209
1789658958.3481853,3.526600998156937
1789658958.348303,4.507100999035174
1789658958.349034,3.9548009990539867
1789658958.3493457,4.909301002044231
1789658958.3494983,3.585201000532834
1789658958.3501139,5.184101002669195
1789658958.350417,3.904801000317093
1789658958.3505623,4.468201001145644
1789658958.3522685,4.0752999993856065
1789658958.352319,5.431700999906752
1789658958.352379,5.156300998351071
1789658958.3524132,4.105300002265722
1789658958.3526623,3.6237999993318226
1789658958.3529625,3.458600000158185
1789658958.3536165,4.265100000338862
1789658958.3538167,3.698600001371233
1789658958.35409,3.5232999980507884
1789658958.3544471,4.025800000817981
1789658958.3558657,3.5886000005120877
1789658958.3564756,4.090599999472033
1789658958.356735,3.113300001132302
1789658958.3568256,4.157399998803157
1789658958.356875,3.906700003426522
1789658958.357189,4.771500000060769
1789658958.3585114,6.185599999298574
1789658958.3590488,4.953200001182267
1789658958.3591762,5.354900000384077
1789658958.3596597,3.178999999363441
1789658958.3598902,5.43919999836362
1789658958.3603323,4.460099997231737
1789658958.36048,3.6006999980600085
1789658958.3605213,3.3284999990428332
1789658958.361077,2.0221999984642025
1789658958.3611917,4.45179999951506
1789658958.3616848,4.85359999947832
1789658958.3624966,3.974999999627471
1789658958.363162,2.820699999574572
1789658958.3635423,3.0578000005334616
1789658958.3636959,3.801399998337729
1789658958.3651655,5.495999997947365
1789658958.3655086,4.425300001457799
1789658958.365919,5.393200000980869
1789658958.3660033,6.822100000135833
1789658958.366363,4.672200000641169
1789658958.3666313,3.4613999996508937
1789658958.3672116,4.707699998107273
1789658958.3675356,6.338299997878494
1789658958.3681715,4.623000000719912
1789658958.3686543,3.4780999994836748
1789658958.3689287,5.227999998169253
1789658958.3696103,4.095299998880364
1789658958.370143,3.5067000026174355
1789658958.3702989,4.374099997221492
1789658958.370362,3.993499998614425
1789658958.3706646,4.657000001316192
1789658958.3712306,4.014299996924819
1789658958.3716052,3.4290000003238674
1789658958.3716748,4.13480000133859
1789658958.3723598,3.6952999980712775
1789658958.3728786,2.73169999854872
1789658958.373361,3.056300000025658
1789658958.3735292,4.595400001562666
1789658958.3738863,3.2170000013138633
1789658958.3746827,5.067400001280475
1789658958.3749366,4.570199998852331
1789658958.3752384,3.628500002378132
1789658958.375768,4.532499999186257
1789658958.375995,4.314800000429386
1789658958.3764179,3.0513999990944285
1789658958.3770983,4.73259999853326
1789658958.3781247,3.4355999996478204
1789658958.3781748,4.283199999917997
1789658958.3786538,2.652800001669675
1789658958.378742,5.858699998498196
1789658958.378981,4.039299998112256
1789658958.3795748,4.330399999162182
1789658958.3797648,6.230999999388587
1789658958.3798716,3.4422999997332226
1789658958.3808136,2.63290099974256
1789658958.382116,3.122600999631686
1789658958.3825285,5.424201001005713
1789658958.3828661,3.0959010000515264
1789658958.3836393,3.7631009981851093
1789658958.3836775,5.5473009997513145
1789658958.383886,5.227600999205606
1789658958.383929,5.181900996831246
1789658958.384084,8.31140099762706
1789658958.3841462,3.326900001411559
1789658958.384382,4.8011010003392585
1789658958.385266,3.139199998258846
1789658958.3863487,3.475600002275314
1789658958.38728,4.743500001495704
1789658958.388359,4.208400001516566
1789658958.3884714,4.381999999168329
1789658958.3885777,4.190999999991618
1789658958.3886778,4.787500001839362
1789658958.3887904,5.108600002131425
1789658958.3888552,5.2117999985057395
1789658958.3893626,5.42940000013914
1789658958.3896704,4.39869999900111
1789658958.3898993,3.543599999829894
1789658958.391598,2.913500000431668
1789658958.3917658,3.287100000306964
1789658958.3919146,4.626600002666237
1789658958.3923438,2.6680000009946525
1789658958.3926878,3.893100001732819
1789658958.3928654,4.501699997490505
1789658958.3929982,3.093200000876095
1789658958.39335,4.767999998875894
1789658958.3935187,4.659199999878183
1789658958.3954315,6.054799996491056
1789658958.395827,4.220399998303037
1789658958.3960621,4.290799999580486
1789658958.396493,2.96860000162269
1789658958.397046,5.126399999426212
1789658958.3973694,4.365400000096997
1789658958.397717,5.3683999976783525
1789658958.3977628,5.070700000942452
1789658958.398827,5.47039999946719
1789658958.3990371,3.594500001781853
1789658958.3991692,6.299100001342595
1789658958.3994431,3.610899999330286
1789658958.399763,3.2640000026731286
1789658958.4004846,2.7609999997366685
1789658958.4013596,4.307499999413267
1789658958.4014041,5.336199999874225
1789658958.4014914,2.6582000027701724
1789658958.4015806,4.205699999147328
1789658958.4016714,3.9044000004651025
1789658958.4032383,4.062500000145519
1789658958.4038603,4.8172999995586
1789658958.4039102,4.462900000362424
1789658958.4043403,4.571800000121584
1789658958.4047375,3.143699999782257
1789658958.40522,3.7241999998514075
1789658958.4058409,4.164999998465646
1789658958.4058871,4.523100000369595
1789658958.4060597,4.651499999454245
1789658958.4061086,5.6174999990616925
1789658958.4067698,2.854400001524482
1789658958.4078882,4.021500000817468
1789658958.408383,4.029800002172124
1789658958.4085011,3.2768999990366865
1789658958.4091399,3.246600001148181
1789658958.4093745,6.130599998869002
1789658958.4096808,4.936899997119326
1789658958.4099262,3.8617999998677988
1789658958.4104638,4.616799997165799
1789658958.4109612,3.067500001634471
1789658958.4116416,4.863599999225698
1789658958.411765,3.376099997694837
1789658958.4120562,5.9408000015537255
1789658958.4122312,2.850699998816708
1789658958.412914,4.406500000186497
1789658958.4131596,3.474199998890981
1789658958.4138353,4.6879009969416074
1789658958.4149773,2.7371010000933893
1789658958.4152915,5.360700997698586
1789658958.4155724,5.103601000882918
1789658958.4164333,3.511000999424141
1789658958.4166932,2.853100002539577
1789658958.4169335,3.769101000216324
1789658958.417779,6.127200998889748
1789658958.417846,2.8624999977182597
1789658958.4179342,6.163500998809468
1789658958.4180179,7.052101002045674
1789658958.418332,6.268200999329565
1789658958.418967,3.6706999999296386
1789658958.4203932,3.6890000010316726
1789658958.4206467,3.707100000610808
1789658958.4206955,2.9121999978087842
1789658958.4210272,5.449200001748977
1789658958.421289,4.848399999900721
1789658958.4214928,3.5547000006772578
1789658958.4218042,3.953600000386359
1789658958.422069,4.0466999998898245
1789658958.4223642,4.026599999633618
1789658958.4234,2.9971000003570225
1789658958.4234843,4.513399999268586
1789658958.4239829,2.485799999703886
1789658958.4252584,4.553999999188818
1789658958.425914,5.261199999949895
1789658958.4261022,5.070799998065922
1789658958.426217,4.923099997540703
1789658958.426591,4.5169999975769315
1789658958.4267337,4.3643999997584615
1789658958.4270344,5.225799999607261
1789658958.4272773,3.8721000018995255
1789658958.428691,4.700499997852603
1789658958.4290962,3.825600000709528
1789658958.429534,3.4254000020155217
1789658958.4300432,4.123399998206878
1789658958.4300826,3.4859999977925327
1789658958.4303088,6.819899997935863
1789658958.430893,4.152000001340639
1789658958.4309402,4.719100001238985
1789658958.431503,4.462900000362424
1789658958.4326613,2.610100000310922
1789658958.4334474,4.746099999465514
1789658958.4335706,4.467599999770755
1789658958.4336293,3.3153000003949273
1789658958.4337423,6.460399999923538
1789658958.434528,3.628200000093784
1789658958.4347315,4.637199999706354
1789658958.4352467,5.706200001441175
1789658958.4358068,4.2897000021184795
1789658958.436057,2.3105000000214204
1789658958.4361663,3.497999998216983
1789658958.436593,5.647999998473097
1789658958.4369113,3.4584000022732653
1789658958.4378414,3.1038999986776616
1789658958.4381742,4.540399997495115
1789658958.4382591,2.4476999969920143
1789658958.438805,3.55160000253818
1789658958.4394908,4.9573999967833515
1789658958.439638,6.06310000148369
1789658958.4405274,4.354899996542372
1789658958.4406374,4.038399998535169
1789658958.4408839,4.822400002012728
1789658958.4418824,3.6181999967084266
1789658958.4422572,4.078099998878315
1789658958.4424658,5.549999998038402
1789658958.4425318,4.685500000050524
1789658958.4430766,3.5802999991574325
1789658958.4431298,4.320500000176253
1789658958.4437876,3.255100000387756
1789658958.4446929,3.8026000001991633
1789658958.4452114,4.566399999021087
1789658958.445377,2.906299996539019
1789658958.4456162,5.972799997834954
1789658958.4464214,3.2836009995662607
1789658958.4470546,5.166100996575551
1789658958.447205,4.942700998071814
1789658958.447265,3.47240100018098
1789658958.4474502,4.367301000456791
1789658958.4476743,5.137800999364117
1789658958.4486737,3.0499010026687756
1789658958.4492762,4.577300998789724
1789658958.449736,4.35330099935527
1789658958.4509144,5.696201002137968
1789658958.4509504,4.521899998508161
1789658958.4511998,3.988499996921746
1789658958.451485,4.214599997794721
1789658958.4517217,4.265199997462332
1789658958.451851,4.790500002854969
1789658958.4521334,2.392300000792602
1789658958.4525826,3.9024999969115015
1789658958.4535527,5.8735000020533334
1789658958.4540634,3.1077999992703553
1789658958.454435,5.151900000782916
1789658958.4547246,3.5191000024497043
1789658958.4554565,3.6005000001750886
1789658958.4559054,3.766499998164363
1789658958.456038,4.548400000203401
1789658958.4562678,3.680900001199916
1789658958.4563386,5.419999997684499
1789658958.4569104,2.468599999701837
1789658958.4572928,3.7353000006987713
1789658958.4582307,6.503799999336479
1789658958.4585307,3.8008000010449905
1789658958.4592729,5.201900003157789
1789658958.4598064,2.8909000029671006
1789658958.460047,4.004499998700339
1789658958.4602163,4.3031999994127546
1789658958.4606318,5.170600001292769
1789658958.4608054,4.4543000003614
1789658958.4609993,4.726700000901474
1789658958.461477,2.94209999992745
1789658958.462733,5.431900000985479
1789658958.462862,3.0511000004480593
1789658958.4634354,4.154400001425529
1789658958.4640632,5.822999999509193
1789658958.4648392,3.3569000006536953
1789658958.4649606,4.150599997956306
1789658958.4652026,4.980599998816615
1789658958.4654853,4.480100000364473
1789658958.4658566,2.9893999999330845
1789658958.4661636,5.526700002519647
1789658958.466507,6.454700000176672
1789658958.46705,4.307100000005448
1789658958.4674416,3.99959999776911
1789658958.467701,2.736200000072131
1789658958.467968,3.897400001733331
1789658958.4682298,3.3844999998109415
1789658958.4702036,4.033099998196121
1789658958.4704425,4.580700002406957
1789658958.4705355,3.089199999521952
1789658958.4706805,5.4726000016671605
1789658958.4707625,5.2713999975821935
1789658958.4708424,3.7854000001971144
1789658958.471299,3.5931000020354986
1789658958.471599,5.087900000944501
1789658958.4719787,4.005999999208143
1789658958.4739497,5.712599999242229
1789658958.474163,3.951700000470737
1789658958.474415,2.8110999992350116
1789658958.4746358,3.8691000008839183
1789658958.4749725,3.669399997306755
1789658958.475177,4.492200001550373
1789658958.47538,4.532399998424808
1789658958.4755023,4.96249999923748
1789658958.475583,5.136199997650692
1789658958.4765997,4.6155999989423435
1789658958.4771662,2.99299999824143
1789658958.4778934,2.9132999989087693
1789658958.4780877,4.130299999815179
1789658958.47822,3.0379000018001534
1789658958.4789815,3.3915999993041623
1789658958.4791803,4.538500001217471
1789658958.4798949,5.4686010007571895
1789658958.4801407,4.75490099779563
1789658958.4803905,4.884100999333896
1789658958.480427,3.822900998784462
1789658958.4811711,3.991200999735156
1789658958.4825768,4.6742010017624125
1789658958.482856,3.6694010013889056
1789658958.4829967,4.008600997622125
1789658958.483119,5.026000999350799
1789658958.4840853,5.859600998519454
1789658958.484372,4.225500000757165
1789658958.4845781,4.675000000133878
1789658958.4850698,3.8903999993635807
1789658958.48525,2.126300001691561
1789658958.48537,4.973899998731213
1789658958.4856699,2.6679999973566737
1789658958.485753,5.321799999364885
1789658958.4867845,4.200700001092628
1789658958.4869318,4.070699997100746
1789658958.4878101,3.7171000003581867
1789658958.4890509,3.673499999422347
1789658958.4892526,4.17609999931301
1789658958.489334,3.659400001197355
1789658958.489579,4.323700002714759
1789658958.4898477,5.265500003588386
1789658958.4901137,5.737499999668216
1789658958.4902277,3.438200001255609
1789658958.4903662,4.608600000210572
1789658958.4914758,4.539199999271659
1789658958.4918258,2.767699999822071
1789658958.49279,4.972899998392677
1789658958.492978,3.7182000014581718
1789658958.493258,3.91940000190516
1789658958.4937634,4.178299997875001
1789658958.494653,4.4193000030645635
1789658958.4947684,4.396599997562589
1789658958.4952183,3.3849999999802094
1789658958.4958744,3.0745000003662426
1789658958.4959977,4.516500001045642
1789658958.4961944,6.076400000893045
1789658958.4969614,7.1083000002545305
1789658958.4972055,4.220999999233754
1789658958.4978857,4.11309999981313
1789658958.4987946,4.133800001000054
1789658958.4988513,5.588300002273172
1789658958.4996433,4.869100001087645
1789658958.500073,4.84620000133873
1789658958.500551,4.350499999418389
1789658958.5007982,4.915000001346925
1789658958.5008621,4.859800003032433
1789658958.5008965,3.685399999085348
1789658958.5013638,4.397099997731857
1789658958.501773,2.9161000020394567
1789658958.5019364,4.041699998197146
1789658958.5038998,4.249800000252435
1789658958.5040264,5.226600002060877
1789658958.5045485,3.7455000019690488
1789658958.504738,4.659400001401082
1789658958.5051196,4.252599999745144
1789658958.50536,4.802899999049259
1789658958.5054228,4.52210000003106
1789658958.5061862,4.407500000525033
1789658958.5064769,5.108800000016345
1789658958.507143,3.110400000878144
1789658958.5073001,5.35929999750806
1789658958.5080214,3.2780000001366716
1789658958.5086343,4.728300002170727
1789658958.5091565,1.8497000019124243
1789658958.5092874,3.922299998521339
1789658958.5096188,5.064400000264868
1789658958.5098183,3.3373000005667564
1789658958.510091,4.664000000047963
1789658958.5105746,5.449399999633897
1789658958.511292,3.265700001065852
1789658958.511376,5.183699999179225
1789658958.51163,4.477200000110315
1789658958.5127492,4.105700998479733
1789658958.5131543,3.9900009978737216
1789658958.5134206,3.3249010011786595
1789658958.5136821,3.858901000057813
1789658958.5138218,4.198701000859728
1789658958.5139256,4.632100997696398
1789658958.5147517,3.450701002293499
1789658958.5161748,5.587400999502279
1789658958.516746,3.578899999411078
1789658958.5172737,5.630101000861032
1789658958.51766,6.271401001868071
1789658958.518684,5.904099998588208
1789658958.5192356,4.4422999999369495
1789658958.519419,5.478499999298947
1789658958.5196548,5.966799999441719
1789658958.5201244,3.9341000010608695
1789658958.5206423,6.812400002672803
1789658958.5213487,4.061499999806983
1789658958.5215669,4.809199999726843
1789658958.523405,3.9710999990347773
1789658958.5237203,6.046700000297278
1789658958.5240457,3.9114999999583233
1789658958.5241065,4.444999998668209
1789658958.524408,5.709799999749521
1789658958.526608,13.177900000300724
1789658958.5269356,7.687499997700797
1789658958.527443,6.081100000301376
1789658958.5293615,5.934499997238163
1789658958.5296097,8.958900001744041
1789658958.5331407,11.56009999976959
1789658958.5334282,5.973199997242773
1789658958.5336187,6.998799999564653
1789658958.5345645,10.448200002429076
1789658958.5349152,11.18510000014794
1789658958.5349767,10.923500001808861
1789658958.5362055,11.783399997511879
1789658958.5365813,9.637600000132807
1789658958.537248,7.8675000004295725
1789658958.5381796,8.558800000173505
1789658958.5386763,4.095599997526733
1789658958.539014,4.030099997180514
1789658958.5397315,6.575800001883181
1789658958.5401516,3.9354000000457745
1789658958.5423036,8.667000001878478
1789658958.5427568,7.830799997464055
1789658958.5429447,9.506300000793999
1789658958.5432587,5.068599999503931
1789658958.5438862,6.626099999266444
1789658958.54449,7.899100000940962
1789658958.5472624,8.569301000534324
1789658958.5482194,5.449800999485888
1789658958.5484064,8.245601002272451
1789658958.5487013,6.382601000950672
1789658958.5487943,9.053900997969322
1789658958.55117,7.896500999777345
1789658958.551562,3.3332999992126133
1789658958.5518239,12.802401000953978
1789658958.5522685,7.768000999931246
1789658958.5538967,6.618700001126854
1789658958.5548058,3.6207999983162154
1789658958.555325,12.367101000563707
1789658958.5558357,11.94080099958228
1789658958.5565367,4.962400002114009
1789658958.5569832,8.567900000343798
1789658958.5575264,8.817500001896406
1789658958.558566,9.763400001247646
1789658958.5601573,7.875199997215532
1789658958.5605168,8.684899999934714
1789658958.5609436,5.100999998830957
1789658958.561483,4.936500001349486
1789658958.5619133,8.005799998500152
1789658958.5622766,7.460500000888715
1789658958.5630271,5.491100000654114
1789658958.563231,7.893899997725384
1789658958.5647817,6.195900001330301
1789658958.565637,5.1098000003548805
1789658958.5660686,5.116100001032464
1789658958.5661724,4.681200000050012
1789658958.5664082,9.415900000021793
1789658958.566699,6.5300999995088205
1789658958.5669947,5.072800002380973
1789658958.571627,9.339899999758927
1789658958.5718646,8.623800000350457
1789658958.5725248,7.723499998974148
1789658958.572978,6.796999998186948
1789658958.5733747,10.337899999285582
1789658958.5742831,8.201999997254461
1789658958.5745864,2.9474999973899685
1789658958.5752358,9.589799999957904
1789658958.5755782,8.870599998772377
1789658958.575642,8.640799998829607
1789658958.575892,9.476899998844601
1789658958.5770078,5.133200000273064
1789658958.5773888,4.003800000646152
1789658958.5776906,5.156599996553268
1789658958.5787776,5.786801000795094
1789658958.5790522,3.151900997181656
1789658958.579201,4.607701001077658
1789658958.5795658,2.5479010000708513
1789658958.5797176,4.068600999744376
1789658958.579883,5.590401000517886
1789658958.5807438,5.497400998137891
1789658958.582484,5.081701001472538
1789658958.5827222,3.5136000005877577
1789658958.5828955,7.309300999622792
1789658958.5831976,4.1373999993084
1789658958.5835688,3.8442000004579313
1789658958.584215,4.324699999415316
1789658958.5847447,5.170499996893341
1789658958.5849552,2.462000000377884
1789658958.5854208,2.215299999079434
1789658958.5864117,8.711600999959046
1789658958.5865033,5.749399999331217
1789658958.5867965,2.038800001173513
1789658958.587264,4.3607000006886665
1789658958.5873275,2.3647999987588264
1789658958.5874867,2.058899997791741
1789658958.5876858,4.957199998898432
1789658958.5879736,3.7515000003622845
1789658958.5880163,1.506699998572003
1789658958.5882857,1.8658000008144882
1789658958.588523,4.9479000008432195
1789658958.590456,2.4305999977514148
1789658958.5909433,3.2489000004716218
1789658958.5911536,2.861600001779152
1789658958.5913303,3.99680000191438
1789658958.5917182,4.224600001180079
1789658958.592111,3.581799999665236
1789658958.5921652,5.35920000038459
1789658958.5925229,5.251599999610335
1789658958.5936627,5.679400001099566
1789658958.5948431,3.8846000024932437
1789658958.596759,5.018799998651957
1789658958.5971932,6.719799999700626
1789658958.5976927,2.8347000006760936
1789658958.5977817,1.0129000002052635
1789658958.5978596,6.699099998513702
1789658958.5982964,6.178700001328252
1789658958.5983796,6.208900002093287
1789658958.598653,7.3166000001947396
1789658958.598783,6.254699997953139
1789658958.5993536,5.680399997800123
1789658958.6029,5.689000001439126
1789658958.6042101,5.544100000406615
1789658958.6044223,6.033500001649372
1789658958.6047409,6.874700000480516
1789658958.6047997,26.013099999545375
1789658958.6058433,8.140500001900364
1789658958.6065655,8.257400000729831
1789658958.60685,9.061299999302719
1789658958.6070764,2.645900000061374
1789658958.607203,8.414399999310263
1789658958.6079452,8.581499998399522
1789658958.6087263,4.494500000873813
1789658958.6089375,6.023699999786913
1789658958.6096208,3.7664000010408927
1789658958.6102822,5.531999999220716
1789658958.61047,5.663399999320973
1789658958.6105266,3.951400001824368
1789658958.6112278,4.1442000001552515
1789658958.6124778,5.263101000309689
1789658958.613221,6.360700997902313
1789658958.6135132,5.559001001529396
1789658958.6138253,4.878400999587029
1789658958.6151488,6.404501000361051
1789658958.6221786,12.527800998213934
1789658958.6231933,12.892401002318365
1789658958.623493,8.33280000006198
1789658958.623563,12.32770099886693
1789658958.6237602,10.530499999731546
1789658958.6238253,10.304399998858571
1789658958.623955,10.122899999259971
1789658958.6240194,13.542200998927001
1789658958.6241045,13.572400999692036
1789658958.624236,11.745899999368703
1789658958.6272402,3.7265999999362975
1789658958.627651,3.623700002208352
1789658958.627816,5.609300002106465
1789658958.6281083,4.53890000062529
1789658958.628972,5.204000000958331
1789658958.6291451,5.034400001022732
1789658958.6292806,5.0398999992467
1789658958.63025,7.042199998977594
1789658958.630379,6.4179999972111546
1789658958.630865,3.6089000022911932
1789658958.6313143,7.482799999706913
1789658958.6317997,3.683699997054646
1789658958.632259,4.436100000020815
1789658958.632991,5.329700001311721
1789658958.6342003,4.910899999231333
1789658958.6344187,4.160299999057315
1789658958.635119,4.733399997348897
1789658958.635217,2.94930000018212
1789658958.635481,6.327600000076927
1789658958.6355965,3.7898999980825465
1789658958.6360233,7.044100002531195
1789658958.6361015,5.228699999861419
1789658958.6378183,4.816500000742963
1789658958.6381526,6.829999998444691
1789658958.6390119,4.799700000148732
1789658958.639638,4.411699999764096
1789658958.6401355,4.103400002350099
1789658958.6403108,4.823399998713285
1789658958.6407692,6.335199999739416
1789658958.6407912,2.964600000268547
1789658958.6424563,4.286300001695054
1789658958.6449351,9.785801001271466
1789658958.6513515,15.22370100065018
1789658958.6525452,16.93890100068529
1789658958.653002,13.979500999994343
1789658958.6540325,13.712300999031868
1789658958.6548223,14.044301002286375
1789658958.65537,14.573601001757197
1789658958.6560183,16.369401000702055
1789658958.6562967,11.334299997542985
1789658958.656347,4.981900001439499
1789658958.6566765,3.666799999336945
1789658958.6567752,4.221899998810841
1789658958.657016,14.544700999977067
1789658958.6573179,17.175001001305645
1789658958.65798,3.9378000001306646
1789658958.6584907,3.6491999999270774
1789658958.659537,4.15659999998752
1789658958.6597989,3.4457000001566485
1789658958.6607895,3.464099998382153
1789658958.6608565,4.8284000004059635
1789658958.6609569,4.274499999155523
1789658958.6618373,5.533999999897787
1789658958.6619234,4.901699998299591
1789658958.6620266,5.247299999609822
1789658958.662206,3.708399999595713
1789658958.6641338,3.3315000000584405
1789658958.6644356,4.8870000027818605
1789658958.665086,4.22180000168737
1789658958.6655445,7.556800002930686
1789658958.6658173,6.012899997585919
1789658958.6661527,5.18970000121044
1789658958.6673648,5.514399999810848
1789658958.667606,3.4620999977050815
1789658958.6677814,5.570799999986775
1789658958.669033,7.1017000009305775
1789658958.6693726,7.34099999681348
1789658958.6699677,4.144499998801621
1789658958.6702595,4.708899999968708
1789658958.6705227,6.077399997593602
1789658958.6705847,5.492000000231201
1789658958.671691,4.07660000200849
1789658958.6720555,5.896799997572089
1789658958.6732926,4.249199999321718
1789658958.673527,6.1516999994637445
1789658958.673648,3.6732999978994485
1789658958.6736925,3.427199997531716
1789658958.674321,6.533699997817166
1789658958.674866,5.485699999553617
1789658958.675064,4.473999997571809
1789658958.6759822,3.917300000466639
1789658958.6766508,6.119300000136718
1789658958.6771667,2.8314999981375877
1789658958.6774273,5.725999999413034
1789658958.6782238,4.91700099883019
1789658958.6787083,5.007300998840947
1789658958.6788917,5.35740099803661
1789658958.6791046,5.450401000416605
1789658958.6795816,4.704300998128019
1789658958.6801965,5.1265010006318334
1789658958.68041,2.9743010018137284
1789658958.6804833,4.492700998525834
1789658958.6812885,4.623201002686983
1789658958.682637,4.398600001877639
1789658958.6827471,3.846499999781372
1789658958.6830893,5.912800999794854
1789658958.6838646,3.447999999480089
1789658958.6839595,5.2447000016400125
1789658958.6844556,4.846400002861628
1789658958.6845026,3.2035000003816094
1789658958.68478,5.66880000042147
1789658958.685338,4.849400000239257
1789658958.6864245,3.3272000000579283
1789658958.686666,2.1587000010185875
1789658958.6869605,6.756999999197433
1789658958.6873465,4.58979999893927
1789658958.6882155,3.7520000005315524
1789658958.6886785,6.0309000000415836
1789658958.6888635,4.898999999568332
1789658958.6892219,3.8782000010542106
1789658958.6898293,5.040100000769598
1789658958.6900723,6.201099997269921
1789658958.6908674,4.432699999597389
1789658958.6911023,1.2662000008276664
1789658958.6913397,3.1166000007942785
1789658958.691636,4.964499999914551
1789658958.6918418,4.875999999057967
1789658958.6924946,3.809900001215283
1789658958.6937447,2.6344000034441706
1789658958.6942668,6.913000001077307
1789658958.694737,5.506400000740541
1789658958.695092,6.220600000233389
1789658958.695245,3.603999997721985
1789658958.69546,4.58460000299965
1789658958.6955507,5.47309999819845
1789658958.695644,4.29939999958151
1789658958.6963992,4.55090000104974
1789658958.6969352,4.435900002135895
1789658958.697549,3.7945000003674068
1789658958.6978328,2.2759999992558733
1789658958.6980753,2.824800001690164
1789658958.6994152,5.141099998581922
1789658958.7000036,4.354500000772532
1789658958.7001657,5.422199999884469
1789658958.7002966,3.890800002409378
1789658958.700981,5.515400000149384
1789658958.7012682,3.430200002185302
1789658958.7016847,6.58589999875403
1789658958.7019093,4.96950000160723
1789658958.702039,3.9579000003868714
1789658958.7026036,5.048899998655543
1789658958.7027805,2.7714000025298446
1789658958.7032604,2.9587000026367605
1789658958.7039618,4.539599998679478
1789658958.7048151,3.5418999977991916
1789658958.70507,3.3783999970182776
1789658958.7058823,3.095900003245333
1789658958.7059965,5.01079999958165
1789658958.7062128,4.1686000004119705
1789658958.7065432,6.372599997121142
1789658958.7068286,4.913600001600571
1789658958.7076454,4.379500001959968
1789658958.7083747,4.406699998071417
1789658958.7090774,6.468199997470947
1789658958.7092423,4.166099999565631
1789658958.7094905,4.6701999999640975
1789658958.7098546,3.3072000005631708
1789658958.7100546,3.221099999791477
1789658958.7100983,3.8805000003776513
1789658958.710458,4.57059999826015
1789658958.7107742,4.7735009975440335
1789658958.7116916,2.4418009998044
1789658958.7119176,4.265501000190852
1789658958.713456,3.3933010017790366
1789658958.7136798,5.299401000229409
1789658958.7137275,4.231500999594573
1789658958.713888,4.805300999578321
1789658958.7144046,3.623399999924004
1789658958.7152228,5.361701001675101
1789658958.7154222,4.959501002304023
1789658958.7162614,6.156900999485515
1789658958.7166603,4.735799997433787
1789658958.717023,5.32050000037998
1789658958.7179549,3.538900000421563
1789658958.7180388,2.6121000009879936
1789658958.7181058,4.212799998640548
1789658958.7184703,4.73720000081812
1789658958.7185526,4.868100000749109
1789658958.718863,5.399800000304822
1789658958.7193427,4.114499999559484
1789658958.7203863,3.7195000004430767
1789658958.7211893,4.1555999996489845
1789658958.7217422,3.6983000027248636
1789658958.721883,3.015999998751795
1789658958.722371,6.103699997765943
1789658958.7225668,4.0919999992183875
1789658958.7227294,2.3376000026473776
1789658958.722883,4.9226999981328845
1789658958.7233927,4.835600000660634
1789658958.7239835,5.873100002645515
1789658958.724106,4.75890000234358
1789658958.7243745,3.178200000547804
1789658958.725448,3.698100001201965
1789658958.7260933,4.20509999821661
1789658958.726339,3.7675999992643483
1789658958.726447,3.5596999987319577
1789658958.726481,3.746799997315975
1789658958.727023,3.0344000006152783
1789658958.7271752,3.7784999985888135
1789658958.7278495,5.473299999721348
1789658958.7287521,3.289799999038223
1789658958.7294004,5.283499998768093
1789658958.73052,6.13589999920805
1789658958.7306712,4.218499998387415
1789658958.731195,4.707599997345824
1789658958.7322817,2.8682999982265756
1789658958.7326913,5.662899999151705
1789658958.7328908,6.792299998778617
1789658958.7329817,5.802300001960248
1789658958.7330418,2.365500000450993
1789658958.7330763,2.5469000029261224
1789658958.7333276,4.5625999991898425
1789658958.733735,7.391999999526888
1789658958.7338252,5.9714999988500495
1789658958.7354386,2.540099998441292
1789658958.7361631,4.961699996783864
1789658958.736498,3.801700000622077
1789658958.7368107,3.7635000007867347
1789658958.7371302,3.797699999267934
1789658958.7376103,4.528299999947194
1789658958.7380373,5.748999999923399
1789658958.7381814,4.44180000340566
1789658958.7387996,3.352600000653183
1789658958.7391222,6.135499999800231
1789658958.739683,5.850400000781519
1789658958.7404158,4.247299999406096
1789658958.740562,3.4263999987160787
1789658958.740879,4.376500000944361
1789658958.7410405,4.223600000841543
1789658958.7415705,3.9547000014863443
1789658958.7419174,3.8749999985157046
1789658958.7426932,3.8872000004630536
1789658958.7429407,2.520499998354353
1789658958.743156,2.589399999123998
1789658958.743254,4.126100000576116
1789658958.7443147,4.625200999726076
1789658958.7444031,6.217600999661954
1789658958.744946,4.059101000166265
1789658958.745771,2.8188010001031216
1789658958.7471502,4.447000999789452
1789658958.7473886,4.128700998990098
1789658958.747538,6.492600998171838
1789658958.74783,5.905001002247445
1789658958.7483158,3.361600000062026
1789658958.7489374,4.617499998857966
1789658958.7490144,5.8531009999569505
1789658958.7492108,3.429899999900954
1789658958.750496,8.915800997783663
1789658958.7506008,6.192800003191223
1789658958.7509892,3.4465000026102643
1789658958.7511444,3.3084999995480757
1789658958.7516189,4.459900002984796
1789658958.7517183,3.397399999812478
1789658958.7523236,3.381200000148965
1789658958.752973,3.7570999993477017
1789658958.7530522,5.6574999980512075
1789658958.7543237,5.301300003338838
1789658958.7553265,3.7014000008639414
1789658958.755452,4.3028999971284065
1789658958.755515,3.186699999787379
1789658958.7556453,5.040299998654518
1789658958.7557287,4.005700000561774
1789658958.7557876,5.284400001983158
1789658958.756224,5.229700000199955
1789658958.7575173,3.1863000003795605
1789658958.7582707,5.210999999690102
1789658958.7585974,5.617300001176773
1789658958.7591224,3.6652999988291413
1789658958.7592883,3.9565999977639876
1789658958.759402,3.17189999987022
1789658958.7600043,4.484599998249905
1789658958.7602282,4.436100000020815
1789658958.7603621,4.629400002158945
1789658958.7604764,2.9537000009440817
1789658958.761542,5.889399999432499
1789658958.7620916,3.4863000000768807
1789658958.763239,3.942899998946814
1789658958.764352,4.940200000419281
1789658958.7647386,6.4595999974699225
1789658958.7648993,4.418200001964578
1789658958.7650976,4.865099999733502
1789658958.7651403,4.773900000145659
1789658958.7652318,5.223000000114553
1789658958.7653494,6.222500000149012
1789658958.7655451,3.4473000014259014
1789658958.766513,2.152999997633742
1789658958.7669327,5.384300002333475
1789658958.7682803,5.027999999583699
1789658958.768767,4.019199997856049
1789658958.7690024,3.7654999978258274
1789658958.7690496,3.694900002301438
1789658958.7691622,4.05980000141426
1789658958.7698164,4.912100001092767
1789658958.7701032,4.552800000965362
1789658958.770173,5.028999999922235
1789658958.771851,5.33019999784301
1789658958.772384,5.4453000011562835
1789658958.7725422,4.253900002368027
1789658958.7727032,3.9281999997911043
1789658958.772923,3.7561999997706152
1789658958.7731986,4.190799998468719
1789658958.7734919,3.3144999979413114
1789658958.7742002,4.378599998744903
1789658958.7745166,5.461099997773999
1789658958.774712,2.8551000032166485
1789658958.7761571,6.047499999112915
1789658958.7767773,4.22730100035551
1789658958.7769377,4.008900999906473
1789658958.7770689,4.3599009986792225
1789658958.7773511,4.9614009985816665
1789658958.7775795,3.373501000169199
1789658958.7776906,4.194100998574868
1789658958.7786324,4.109200999664608
1789658958.7788868,5.683601000782801
1789658958.7795453,4.827700999157969
1789658958.7809958,4.049500003020512
1789658958.781052,3.976899999543093
1789658958.7812045,3.8485000004584435
1789658958.781775,4.990599998563994
1789658958.781957,5.7950010013883
1789658958.7819996,3.1072999991010875
1789658958.7830064,5.421800000476651
1789658958.783473,3.920899998774985
1789658958.783642,5.002499998226995
1789658958.7836814,5.986399999528658
1789658958.7851954,3.231800001231022
1789658958.7854147,4.357300000265241
1789658958.7856054,4.603800000040792
1789658958.7864027,5.1925000007031485
1789658958.7867212,4.9409999992349185
1789658958.786898,3.211100000044098
1789658958.786931,3.453499997704057
1789658958.7872446,4.232600000250386
1789658958.787674,4.026999999041436
1789658958.7877612,5.757099999755155
1789658958.7883706,2.760100000159582
1789658958.789495,4.292099998565391
1789658958.7905407,3.6357000026328024
1789658958.7906587,4.250800000590971
1789658958.7908037,3.038199996808544
1789658958.7909238,5.5049000002327375
1789658958.7910624,3.811999999015825
1789658958.7911162,4.389899997477187
1789658958.7922857,3.9104999996197876
1789658958.7928395,5.902600001718383
1789658958.79327,2.4596999974164646
1789658958.7934508,3.947699999116594
1789658958.7935371,5.859099997906014
1789658958.7940643,2.942700000858167
1789658958.7946641,3.7351000028138515
1789658958.7954247,4.758799997944152
1789658958.7961273,5.057899998064386
1789658958.7966816,3.1384000030811876
1789658958.7971225,6.573099999513943
1789658958.7974136,5.1211999998486135
1789658958.7978747,3.204500000720145
1789658958.7980287,4.573600002913736
1789658958.7986763,4.605100002663676
1789658958.7988555,5.577600000833627
1789658958.7994773,6.632200002059108
1789658958.7999535,3.8204000011319295
1789658958.8000762,4.6441999984381255
1789658958.8001268,2.998600000864826
1789658958.800711,4.022699999040924
1789658958.800972,3.5515000017767306
1789658958.8021886,4.306800001359079
1789658958.8026357,3.9523999985249247
1789658958.8027987,4.7651000022597145
1789658958.8033242,3.8420999990194105
1789658958.8040967,4.1376000008312985
1789658958.8041403,3.4243000009155367
1789658958.8042002,5.3389999993669335
1789658958.8042445,4.11309999981313
1789658958.8044798,3.503600000840379
1789658958.8047574,4.676099997595884
1789658958.8058407,3.6456999987422023
1789658958.8069737,2.4873000002116896
1789658958.8074307,4.787599998962833
1789658958.8075025,4.699000000982778
1789658958.8077238,3.578799998649629
1789658958.8079698,3.207400000974303
1789658958.8080266,4.6971999981906265
1789658958.8088903,4.640399998606881
1789658958.808958,4.753199998958735
1789658958.8098612,5.75870100146858
1789658958.8108513,5.000200999347726
1789658958.8109744,3.245300998969469
1789658958.8111215,3.6858010025753174
1789658958.8114426,4.462300999875879
1789658958.812284,4.249700999935158
1789658958.8125086,4.533201001322595
1789658958.8126483,5.140401000971906
1789658958.8132153,4.3169009986741
1789658958.8143902,5.424101000244264
1789658958.814576,3.449600000749342
1789658958.8149035,4.044799999974202
1789658958.8152578,5.391000002418878
1789658958.8158727,4.893799999990733
1789658958.8161001,3.4457000001566485
1789658958.8161664,3.8764999990235083
1789658958.8171003,5.648999998811632
1789658958.817505,4.986100000678562
1789658958.8177605,4.539999998087296
1789658958.8185894,3.3174999989569187
1789658958.8188152,4.4181999983266
1789658958.8192518,4.670800000894815
1789658958.8194587,3.5816000017803162
1789658958.8203883,5.478399998537498
1789658958.8207214,3.6146000020380598
1789658958.8210878,4.917099999147467
1789658958.8213232,5.218100002821302
1789658958.822154,4.63820000004489
1789658958.8224106,3.153100002236897
1789658958.8226058,4.010499997093575
1789658958.8229153,4.095899999811081
1789658958.8229992,3.5360999972908758
1789658958.8234606,3.0666000020573847
1789658958.8244367,6.670200000371551
1789658958.8251095,4.016599999886239
1789658958.825301,3.1406999987666495
1789658958.8261087,4.778200000146171
1789658958.8265536,5.827400000271155
1789658958.8266706,4.060200000822078
1789658958.8268638,3.9443999994546175
1789658958.826976,3.9726999966660514
1789658958.8280506,3.603000001021428
1789658958.828174,4.70839999979944
1789658958.8283226,3.2076999996206723
1789658958.8290837,3.7736999984190334
1789658958.8293896,6.973100000323029
1789658958.83063,3.644799999165116
1789658958.8309414,4.382600000099046
1789658958.8310115,4.336000001785578
1789658958.831406,3.3435000004828908
1789658958.8316362,4.768400001921691
1789658958.8319232,3.7436000020534266
1789658958.8324113,6.297499996435363
1789658958.8329303,4.603299999871524
1789658958.8330944,2.078000001347391
1789658958.8333955,4.302199999074219
1789658958.8338635,4.468900002393639
1789658958.8356876,4.73720000081812
1789658958.8358943,4.253200000675861
1789658958.83616,2.7598999986366834
1789658958.8364651,5.825899999763351
1789658958.8367121,4.296600000088802
1789658958.8368077,5.396799999289215
1789658958.8371418,5.2141999985906295
1789658958.837323,4.223700001602992
1789658958.8378189,3.951399998186389
1789658958.8379378,5.002499998226995
1789658958.8385625,2.8687999983958434
1789658958.8400583,3.2424999990325887
1789658958.8406792,4.208199999993667
1789658958.840793,4.076299999724142
1789658958.8408914,2.3247999997693114
1789658958.841055,3.9088999983505346
1789658958.8412142,3.3911000027728733
1789658958.84143,5.266000000119675
1789658958.8414972,4.169399999227608
1789658958.8424864,6.5867999983311165
1789658958.8428435,2.77810099942144
1789658958.843074,5.1322010003787
1789658958.8445375,3.1012010003905743
1789658958.8447495,3.8516009990416933
1789658958.8449628,3.460900999925798
1789658958.845221,4.424101000040537
1789658958.8461988,4.977900996891549
1789658958.8468351,6.150100998638663
1789658958.8469636,5.903000997932395
1789658958.847083,4.229400001349859
1789658958.8474615,4.9683010001899675
1789658958.848216,3.2457000015710946
1789658958.8491185,4.360899998573586
1789658958.8494086,4.181100001005689
1789658958.8495374,6.4587999986542854
1789658958.8498511,5.307400002493523
1789658958.8499649,2.497999998013256
1789658958.8504968,3.528000001097098
1789658958.8507257,3.8858000007166993
1789658958.8511305,4.925000001094304
1789658958.85264,2.7812000007543247
1789658958.852823,5.735400001867674
1789658958.8531504,3.736199996637879
1789658958.8535166,3.9743000015732832
1789658958.8536623,5.440000000817236
1789658958.8537009,3.198300000804011
1789658958.8537776,3.8085000014689285
1789658958.8544486,5.323000001226319
1789658958.8550076,4.2778000024554785
1789658958.8556113,4.475800000363961
1789658958.8563626,2.8404999975464307
1789658958.8568563,4.2078000005858485
1789658958.8576093,3.902100001141662
1789658958.8576908,4.8634000013407785
1789658958.8578186,4.152199999225559
1789658958.8583207,3.3079000022553373
1789658958.859021,5.865399998583598
1789658958.859552,5.098300000099698
1789658958.8598742,6.092499999795109
1789658958.8602529,4.6368000002985355
1789658958.860627,4.259200002707075
1789658958.861443,3.826899999694433
1789658958.8617508,4.8876999971980695
1789658958.8620613,4.365400000096997
1789658958.8622143,3.888600000209408
1789658958.8627958,3.7664000010408927
1789658958.8634598,3.580200002033962
1789658958.863641,5.818199999339413
1789658958.8638706,4.313100002036663
1789658958.8644686,4.208999998809304
1789658958.8656397,3.878299998177681
1789658958.8665175,4.295599999750266
1789658958.8666918,5.242600000201492
1789658958.8669527,3.3060999994631857
1789658958.8670456,6.412599999748636
1789658958.8673103,2.8362000011838973
1789658958.8679626,4.49559999833582
1789658958.8683703,5.567500000324799
1789658958.868494,4.617599999619415
1789658958.8689322,3.284700000222074
1789658958.8691301,7.063900000503054
1789658958.8697274,2.7683999978762586
1789658958.8705895,3.5384000002522953
1789658958.870649,3.952200000640005
1789658958.8708286,4.3048000006820075
1789658958.8712707,2.894699999160366
1789658958.8723013,4.332399999839254
1789658958.8729367,4.437499999767169
1789658958.8730016,5.686600001354236
1789658958.873186,4.248799999913899
1789658958.8734152,3.681400001369184
1789658958.8743727,3.776000001380453
1789658958.8745053,5.370499999116873
1789658958.8746626,4.009300002508098
1789658958.8748944,4.060899998876266
1789658958.8758657,3.557100997568341
1789658958.8763092,2.8896010007883888
1789658958.8764963,3.554201000952162
1789658958.8773015,6.02480100133107
1789658958.8774784,4.472101001738338
1789658958.877759,4.567900999973062
1789658958.8787127,4.201001000183169
1789658958.8794749,4.573401001835009
1789658958.8800566,3.7409000033221673
1789658958.880284,3.7831999979971442
1789658958.8806546,4.782100000738865
1789658958.8807592,6.0913009983778466
1789658958.8814085,7.022900997981196
1789658958.8817203,3.0001999984961003
1789658958.8822188,4.454699999769218
1789658958.882585,5.278399999951944
1789658958.8830347,3.5535999995772727
1789658958.8837566,3.6937000004400034
1789658958.884349,4.060700000991346
1789658958.8847322,3.313900000648573
1789658958.8849523,2.7286000004096422
1789658958.8852599,2.6699000009102747
1789658958.8853073,7.824200001778081
1789658958.8854992,4.733900001156144
1789658958.8861902,4.463699999178061
1789658958.8866751,3.6347000022942666
1789658958.8871264,2.7721000005840324
1789658958.8876767,7.014400001935428
1789658958.8886395,4.874599999311613
1789658958.8887076,3.970199999457691
1789658958.8890326,4.06719999955385
1789658958.8892796,3.9673999999649823
1789658958.8894446,3.248700002586702
1789658958.8895056,4.241599999659229
1789658958.8913877,5.882299999939278
1789658958.8920293,2.9886000011174474
1789658958.8920867,4.4047000010323245
1789658958.892666,3.952800001570722
1789658958.8928187,4.173399996943772
1789658958.8929298,3.6455000008572824
1789658958.8933418,6.210499999724561
1789658958.8935442,4.034499997942476
1789658958.8938274,7.147799999074778
1789658958.894403,4.954100000759354
1789658958.8959022,3.806999997323146
1789658958.8963125,4.917800000839634
1789658958.8964932,3.821599999355385
1789658958.8967447,4.707100000814535
1789658958.89716,4.33560000237776
1789658958.8974211,3.589399999327725
1789658958.8976343,4.2877999985648785
1789658958.8978465,4.912199998216238
1789658958.8982103,4.661699997086544
1789658958.8993669,3.4565999994811136
1789658958.9001884,5.779499999334803
1789658958.900345,4.026400001748698
1789658958.9007046,4.206400000839494
1789658958.9011362,3.2832999968377408
1789658958.9012706,4.104100000404287
1789658958.902376,3.002600002218969
1789658958.902489,5.063300002802862
1789658958.9025567,4.916599998978199
1789658958.9031491,6.397500001185108
1789658958.9032156,5.0009000005957205
1789658958.9034038,3.0542999993485864
1789658958.9045587,4.363800002465723
1789658958.905408,4.694199997175019
1789658958.905563,3.1799999997019768
1789658958.9066823,5.539399997360306
1789658958.9068325,5.556399999477435
1789658958.9071867,4.625300000043353
1789658958.907466,4.312100001698127
1789658958.9075308,5.03749999916181
1789658958.9080741,2.5052999990293756
1789658958.9082763,5.055900001025293
1789658958.9095745,4.155900998739526
1789658958.909945,5.380000999139156
1789658958.9100091,6.601400997169549
1789658958.9108045,4.114900999411475
1789658958.9110684,3.532700997311622
1789658958.911164,3.693601000122726
1789658958.911249,4.359000999102136
1789658958.9119184,3.6368010005389806
1789658958.9127548,5.560700999922119
1789658958.9134943,3.478700000414392
1789658958.9140158,2.7569999983825255
1789658958.9141624,6.083800999476807
1789658958.9142973,4.347300000517862
1789658958.9155319,3.6068000008526724
1789658958.9156306,4.46159999773954
1789658958.9160852,5.274600000120699
1789658958.9162138,5.140900000697002
1789658958.9167786,2.6109999998880085
1789658958.916859,7.278500001120847
1789658958.9170496,3.025800000614254
1789658958.9173949,4.634600001736544
1789658958.9176846,3.38249999913387
1789658958.9181778,4.677299999457318
1789658958.9191883,3.0977999995229766
1789658958.9195983,2.7346000024408568
1789658958.9201097,3.8894999997864943
1789658958.9205294,3.129500000795815
1789658958.920923,3.867999999783933
1789658958.9215157,3.8265000002866145
1789658958.921609,6.069899998692563
1789658958.9216723,6.036800001311349
1789658958.9224942,5.7108000000880565
1789658958.9227617,4.579500000545522
1789658958.9235573,4.363399999419926
1789658958.9237008,4.0976000018417835
1789658958.924683,3.1620999980077613
1789658958.924882,3.9538999990327284
1789658958.9249737,3.2968000014079735
1789658958.9250126,4.8969999988912605
1789658958.9256418,4.027799997857073
1789658958.9266253,4.12539999888395
1789658958.9267678,6.233799998881295
1789658958.9269996,3.2935999988694675
1789658958.92727,4.504000000451924
1789658958.9280837,4.520099999353988
1789658958.928193,2.5458000018261373
1789658958.9289122,4.023400000733091
1789658958.929268,4.2877999985648785
1789658958.929916,4.897599999821978
1789658958.9301279,5.440199998702155
1789658958.9311988,4.56300000223564
1789658958.9317753,4.769499999383697
1789658958.9318242,5.05170000178623
1789658958.9323287,5.05429999975604
1789658958.9326794,3.4046000000671484
1789658958.9327393,2.5977999976021238
1789658958.933412,5.321499997080537
1789658958.9335778,4.6584999981860165
1789658958.9342947,6.095500000810716
1789658958.9348276,4.906400001345901
1789658958.9351861,3.357300000061514
1789658958.9356997,3.0155999993439764
1789658958.9359446,3.2009000024117995
1789658958.937089,5.305599999701371
1789658958.9372544,6.048499999451451
1789658958.9377644,3.462999997282168
1789658958.9378042,2.9724000014539342
1789658958.9383876,4.805299999134149
1789658958.939069,6.734800001140684
1789658958.9393146,4.124300001421943
1789658958.939372,5.954799999017268
1789658958.9402583,4.307399998651817
1789658958.940654,4.949599999235943
1789658958.9409597,3.1906000003800727
1789658958.9420545,3.6606009998649824
1789658958.9422925,5.197000999032753
1789658958.9437115,3.048900998692261
1789658958.9438546,3.588900999602629
1789658958.943958,4.884201000095345
1789658958.9440446,4.668200999731198
1789658958.9441166,6.8579010003304575
1789658958.944978,7.167900999775156
1789658958.9450874,5.768400998931611
1789658958.9452739,4.309101001126692
1789658958.9457986,3.7367000004451256
1789658958.9474442,5.140900000697002
1789658958.9477837,3.922499996406259
1789658958.948427,4.4644010013144
1789658958.9485552,4.433900998265017
1789658958.948737,2.932401002908591
1789658958.948885,3.9002009980322327
1789658958.9490507,5.332500997610623
1789658958.94937,4.091601000254741
1789658958.9501035,6.054701003449736
1789658958.9505315,5.438901000161422
1789658958.9509106,2.4780000021564774
1789658958.9514306,3.640101000200957
1789658958.9521012,3.2111999971675687
1789658958.9523726,4.918202001135796
1789658958.9525063,3.9468009999836795
1789658958.9535725,4.516101002081996
1789658958.9537935,5.052100998000242
1789658958.954219,3.6829010023211595
1789658958.9548254,3.3890009981405456
1789658958.9549117,5.536800999834668
1789658958.9556575,5.549400997551857
1789658958.9562678,4.160401000262937
1789658958.956432,4.055500998219941
1789658958.956994,6.079401999159018
1789658958.957055,4.543900999124162
1789658958.9572625,3.4643010003492236
1789658958.9580567,3.8323009976011235
1789658958.9586382,2.1998000011080876
1789658958.958983,5.4055009968578815
1789658958.9591625,4.245000996888848
1789658958.9594276,3.764600998692913
1789658958.9596233,4.79370099856169
1789658958.9602149,3.9405009993060958
1789658958.9620535,5.0502010017225984
1789658958.9623744,5.1069010005448945
1789658958.9626048,4.541901002085069
1789658958.9627695,3.335901001264574
1789658958.9629593,3.9719009982945863
1789658958.9632568,4.612901000655256
1789658958.9635732,4.406300999107771
1789658958.963784,4.1559010023775045
1789658958.9642363,7.174500999099109
1789658958.9659662,3.9031010019243695
1789658958.9664984,3.8875009995535947
1789658958.9667273,4.347100999439135
1789658958.9669466,2.7043010013585445
1789658958.9670672,3.8051010014896747
1789658958.967211,6.991102000029059
1789658958.9676797,4.101400998479221
1789658958.9680312,5.067100999440299
1789658958.9680908,4.30250099816476
1789658958.9686456,5.870801000128267
1789658958.9694045,3.431001001445111
1789658958.9696372,2.4207009992096573
1789658958.9705336,3.4603009989950806
1789658958.9710789,2.9834010019840207
1789658958.9712527,4.749100997287314
1789658958.971371,4.639000999304699
1789658958.9720204,5.0690009993559215
1789658958.9728162,3.406099996936973
1789658958.972889,5.204301000048872
1789658958.9730752,5.039301999204326
1789658958.973616,4.963102001056541
1789658958.9741924,4.5491009987017605
1789658958.974798,4.258600998582551
1789658958.9755223,3.496400997391902
1789658958.976121,4.744701000163332
1789658958.9766934,3.868700998282293
1789658958.9769273,4.032300999824656
1789658958.9772115,4.129300999920815
1789658958.977338,6.08110200118972
1789658958.9774594,6.375901997671463
1789658958.9775512,3.9288010011659935
1789658958.977974,3.7759009974251967
1789658958.9789152,4.10880100025679
1789658958.979291,2.5877010011754464
1789658958.9796453,3.517700999509543
1789658958.9808674,3.9275010021810886
1789658958.981931,3.9476010024372954
1789658958.9821637,2.8662010008702055
1789658958.9822073,3.2851010000740644
1789658958.9823902,5.17350099835312
1789658958.9824297,6.902302000526106
1789658958.9825487,5.206100999203045
1789658958.9828858,5.329601000994444
1789658958.9832795,3.6277010003686883
1789658958.9846532,7.1878009985084645
1789658958.9854586,4.5780020009260625
1789658958.985642,2.356801000132691
1789658958.9861197,3.907201000401983
1789658958.9863145,4.37490100011928
1789658958.9863856,4.217001001961762
1789658958.9865718,4.018700998130953
1789658958.987039,4.148701002122834
1789658958.987097,2.4369010025111493
1789658958.987183,4.78870100050699
1789658958.9888003,2.2226000000955537
1789658958.9892282,3.1034000021463726
1789658958.9893522,6.91790099881473
1789658958.990039,3.6456010020629037
1789658958.9902315,3.1298009998863563
1789658958.990269,4.804601001524134
1789658958.9914854,5.8385009979247116
1789658958.9917405,4.693800998211373
1789658958.992224,5.904200999793829
1789658958.9925632,3.7568009975075256
1789658958.9930763,3.8430010026786476
1789658958.9931474,5.960301001323387
1789658958.99343,4.07250100033707
1789658958.9942222,3.984901002695551
1789658958.9948266,4.77660099932109
1789658958.9950066,4.731601002276875
1789658958.996353,3.7788010013173334
1789658958.9965696,3.13370100047905
1789658958.9967275,3.575401002308354
1789658958.9968872,5.397001001256285
1789658958.9971962,4.967100998328533
1789658958.997296,5.549200999666937
1789658958.997638,4.556800999125699
1789658958.99876,4.531601000053342
1789658958.9990494,4.037501003040234
1789658958.9991126,4.279300999769475
1789658959.0004907,3.7560009986918885
1789658959.00069,4.325901001720922
1789658959.000754,3.553400998498546
1789658959.0010114,3.711100998771144
1789658959.0011845,4.610201001923997
1789658959.001249,3.6066009997739457
1789658959.0013711,4.478701001062291
1789658959.0022392,3.473901000688784
1789658959.0031343,4.017400999146048
1789658959.0043063,3.05130100241513
1789658959.0045795,4.0814009989844635
1789658959.0049553,3.938200999982655
1789658959.0051255,4.431500998180127
1789658959.0052283,6.173301000671927
1789658959.005685,4.30950100053451
1789658959.0063605,4.11580100262654
1789658959.006685,5.926601999817649
1789658959.0069563,3.8175010013219435
1789658959.007203,6.014202001097146
1789658959.008209,3.8941010025155265
1789658959.0084152,3.453801000432577
1789658959.0092971,3.606701000535395
1789658959.00947,4.339800998423016
1789658959.0097892,5.204901000979589
1789658959.009857,3.4912999981315807
1789658959.010041,4.808600999240298
1789658959.0108385,3.6294009987614118
1789658959.011072,4.11100100245676
1789658959.011577,4.885900998488069
1789658959.0118809,3.665501000796212
1789658959.0123334,3.901101001247298
1789658959.0124955,3.192300999216968
1789658959.0137382,2.6596999996399973
1789658959.0138953,3.849201002594782
1789658959.0139382,4.0764010009297635
1789658959.0149517,5.155501999979606
1789658959.0153317,5.857301999640185
1789658959.0156336,3.2910010013438296
1789658959.01594,3.4276009973837063
1789658959.0160918,4.508001002250239
1789658959.0162964,4.409301000123378
1789658959.01697,6.125001000327757
1789658959.0170896,3.346200999658322
1789658959.018832,4.886301998340059
1789658959.0193136,5.412502003309783
1789658959.019955,2.860501001123339
1789658959.0199957,4.356700999778695
1789658959.0200517,4.714900998806115
1789658959.020218,4.121100999327609
1789658959.0205235,3.5482009989209473
1789658959.0209267,5.968500998278614
1789658959.0214155,5.469800998980645
1789658959.0217235,5.42240100185154
1789658959.0217853,2.946299999166513
1789658959.02238,3.06060000002617
1789658959.023608,3.078000998357311
1789658959.0238569,3.7997010003891774
1789658959.024651,4.4254010026634205
1789658959.0247586,3.030400999705307
1789658959.0249152,4.915000998153118
1789658959.025172,4.239100999257062
1789658959.025668,3.878000999975484
1789658959.0257838,5.824301002576249
1789658959.02671,4.3239020014880225
1789658959.027359,5.937202000495745
1789658959.027586,3.7237010001263116
1789658959.028818,5.195301000640029
1789658959.0294785,4.817600998649141
1789658959.0297837,3.995201001089299
1789658959.0298321,4.910801002552034
1789658959.0300763,4.40400099978433
1789658959.030436,5.673401003150502
1789658959.0310047,3.6342010025691707
1789658959.0313098,6.130202000349527
1789658959.0321913,2.705500999582
1789658959.032721,6.006001000059769
1789658959.0328975,5.307101000653347
1789658959.0331812,4.352800999186002
1789658959.0342505,3.807000997767318
1789658959.0347962,5.007200998079497
1789658959.034912,5.073901000287151
1789658959.0354874,4.170701002294663
1789658959.0357065,5.62600200282759
1789658959.0358021,2.616400997794699
1789658959.0371258,6.110301001172047
1789658959.0374386,4.535901000053855
1789658959.0375547,4.826601001695963
1789658959.0380697,3.812301001744345
1789658959.0383308,2.8388999999151565
1789658959.038749,3.8324010020005517
1789658959.0388176,6.621201002417365
1789658959.0393026,4.501802002778277
1789658959.0395508,3.839300999970874
1789658959.0399365,2.804600997478701
1789658959.0410607,5.253601000731578
1789658959.041953,4.506601002503885
1789658959.042301,3.9516010001534596
1789658959.0423336,3.511800998239778
1789658959.042448,3.6942009974154644
1789658959.0428953,4.820500998903299
1789658959.0432615,3.952700997615466
1789658959.0441892,4.627800997695886
1789658959.044254,3.1879009984550066
1789658959.0442998,4.358901001978666
1789658959.0456872,2.781800998491235
1789658959.0461164,4.153301000769716
1789658959.0462937,3.8406009989557788
1789658959.0469248,9.3619020008191
1789658959.0472946,4.988800999853993
1789658959.0480332,5.690702000720194
1789658959.048769,4.462600998522248
1789658959.0489056,4.646501001843717
1789658959.0489833,4.7892010006762575
1789658959.0492723,6.005400999129051
1789658959.0497627,4.064001001097495
1789658959.0500753,3.950300997530576
1789658959.050163,3.8636009994661435
1789658959.0507472,3.8140010001370683
1789658959.0517576,2.9806009988533333
1789658959.0527554,5.45220200001495
1789658959.0528822,2.713501002290286
1789658959.0529995,3.7203009997028857
1789658959.053245,5.203701002756134
1789658959.0535436,4.555601000902243
1789658959.0538075,4.895801001111977
1789658959.0547333,3.979801000241423
1789658959.0548549,4.775200999574736
1789658959.0556607,2.1118010008649435
1789658959.0561025,6.335001999104861
1789658959.056855,4.091601000254741
1789658959.056944,4.056701000081375
1789658959.0575314,3.7176010009716265
1789658959.0576966,4.692800997872837
1789658959.0580318,6.267901000683196
1789658959.0581968,3.337501002533827
1789658959.0585651,5.315301001246553
1789658959.0603197,4.6519009993062355
1789658959.06043,3.481601001112722
1789658959.0605292,4.4227010002941824
1789658959.060879,6.141401998320362
1789658959.0617003,3.9987010022741742
1789658959.0617642,4.904501001874451
1789658959.0619812,3.9431010009138845
1789658959.062544,4.342001000622986
1789658959.0627544,5.217500998696778
1789658959.063749,5.178700997930719
1789658959.0644948,3.9585010017617606
1789658959.0646963,4.261301000951789
1789658959.0649571,4.6310010002343915
1789658959.0656247,4.7402010022778995
1789658959.0661228,3.361800998391118
1789658959.0662231,4.517200999544002
1789658959.0667763,5.007201001717476
1789658959.0671,3.345401000842685
1789658959.0672407,4.690501002187375
1789658959.0675468,5.559801000345033
1789658959.0687213,4.019700998469489
1789658959.0694182,4.454201000044122
1789658959.0696707,5.168800998944789
1789658959.0706098,4.977501001121709
1789658959.0709429,4.8128010021173395
1789658959.0710628,3.8175010013219435
1789658959.0715194,4.414301001816057
1789658959.0716124,4.831401001865743
1789658959.071923,4.371601000457304
1789658959.0722463,3.5193009971408173
1789658959.07253,6.302401998254936
1789658959.073185,3.7610010003845673
1789658959.0734606,3.7852009991183877
1789658959.0743175,3.3691009994072374
1789658959.0746179,4.0021010026976
1789658959.0749454,3.3281010000791866
1789658959.0755131,2.977100000862265
1789658959.0760045,2.8127000005042646
1789658959.0763822,4.131401001359336
1789658959.077169,6.099901998823043
1789658959.0774333,5.908602000999963
1789658959.0776215,3.298801002529217
1789658959.0779243,2.973100999952294
1789658959.0779688,6.041902001015842
1789658959.078135,4.669701000239002
1789658959.078206,3.5840009986713994
1789658959.0795357,4.015000999061158
1789658959.0808532,2.709700998821063
1789658959.0813146,5.301501998474123
1789658959.081473,3.2621010032016784
1789658959.0816221,3.9951010003278498
1789658959.082331,4.356700999778695
1789658959.0827777,6.391701001120964
1789658959.0828216,5.384400999901118
1789658959.0828652,4.9365009981556796
1789658959.0831976,6.023301000823267
1789658959.0839317,4.389200999867171
1789658959.0852506,2.910800998506602
1789658959.0853395,4.0181010008382145
1789658959.0859241,5.062700998678338
1789658959.0861688,2.9669010000361595
1789658959.0862389,4.760400999657577
1789658959.086466,4.839200999413151
1789658959.0865982,3.7288010025804397
1789658959.0871184,4.335100999014685
1789658959.0877938,3.8556010003958363
1789658959.0886903,3.4311010022065602
1789658959.08883,6.003001999488333
1789658959.089436,4.091201000846922
1789658959.0897195,3.790301001572516
1789658959.0899823,3.7380009998742025
1789658959.0904033,3.799901001912076
1789658959.0907977,4.623901000741171
1789658959.0915701,3.770700997847598
1789658959.0917401,3.043900000193389
1789658959.0919204,5.44930099931662
1789658959.092096,3.2613000003038906
1789658959.0925648,5.440500997792697
1789658959.093376,3.388100998563459
1789658959.0936706,4.229201000271132
1789658959.094222,4.496801000641426
1789658959.0949473,3.370401002030121
1789658959.0955942,4.789900998730445
1789658959.0957248,3.798301000642823
1789658959.0959978,5.588100997556467
1789658959.0961015,3.5321010000188835
1789658959.0968313,5.084601001726696
1789658959.097355,5.252502000075765
1789658959.097732,2.7782010001828894
1789658959.0978425,4.461501001060242
1789658959.0988784,3.1481010009883903
1789658959.0990531,5.3780010021000635
1789658959.0994184,3.311700998892775
1789658959.0996068,5.378500998631353
1789658959.099678,2.8394010005285963
1789658959.0999103,3.9074010019248817
1789658959.1012669,5.665701999532757
1789658959.1022239,4.375300999527099
1789658959.1023834,3.3259010015171953
1789658959.1026516,5.290001001412747
1789658959.1030252,3.4136009999201633
1789658959.103376,5.6382010006927885
1789658959.1035776,4.694301002018619
1789658959.10362,3.937700999813387
1789658959.104952,5.525901000510203
1789658959.1052814,5.366601999412524
1789658959.1057663,3.537501001119381
1789658959.1059103,2.8805010006180964
1789658959.1059675,2.586700997198932
1789658959.1060119,3.3549010004207958
1789658959.1062417,4.968300996551989
1789658959.107545,3.96120100049302
1789658959.108024,5.635200999677181
1789658959.1084795,4.854900998907397
1789658959.1094337,3.4155009998357855
1789658959.109776,4.489401002501836
1789658959.1098993,4.94160200105398
1789658959.1100302,4.2592009995132685
1789658959.110358,4.111701000510948
1789658959.1104033,4.488900998694589
1789658959.110998,2.9687009991903324
1789658959.1119244,3.437601000769064
1789658959.1124759,6.502501000795746
1789658959.1125169,4.965401003573788
1789658959.11337,3.4632000024430454
1789658959.1135156,4.076501001691213
1789658959.1135902,3.5552010012906976
1789658959.1145136,4.149800999584841
1789658959.1149297,5.148100997757865
1789658959.115408,5.000301000109175
1789658959.116328,4.395001000375487
1789658959.1170352,6.02750100006233
1789658959.117147,3.550499997800216
1789658959.1175497,5.068400998425204
1789658959.11762,5.097702000057325
1789658959.1177459,2.333701002498856
1789658959.1184347,5.0563020013214555
1789658959.11892,3.984601000411203
1789658959.119269,4.75010099762585
1789658959.1193616,5.841500998940319
1789658959.1203463,4.011401000752812
1789658959.1208138,2.3731000001134817
1789658959.121151,3.4006999994744547
1789658959.1213584,3.734399997483706
1789658959.12147,3.9163010005722754
1789658959.1216931,4.5417010005621705
1789658959.1221194,5.077401998278219
1789658959.1225584,3.2844010020198766
1789658959.123299,3.932701001758687
1789658959.1236923,3.3405009999114554
1789658959.1253386,2.7722999984689523
1789658959.1254964,4.340400999353733
1789658959.125609,4.790301001776243
1789658959.1256802,6.75550100277178
1789658959.125892,4.529101999651175
1789658959.126276,4.151801000261912
1789658959.1268086,5.1106020000588614
1789658959.1269982,5.524202002561651
1789658959.1277463,4.44010100181913
1789658959.1284947,4.795700999238761
1789658959.1288478,3.230501002690289
1789658959.1299758,3.15989999944577
1789658959.1300972,4.751802000100724
1789658959.1303227,4.8218020019703545
1789658959.1304693,4.57340099819703
1789658959.1308553,4.571601002680836
1789658959.1316655,5.979501998808701
1789658959.1321445,4.390101003082236
1789658959.1323338,3.4767010001814924
1789658959.1330307,4.528100998868467
1789658959.133194,6.191001000843244
1789658959.1334264,3.099199999269331
1789658959.1339884,3.886000002239598
1789658959.134236,3.762200998608023
1789658959.134422,2.750001000094926
1789658959.1347277,4.746501002955483
1789658959.1349547,4.092300998308929
1789658959.1354468,3.1084010006452445
1789658959.1368241,4.673400999308797
1789658959.137251,4.049301001941785
1789658959.137706,4.669000998546835
1789658959.1379683,3.7278999989212025
1789658959.138499,5.06750199929229
1789658959.1389072,4.480800998862833
1789658959.13912,4.160701002547285
1789658959.1394696,5.476702001033118
1789658959.1397345,5.002301000786247
1789658959.1407535,3.9226009976118803
1789658959.141617,6.164800997794373
1789658959.141924,2.798499997879844
1789658959.1420941,4.83700100085116
1789658959.1421642,4.453001001820667
1789658959.14252,4.016400998807512
1789658959.1427054,3.232301001844462
1789658959.1432054,5.232601997704478
1789658959.144271,4.520901002251776
1789658959.1447456,3.9821009995648637
1789658959.1453838,3.7528009997913614
1789658959.1455653,3.040699997654883
1789658959.1456282,6.716101001075003
1789658959.1460197,4.089400998054771
1789658959.1466544,4.554301998723531
1789658959.1467154,4.005000999313779
1789658959.146851,4.682501999923261
1789658959.1480207,2.3857009982748423
1789658959.1482081,4.997800999262836
1789658959.1489804,4.703000999143114
1789658959.1492407,3.851601002679672
1789658959.1502228,5.464301000756677
1789658959.1505392,4.514200998528395
1789658959.1507628,4.0411009977106005
1789658959.1511536,4.492500997002935
1789658959.1512945,4.438701002072776
1789658959.1514072,5.837502001668327
1789658959.15152,3.4934010000142734
1789658959.1526778,4.462901000806596
1789658959.1529195,3.674000996397808
1789658959.153696,4.709601002105046
1789658959.1546364,4.405301002407214
1789658959.1547313,3.9620999996259343
1789658959.1554813,3.957001001253957
1789658959.1555164,4.972001999703934
1789658959.1558785,4.72110099872225
1789658959.1563165,5.017501000111224
1789658959.1564474,5.036001002736157
1789658959.156512,3.827401000307873
1789658959.156676,3.7518009994528256
1789658959.158465,4.7616009978810325
1789658959.158685,2.3636999976588413
1789658959.158879,4.143301001022337
1789658959.1590314,3.5101009998470545
1789658959.1591399,4.498102000070503
1789658959.1601753,4.6885010015103035
1789658959.160247,3.794800999457948
1789658959.160576,3.8954010015004314
1789658959.1613786,5.491900999913923
1789658959.1615446,5.027900999266421
1789658959.1618114,2.9280010021466296
1789658959.1632736,4.798401998414192
1789658959.163688,3.1065010007296223
1789658959.16384,5.14950200158637
1789658959.1645129,5.475201000081142
1789658959.164688,5.54370099780499
1789658959.1649814,3.5943009970651474
1789658959.1653862,5.133400998602156
1789658959.1661909,4.639101000066148
1789658959.1667063,4.889801002718741
1789658959.1667945,3.5123999987263232
1789658959.1672068,7.025802002317505
1789658959.1678932,4.044001001602737
1789658959.1682184,2.826101001119241
1789658959.1684382,3.451901000516955
1789658959.1686006,4.908101000182796
1789658959.1688428,4.325000998505857
1789658959.170149,3.9513010015070904
1789658959.170537,3.8257009982771706
1789658959.170821,4.0218009999080095
1789658959.1709883,6.295300998317543
1789658959.1711018,2.878800001781201
1789658959.1717067,3.805501000897493
1789658959.1726925,3.844900998956291
1789658959.173088,5.875500999536598
1789658959.1735125,4.904100998828653
1789658959.1739213,3.09500100047444
1789658959.1739585,3.41670100169722
1789658959.1745036,4.348100999777671
1789658959.1746306,3.637401001469698
1789658959.1746736,6.23050100330147
1789658959.174845,3.7390010002127383
1789658959.1750116,3.298800002085045
1789658959.1764607,3.763800999877276
1789658959.1775424,2.859700998669723
1789658959.1776643,4.139300999668194
1789658959.1780038,4.0401010010100435
1789658959.1787727,5.67690099705942
1789658959.179306,4.455400998267578
1789658959.1794136,4.905400997813558
1789658959.1796548,5.017801999201765
1789658959.1798973,5.970702000922756
1789658959.1805918,5.573901999014197
1789658959.1810343,3.4839010004361626
1789658959.181581,5.114400999445934
1789658959.181901,4.231101000186754
1789658959.182896,3.5824009974021465
1789658959.1833174,3.899000999808777
1789658959.183589,5.5796009983168915
1789658959.1837645,4.105300999071915
1789658959.1837983,3.200701001333073
1789658959.1839807,4.078901001776103
1789658959.18446,5.680501999449916
1789658959.1852036,3.616801001044223
1789658959.1857917,4.751700998895103
1789658959.1866581,4.751700998895103
1789658959.1869273,3.3333009996567853
1789658959.1876137,3.0813999983365647
1789658959.187811,4.909400999167701
1789658959.1880062,4.682202001276892
1789658959.1885343,4.731001001346158
1789658959.188794,3.5848010011250153
1789658959.1889927,5.22400100089726
1789658959.1901996,6.213001001015073
1789658959.1908696,3.9347010024357587
1789658959.1910431,5.245700998784741
1789658959.191583,3.042300002562115
1789658959.1916614,2.6633000015863217
1789658959.1918662,4.244601001119008
1789658959.1926425,5.978902001515962
1789658959.1928172,5.001501998776803
1789658959.1928809,4.870200998993823
1789658959.1934216,4.622401000233367
1789658959.193542,3.335600998980226
1789658959.194495,3.613600998505717
1789658959.194894,3.0222009991121013
1789658959.1958826,4.2139010001847055
1789658959.1961966,4.604502002621302
1789658959.1968997,4.073901000083424
1789658959.1970358,5.986301999655552
1789658959.1974175,4.53190100233769
1789658959.1975372,4.110600999410963
1789658959.19798,3.078600999288028
1789658959.1980429,4.496600999118527
1789658959.1981044,5.456401002447819
1789658959.199771,3.8813009996374603
1789658959.2000468,3.0043000006116927
1789658959.200146,3.942399998777546
1789658959.2005033,2.9616009996971115
1789658959.2008686,6.360701998346485
1789658959.2011676,3.7455010024132207
1789658959.202029,4.044100998726208
1789658959.202125,5.218701000558212
1789658959.2031002,4.9903010003617965
1789658959.2036715,3.8933010000619106
1789658959.2037296,5.682101000274997
1789658959.2042289,3.355800003191689
1789658959.2043138,4.1636010028014425
1789658959.2049818,3.810001002420904
1789658959.2050216,4.513300998951308
1789658959.205066,3.0307009983516764
1789658959.205949,5.896501999814063
1789658959.2074406,4.333101001975592
1789658959.207632,3.398901000764454
1789658959.207906,5.776201000116998
1789658959.208109,4.374001000542194
1789658959.2081718,3.853600999718765
1789658959.2084296,4.7521010019409005
1789658959.2091053,4.077900997799588
1789658959.209978,4.021701002784539
1789658959.2101936,5.122501002915669
1789658959.2106912,5.7052009979088325
1789658959.2113888,3.4757009998429567
1789658959.211607,4.157900999416597
1789658959.2119918,4.3546009983401746
1789658959.2120585,3.882300999975996
1789658959.2123466,3.2354999966628384
1789658959.2130837,4.649402002542047
1789658959.2131565,5.042701999627752
1789658959.214232,3.5303010008647107
1789658959.21533,5.3414009998959955
1789658959.2155347,5.335001002094941
1789658959.215633,3.279200998804299
1789658959.2162282,4.164701000263449
1789658959.2164886,3.3264999983657617
1789658959.2170088,5.612802000541706
1789658959.2175765,3.3346009986416902
1789658959.2177405,6.1236019973875955
1789658959.218532,5.442901001515565
1789658959.218567,3.2300010025210213
1789658959.2187529,6.754802001523785
1789658959.2187862,3.2462009985465556
1789658959.2191112,3.473201002634596
1789658959.2196076,3.373501000169199
1789658959.2207928,3.7779999984195456
1789658959.2216249,5.130801997438539
1789658959.2217531,2.6357009992352687
1789658959.222075,3.5371010017115623
1789658959.2229886,4.196701000182657
1789658959.22354,4.782600997714326
1789658959.2236702,4.056901001604274
1789658959.2238877,6.306300998403458
1789658959.2242255,3.4278010025445838
1789658959.2247043,6.1321009998209774
1789658959.224881,3.1233999980031513
1789658959.2251945,7.449302000168245
1789658959.2259278,4.298101001040777
1789658959.226057,3.977901000325801
1789658959.2264845,2.939701000286732
1789658959.2275913,2.7037010004278272
1789658959.2278264,4.830900998058496
1789658959.2279444,4.269301000022097
1789658959.2281706,3.459300998656545
1789658959.228451,4.219600999931572
1789658959.228513,4.620800998964114
1789658959.2292461,4.045500998472562
1789658959.2296839,3.7502010018215515
1789658959.2298694,3.379301000677515
1789658959.2302382,2.4053009983617812
1789658959.2314568,5.393601000832859
1789658959.2320786,4.478000999370124
1789658959.2328691,2.9935999991721474
1789658959.2335653,5.04560199988191
1789658959.2336195,5.441201999929035
1789658959.2338006,5.343601998902159
1789658959.2340279,6.07890199898975
1789658959.2344816,5.229701000644127
1789658959.2346344,3.1710010007373057
1789658959.2350073,4.76440100101172
1789658959.2351336,5.444401002023369
1789658959.235814,2.1812000013596844
1789658959.2373424,3.307000002678251
1789658959.2375057,5.420501998742111
1789658959.2378056,3.166600999975344
1789658959.2380965,5.221702002017992
1789658959.2383764,4.570600998704322
1789658959.2385237,4.037700997287175
1789658959.238775,3.7547009997069836
1789658959.239588,6.016500999976415
1789658959.2399094,4.090500999154756
1789658959.2404568,2.946299999166513
1789658959.2410867,3.7367010008892976
1789658959.2421532,3.371400998730678
1789658959.2423797,2.7873010003531817
1789658959.2425158,3.9874009999039117
1789658959.243024,4.9227009985770565
1789658959.2431035,7.965302000229713
1789658959.2433264,4.944601001625415
1789658959.2434404,5.630001000099583
1789658959.243858,2.766200999758439
1789658959.2439313,4.016301001684042
1789658959.2450316,2.871600001526531
1789658959.2453368,4.873601003055228
1789658959.246298,3.910601000825409
1789658959.2468116,4.291200999432476
1789658959.2469602,3.930001003027428
1789658959.247168,3.232300998206483
1789658959.2476275,4.518301000643987
1789658959.2482898,4.844301001867279
1789658959.2485678,4.702900998381665
1789658959.2487788,3.741600998182548
1789658959.2491474,2.3274000013771
1789658959.2495942,6.263401002797764
1789658959.2498176,3.511801001877757
1789658959.2500665,2.894100998673821
1789658959.2509952,4.030200998386135
1789658959.2522511,6.905801998073002
1789658959.2526445,3.8591009979427326
1789658959.2532375,4.664501000661403
1789658959.253322,3.723301000718493
1789658959.2534375,5.8041010015585925
1789658959.2535522,5.257501001324272
1789658959.2536197,4.4664009983534925
1789658959.2537003,3.6298999984865077
1789658959.2538598,4.037599999719532
1789658959.2551527,2.8937009992660023
1789658959.2560732,2.5156010015052743
1789658959.2565107,3.0685009987792
1789658959.2566392,5.6395009996776935
1789658959.2568092,4.158601001108764
1789658959.257501,3.636201003246242
1789658959.25771,4.086100998392794
1789658959.2578263,4.121301000850508
1789658959.2579658,4.724100999737857
1789658959.2590263,5.698502001905581
1789658959.259541,1.8252010013384279
1789658959.2599216,3.840901001240127
1789658959.2606409,3.9955009997356683
1789658959.2609727,5.81450100071379
1789658959.2613544,4.537901000730926
1789658959.2615285,3.557400999852689
1789658959.26187,4.036801001348067
1789658959.2622302,5.711802001314936
1789658959.263398,3.846800998871913
1789658959.263749,6.242602001293562
1789658959.2640257,4.093300998647464
1789658959.2647,2.8191010023874696
1789658959.2656443,4.663101000915049
1789658959.2659364,3.6985000006097835
1789658959.2659779,5.329001000063727
1789658959.2661307,4.595500999130309
1789658959.2661793,7.1470010007033125
1789658959.2666445,5.283701997541357
1789658959.266766,3.0114010005490854
1789658959.2674816,1.8302009993931279
1789658959.2686408,5.232000999967568
1789658959.269176,5.140200999449007
1789658959.2697468,5.036500999267446
1789658959.2697966,3.8141010008985177
1789658959.2702513,3.480499999568565
1789658959.2705257,4.389401998196263
1789658959.2706542,4.470801999559626
1789658959.2708826,4.9418019989388995
1789658959.2710779,4.4288009994488675
1789658959.272244,3.5962010006187484
1789658959.2734187,4.235401000187267
1789658959.2737048,3.9526010004919954
1789658959.27382,4.018300998723134
1789658959.2740738,3.415700000914512
1789658959.27417,3.9139010004873853
1789658959.2744346,6.948401001864113
1789658959.2745976,3.7105000010342337
1789658959.275068,3.9852010013419203
1789658959.275187,4.6572009996452834
1789658959.276998,3.5702009990927763
1789658959.2771597,4.910700998152606
1789658959.277897,3.4528010000940412
1789658959.2783518,4.175500998826465
1789658959.2784019,4.323601002397481
1789658959.2788296,5.120001998875523
1789658959.279568,4.4921009975951165
1789658959.2797532,4.561600999295479
1789658959.2798889,6.064502002118388
1789658959.280092,5.489601997396676
1789658959.280299,2.3918009974295273
1789658959.2806578,3.653601001133211
1789658959.2808666,3.7027010002930183
1789658959.2821243,3.7166010006330907
1789658959.282829,4.471300999284722
1789658959.2836015,4.764700999658089
1789658959.2837644,4.0064009990601335
1789658959.2840543,3.3912010003405157
1789658959.2845786,3.7060009999549948
1789658959.2851825,5.606801001704298
1789658959.2854357,5.338601000403287
1789658959.2855396,3.410000997973839
1789658959.2856755,5.3711010004917625
1789658959.2864876,6.59380099750706
1789658959.286787,3.9524009989690967
1789658959.2875528,3.9441009976144414
1789658959.2882833,4.223800999170635
1789658959.2883632,4.594401001668302
1789658959.2885604,3.016301001480315
1789658959.2886474,4.063300999405328
1789658959.2894554,4.014201000245521
1789658959.2900693,4.8811009983182885
1789658959.2903504,3.5583009994297754
1789658959.2905664,4.886500999418786
1789658959.29081,3.251400001317961
1789658959.2915506,3.260901001340244
1789658959.291587,3.0225009977584705
1789658959.2928233,4.453100998944137
1789658959.2933352,6.842901999334572
1789658959.293858,4.398100998514565
1789658959.293928,3.357301000505686
1789658959.2940426,5.384701002185466
1789658959.2941735,4.0997010000864975
1789658959.2952733,3.715401002409635
1789658959.2956073,5.250401998637244
1789658959.296251,4.654701002436923
1789658959.2965672,5.7511020022502635
1789658959.2968774,4.046901001856895
1789658959.2976863,4.344600998592796
1789658959.2980185,4.155500999331707
1789658959.2981796,4.247200999088818
1789658959.2984219,4.374101001303643
1789658959.2995193,4.236300999764353
1789658959.300291,6.111501999839675
1789658959.300501,3.92730100065819
1789658959.3005464,2.854100999684306
1789658959.3011794,4.295701000955887
1789658959.3013902,3.3670009979687165
1789658959.3018997,5.638401002215687
1789658959.3021073,6.4925010010483675
1789658959.302423,2.8982000003452413
1789658959.3025377,4.111401001864579
1789658959.302986,4.801500999747077
1789658959.3041682,3.868001000228105
1789658959.3048239,2.711301000090316
1789658959.3050754,4.524300999037223
1789658959.305114,4.608301002008375
1789658959.3058736,4.476701000385219
1789658959.3065927,4.05060100092669
1789658959.3066297,4.201900999760255
1789658959.3068874,4.981801001122221
1789658959.3073795,4.3872009991900995
1789658959.3081331,3.0517010018229485
1789658959.308324,4.150101001869189
1789658959.3084033,7.219401999464026
1789658959.3086371,3.808301000390202
1789658959.3094532,4.334001001552679
1789658959.3100188,4.139001001021825
1789658959.310332,2.9478010001184884
1789658959.3108296,4.195101002551382
1789658959.310925,4.031700998893939
1789658959.3116016,3.193299999111332
1789658959.3122096,3.5618010006146505
1789658959.3128743,6.275202002143487
1789658959.3130612,2.1306010021362454
1789658959.3131714,5.031900996982586
1789658959.313424,5.0961009983439
1789658959.3136365,4.176801001449348
1789658959.3143687,3.5315009990881663
1789658959.3151252,2.9051999990770128
1789658959.3156974,5.6732010016276035
1789658959.3158174,5.480801002704538
1789658959.3163717,4.764101999171544
1789658959.3168056,3.3760010010155383
1789658959.3170137,3.947501001675846
1789658959.317135,4.254501000104938
1789658959.3181686,4.992101003153948
1789658959.3186975,5.053401000623126
1789658959.3189757,3.845201001240639
1789658959.3191483,2.771499999653315
1789658959.319781,5.405600997619331
1789658959.3200283,3.00970000171219
1789658959.320118,4.414901999552967
1789658959.3203897,3.2501009991392493
1789658959.3208256,5.004001999623142
1789658959.3222203,5.409200999565655
1789658959.322685,3.9784010004950687
1789658959.3229938,4.820000998734031
1789658959.323204,4.223900999932084
1789658959.323283,4.130500998144271
1789658959.3236117,2.7814000022772234
1789658959.3242135,4.180402000201866
1789658959.324408,4.014001002360601
1789658959.3248837,4.760601001180476
1789658959.3254209,5.634602002828615
1789658959.3263059,3.304600999399554
1789658959.327256,4.562400998111116
1789658959.3274386,3.820001002168283
1789658959.327643,4.355000997747993
1789658959.3280392,5.812701001559617
1789658959.3282437,5.035100999521092
1789658959.3283648,4.146800998569233
1789658959.3287127,3.8228010016609915
1789658959.3289883,3.5623010007839184
1789658959.3298414,3.528801000356907
1789658959.3306046,6.186500999319833
1789658959.331622,3.5745010027312674
1789658959.3318286,4.5674009998037945
1789658959.3318872,3.639000999100972
1789658959.3320026,4.557800999464234
1789658959.3327582,3.764800996577833
1789658959.3328948,4.525601001660107
1789658959.333543,5.893502002436435
1789658959.3335795,2.962801001558546
1789658959.3341622,5.443600999569753
1789658959.3354716,3.8414010014093947
1789658959.3358111,3.9188010014186148
1789658959.33608,6.2331010012712795
1789658959.3362489,4.24200099951122
1789658959.3369677,4.066401001182385
1789658959.3372276,3.679301000374835
1789658959.3377492,4.1649010017863475
1789658959.3380694,3.902201002347283
1789658959.3384054,6.572702000994468
1789658959.3384984,5.73480099774315
1789658959.3391142,3.635601002315525
1789658959.3400993,3.1243000012182165
1789658959.3405364,4.450200998689979
1789658959.340933,4.679001998738386
1789658959.3411899,5.373402000259375
1789658959.3414044,3.330800998810446
1789658959.3418815,3.471300999080995
1789658959.3426483,4.144500999245793
1789658959.3428457,5.092000999866286
1789658959.3431714,4.050900999573059
1789658959.3435225,3.418301002966473
1789658959.343949,2.754699999059085
1789658959.343991,3.4494009996706154
1789658959.3450186,7.784301997162402
1789658959.3453088,3.898700997524429
1789658959.345696,4.758101000334136
1789658959.345898,3.2438010020996444
1789658959.3465972,4.709300999820698
1789658959.3474224,4.243700997903943
1789658959.3479257,2.8982000003452413
1789658959.3480752,4.120500998396892
1789658959.3483133,4.3175009996048175
1789658959.3484416,5.590500997641357
1789658959.3489416,3.240800000639865
1789658959.3489902,5.463500998303061
1789658959.3495233,4.207101002975833
1789658959.3498046,3.9007009982015006
1789658959.3502986,2.8699009999400005
1789658959.3504922,3.8906010013306513
1789658959.3515584,3.623101001721807
1789658959.3518674,3.7871010026719887
1789658959.3523126,2.783700001600664
1789658959.3525534,3.5587010024755727
1789658959.353242,4.784101998666301
1789658959.3533168,3.5080010020465124
1789658959.3533807,4.434501999639906
1789658959.354035,3.731700999196619
1789658959.3544981,6.18030199984787
1789658959.3555038,2.9452009985106997
1789658959.3556376,5.141001001902623
1789658959.3563817,4.507900997850811
1789658959.3567567,3.4343000006629154
1789658959.3568406,3.593500001443317
1789658959.357284,5.719402000977425
1789658959.3575807,3.541500998835545
1789658959.3578484,5.5309020026470535
1789658959.3582435,3.7393009988591075
1789658959.3584878,2.979400996991899
1789658959.3592412,5.855400999280391
1789658959.3599436,3.182401000231039
1789658959.360118,4.476000998693053
1789658959.3602736,3.4275010002602357
1789658959.360957,3.101099999184953
1789658959.361782,4.490900999371661
1789658959.3621542,5.764802001067437
1789658959.3625445,4.051400999742327
1789658959.3630295,5.443301000923384
1789658959.363399,3.276200997788692
1789658959.363594,5.343700999219436
1789658959.363831,3.881800999806728
1789658959.3645508,5.302801000652835
1789658959.365747,3.9558010030305013
1789658959.3661375,5.858002001332352
1789658959.3662388,5.275002000416862
1789658959.3666558,4.496101002587238
1789658959.3669481,4.398301000037463
1789658959.3670886,2.5328010015073232
1789658959.3672457,3.8422010002250317
1789658959.3676667,4.6313010025187396
1789658959.3681383,4.30250099816476
1789658959.3684614,4.860301000007894
1789658959.3701963,4.440401000465499
1789658959.3707776,4.533400999207515
1789658959.3709743,3.8808009994681925
1789658959.3711028,3.853401001833845
1789658959.3712173,4.556601001240779
1789658959.3713284,4.3758009996963665
1789658959.371966,3.82340099895373
1789658959.3726354,6.491500997071853
1789658959.3726926,2.4900000025809277
1789658959.3728266,4.360900999017758
1789658959.3736129,2.829999997629784
1789658959.3739195,6.248702000448247
1789658959.3742368,3.0156009997881483
1789658959.3753433,4.009201002190821
1789658959.376308,5.327900998963742
1789658959.376423,5.315900998539291
1789658959.3766775,3.845400999125559
1789658959.3769455,4.303401001379825
1789658959.3774912,3.2496000021637883
1789658959.3777754,2.4260999998659827
1789658959.377818,4.200301002128981
1789658959.3779898,5.2919020017725416
1789658959.3781292,4.2049010007758625
1789658959.3789697,6.995702002313919
1789658959.3792262,2.912400999775855
1789658959.3802142,3.5266010017949156
1789658959.381172,3.034600002138177
1789658959.3813922,3.895500998623902
1789658959.3818007,4.018701001768932
1789658959.3820102,4.015000002254965
1789658959.3820457,4.222201001539361
1789658959.3823245,5.374402000597911
1789658959.3838718,4.63860099989688
1789658959.3844311,8.002501999726519
1789658959.384772,5.796200999611756
1789658959.3848355,3.6561009983415715
1789658959.3848696,4.6482010002364404
1789658959.3850086,3.201901003194507
1789658959.3859603,3.9450010008295067
1789658959.386273,4.875901999184862
1789658959.3867512,4.701302001194563
1789658959.387027,4.698101001849864
1789658959.3877397,2.899500999774318
1789658959.387808,3.371601000253577
1789658959.3879714,3.1945009977789596
1789658959.3883705,4.4921009975951165
1789658959.3890345,4.02160100202309
1789658959.3902292,3.9495000019087456
1789658959.390355,3.599501000280725
1789658959.390707,4.739702002552804
1789658959.3913603,6.4856019998842385
1789658959.3914516,3.6394009985087905
1789658959.3914852,3.1096009988687
1789658959.391616,3.871600998536451
1789658959.39196,3.9836010000726674
1789658959.3926396,3.5989009993500076
1789658959.3928998,5.868100997759029
1789658959.394201,3.8397999996959697
1789658959.3950093,3.387300999747822
1789658959.3951497,3.185100998962298
1789658959.3955994,5.361102001188556
1789658959.395773,4.282701000192901
1789658959.3961291,4.672900999139529
1789658959.396853,6.139700999483466
1789658959.396931,4.024401001515798
1789658959.3972037,4.557200998533517
1789658959.3973255,5.960100999800488
1789658959.398655,3.6383009974088054
1789658959.399713,3.929700997105101
1789658959.3999736,4.817401000764221
1789658959.4000905,3.9563009995617904
1789658959.4003983,3.1895009997242596
1789658959.4005184,3.1820010008232202
1789658959.4009485,6.740201999491546
1789658959.4010396,4.037900998810073
1789658959.4012418,5.635301000438631
1789658959.4019556,3.294499998446554
1789658959.402315,5.455401002109284
1789658959.4029617,2.9828010010533035
1789658959.403588,3.4915010000986513
1789658959.4040139,4.292100999009563
1789658959.4041588,3.6362009996082634
1789658959.4042573,3.853900998365134
1789658959.4052699,4.021101001853822
1789658959.4061632,3.841701000055764
1789658959.4062796,4.318100996897556
1789658959.4063954,5.351300998881925
1789658959.4064288,2.410799999779556
1789658959.4065182,2.9242000018712133
1789658959.4068286,5.874500999198062
1789658959.4075055,4.5380010014923755
1789658959.4079864,3.7231009991955943
1789658959.4086807,4.516101002081996
1789658959.4092677,3.09720100267441
1789658959.4104023,3.8779010028520133
1789658959.4105885,4.303601002902724
1789658959.410969,4.565800998534542
1789658959.411414,4.979501998604974
1789658959.41172,3.0334009970829356
1789658959.4119506,3.9582009994774126
1789658959.4120743,6.798501999583095
1789658959.4121442,5.3115020018594805
1789658959.4126897,3.4168009988206904
1789658959.412789,5.276701002003392
1789658959.4137588,3.1614010003977455
1789658959.4145286,3.5491010021360125
1789658959.4152362,4.8273019965563435
1789658959.4153147,3.8930010014155414
1789658959.415725,1.9596009988163132
1789658959.4159696,3.8210010025068186
1789658959.4164526,4.372300998511491
1789658959.417083,4.2889010001090355
1789658959.4171572,5.431700999906752
1789658959.4173357,5.379701000492787
1789658959.4178836,3.346500998304691
1789658959.4180758,5.38150099964696
1789658959.4192781,1.93620099889813
1789658959.4194484,4.128401000343729
1789658959.4198344,4.104600997379748
1789658959.42031,3.851001001748955
1789658959.4206676,3.578600997570902
1789658959.4207907,5.5486009987362195
1789658959.421212,5.238000998360803
1789658959.4213765,3.487701000267407
1789658959.4226294,5.46610099991085
1789658959.4230943,1.709099997242447
1789658959.4233284,3.0130000013741665
1789658959.4234073,4.121801001019776
1789658959.4234755,4.022301000077277
1789658959.423547,5.4670019999321084
1789658959.424545,4.706001000158722
1789658959.424589,3.793700998357963
1789658959.4258757,2.317799997399561
1789658959.426145,4.927400997985387
1789658959.4263308,2.8424000011000317
1789658959.4265897,5.917301001318265
1789658959.4273596,4.02660100007779
1789658959.4275775,4.165801001363434
1789658959.4276512,4.547701999399578
1789658959.4279497,3.35630100016715
1789658959.4280195,5.383902000176022
1789658959.4296062,5.050600997492438
1789658959.4302588,3.920701001334237
1789658959.4303665,4.213601001538336
1789658959.4308403,4.243401002895553
1789658959.431226,3.6407000006875023
1789658959.4321277,2.511301001504762
1789658959.4321618,4.2073010008607525
1789658959.4322798,4.256100997736212
1789658959.432371,5.007102001400199
1789658959.4325569,4.899600997305242
1789658959.4327786,6.897102000948507
1789658959.4349105,4.535101001238218
1789658959.4353464,4.49820100038778
1789658959.4357283,3.44290000066394
1789658959.436034,5.767801998445066
1789658959.436125,3.563501002645353
1789658959.436303,4.136801002459833
1789658959.436336,5.103601997689111
1789658959.4364674,4.092200997547479
1789658959.4365342,4.402001002745237
1789658959.4384148,5.629801002214663
1789658959.4387665,3.8491010018333327
1789658959.4392867,3.24709999767947
1789658959.439532,2.9929000011179596
1789658959.4400446,4.310101998271421
1789658959.440218,4.865702001552563
1789658959.4404082,3.93690100099775
1789658959.4408865,4.579401000228245
1789658959.4410381,4.697701002442045
1789658959.4418757,5.746101000113413
1789658959.44204,3.6182010007905774
1789658959.4425871,3.815001000475604
1789658959.4434905,4.197900998406112
1789658959.4438035,4.26600100036012
1789658959.443972,3.7497000012081116
1789658959.4440842,3.6714009984279983
1789658959.444539,4.486801000894047
1789658959.445277,4.383600997243775
1789658959.445385,4.341801002738066
1789658959.4466972,4.650000999390613
1789658959.4469519,4.35810099952505
1789658959.447563,5.680701000528643
1789658959.44768,4.184001001704019
1789658959.4478872,3.9105010000639595
1789658959.4482875,4.198801001621177
1789658959.448704,3.313100998639129
1789658959.4489214,5.112801998620853
1789658959.4496446,4.359800997917773
1789658959.4498959,5.351201001758454
1789658959.4504573,2.8885009996884037
1789658959.4511535,4.193700999167049
1789658959.451194,4.490900999371661
1789658959.452144,4.251201000442961
1789658959.4522588,3.966799999034265
1789658959.452497,4.812002000107896
1789658959.4525414,3.8332010008161888
1789658959.4535003,3.5986010007036384
1789658959.4543421,5.415001000073971
1789658959.4544773,4.827000997465802
1789658959.4548757,4.413000999193173
1789658959.4560876,4.927600999508286
1789658959.4563153,3.768900001887232
1789658959.4565198,3.0143010008032434
1789658959.456755,5.555801999435062
1789658959.457065,4.563801001495449
1789658959.4571242,4.861302000790602
1789658959.458334,6.183101999340579
1789658959.4584534,4.107001001102617
1789658959.4591026,4.61920100133284
1789658959.459527,4.646200999559369
1789658959.4597044,3.6110010005359072
1789658959.459795,3.47500099815079
1789658959.4605985,3.528301000187639
1789658959.4608188,4.293600999517366
1789658959.461515,3.172901000652928
1789658959.4617257,4.964900999766542
1789658959.4618495,4.720201002783142
1789658959.4639297,3.320799998618895
1789658959.464163,5.053801000030944
1789658959.4642599,5.8014009991893545
1789658959.4644542,4.922400999930687
1789658959.4648392,4.014600999653339
1789658959.4651005,5.301402001350652
1789658959.465419,3.6884010005451273
1789658959.4655905,5.881901997781824
1789658959.4657135,4.192001000774326
1789658959.467048,5.191601001570234
1789658959.4680612,3.890700998454122
1789658959.4682493,2.825699997629272
1789658959.4685059,3.6624999993364327
1789658959.4685695,4.305000999011099
1789658959.468707,4.770300998643506
1789658959.4687924,3.687300002638949
1789658959.4688272,3.109299999778159
1789658959.469031,4.572302001179196
1789658959.4706597,5.063100998086156
1789658959.4709506,3.8951009992160834
1789658959.4719415,3.4293009994144086
1789658959.4721327,3.5562010016292334
1789658959.472737,3.905100998963462
1789658959.472838,4.768900998897152
1789658959.473145,4.433802001585718
1789658959.4733946,4.597901999659371
1789658959.4739313,4.894301000604173
1789658959.4739814,5.7275020008091815
1789658959.4741619,3.206300996680511
1789658959.4750037,2.863100999093149
1789658959.4754133,4.748100996948779
1789658959.4759102,3.9621010000701062
1789658959.4767618,2.593700002762489
1789658959.476943,2.9571000013675075
1789658959.4774694,4.31940099952044
1789658959.4776487,4.245200998411747
1789658959.4778192,5.076001998531865
1789658959.4781318,3.1221009994624183
1789658959.4783142,4.376100998342736
1789658959.4800835,3.311800999654224
1789658959.4804456,7.60290200196323
1789658959.4806669,3.1916000007186085
1789658959.4808476,3.0218000028980896
1789658959.4809945,5.577100997470552
1789658959.4813294,5.414102000941057
1789658959.4818888,3.5678009990078863
1789658959.4823213,5.373501997382846
1789658959.4829786,4.840201003389666
1789658959.4837048,3.032201002497459
1789658959.4842782,3.826101001322968
1789658959.4843965,6.741600998793729
1789658959.4846761,3.675900999951409
1789658959.4847224,4.6270009988802485
1789658959.4852326,3.3381000030203722
1789658959.4856074,4.273100999853341
1789658959.4858572,3.532000999257434
1789658959.486049,5.195302001084201
1789658959.487073,2.6711009995779023
1789658959.4878259,4.840600999159506
1789658959.487916,3.1871009996393695
1789658959.488382,4.097700999409426
1789658959.48859,4.878800998994848
1789658959.4891458,3.0915000024833716
1789658959.4897444,4.128501001105178
1789658959.4901392,5.457502000353998
1789658959.490655,3.576801002054708
1789658959.4907007,5.463601999508683
1789658959.4911463,3.223301002435619
1789658959.4912975,3.4669010019570123
1789658959.4913423,5.480701001943089
1789658959.492225,3.6307009977463167
1789658959.4935706,3.8163999997777864
1789658959.4947803,5.622902001050534
1789658959.494998,3.846501000225544
1789658959.4950538,6.665201999567216
1789658959.4951928,5.0489010027376935
1789658959.4953809,4.721001001598779
1789658959.495505,4.800000999239273
1789658959.4956412,4.339601000538096
1789658959.4963717,4.140700999414548
1789658959.4968314,3.2530009993934073
1789658959.4969337,5.58710100085591
1789658959.4982984,3.292400997452205
1789658959.4985657,3.7748009999631904
1789658959.4989593,3.9005010003165808
1789658959.4993398,3.954101000999799
1789658959.4995084,3.9982009984669276
1789658959.4999335,4.286800998670515
1789658959.500502,3.6643010025727563
1789658959.501095,5.896500999369891
1789658959.5013545,4.978201002813876
1789658959.5015929,3.2873000018298626
1789658959.5019116,4.9734020030882675
1789658959.5035148,1.5966999999363907
1789658959.5037563,4.791301002114778
1789658959.5038478,5.277300999296131
1789658959.5039504,4.012100998807
1789658959.504551,5.03780100189033
1789658959.5049748,3.615401001297869
1789658959.5054495,6.10490100007155
1789658959.5065355,5.432301997643663
1789658959.5067935,3.2722010000725277
1789658959.5069532,6.445801998779643
1789658959.5071187,5.521401999430964
1789658959.5072978,3.3424009998270776
1789658959.507814,3.961000998970121
1789658959.507927,2.9481009987648576
1789658959.508283,4.522000999713782
1789658959.5088792,4.323000997828785
1789658959.5103488,3.806501001236029
1789658959.5106232,5.16880200302694
1789658959.5110474,3.9193010015878826
1789658959.5114577,4.153500998654636
1789658959.5115557,3.6238009997759946
1789658959.5115929,4.6347009993041866
1789658959.5117936,3.9744010027789045
1789658959.5133686,4.482301003008615
1789658959.513722,5.427501000667689
1789658959.5138438,7.045401001960272
1789658959.5140727,3.4445999990566634
1789658959.5149984,4.64100099998177
1789658959.5154421,3.97800100108725
1789658959.515607,3.808300996752223
1789658959.5159407,4.380400998343248
1789658959.5160375,4.979000997991534
1789658959.516896,5.296901003021048
1789658959.5170982,3.3710009993228596
1789658959.5178792,2.8739000008499715
1789658959.5183394,4.261301000951789
1789658959.5186563,5.279401997540845
1789658959.51874,4.891802000202006
1789658959.5188,3.188601000147173
1789658959.5197127,4.26600100036012
1789658959.520301,4.25860100222053
1789658959.520492,3.388901001017075
1789658959.5213647,5.417201002273941
1789658959.5217435,4.8414010016131215
1789658959.5218925,4.008601001260104
1789658959.5222967,3.6349000001791865
1789658959.5238025,4.082800998730818
1789658959.5239084,5.561802001466276
1789658959.5239878,5.2428009985305835
1789658959.52406,3.5636009997688234
1789658959.5248592,6.054401001165388
1789658959.5249934,3.0959010000515264
1789658959.5251596,3.7884010016568936
1789658959.5254388,3.6903010004607495
1789658959.5257633,5.457201001263456
1789658959.5258813,3.5790009969787207
1789658959.5273988,2.398100998107111
1789658959.5277748,3.70690100317006
1789658959.5280988,4.179401003057137
1789658959.5287015,3.834300998278195
1789658959.52882,4.827000997465802
1789658959.5290709,5.261201000394067
1789658959.5301952,4.4238010013941675
1789658959.530575,5.128401000547456
1789658959.5316255,6.458902000304079
1789658959.5317366,3.953000999899814
1789658959.5321145,4.709901000751415
1789658959.5325892,3.8817010026832577
1789658959.5327988,4.688500997872325
1789658959.5329,3.824501000053715
1789658959.5331511,7.265801999892574
1789658959.5339112,3.706900999532081
1789658959.5350077,6.180901997140609
1789658959.5353065,4.72380200153566
1789658959.5354354,3.694400998938363
1789658959.5356913,3.096901000390062
1789658959.5359507,3.8308010007312987
1789658959.5360165,4.383900999528123
1789658959.5366805,3.8769009988754988
1789658959.5369287,4.02430099711637
1789658959.5372267,4.071000999829266
1789658959.537842,3.9257010030269157
1789658959.5385869,3.1452000002900604
1789658959.5390723,4.058200000145007
1789658959.539659,4.347301000962034
1789658959.5399468,3.990701003203867
1789658959.5401042,3.170501000568038
1789658959.5401819,4.485401001147693
1789658959.540487,4.466100999707123
1789658959.5414948,3.648101002909243
1789658959.5416365,2.5586010015103966
1789658959.5420687,4.837600998143898
1789658959.5421717,5.478900999150937
1789658959.5437655,5.171401997358771
1789658959.5439715,4.307601000618888
1789658959.5441995,4.012401001091348
1789658959.5444689,3.9767010021023452
1789658959.5445206,4.411600999446819
1789658959.544692,2.5156009978672955
1789658959.5450113,5.058501003077254
1789658959.546771,2.9949999989185017
1789658959.5470886,5.446300998301012
1789658959.5473266,5.826200998853892
1789658959.5475245,2.507801000319887
1789658959.5477169,5.642101998091675
1789658959.547871,3.6660010009654798
1789658959.548789,4.314100999181392
1789658959.5488813,4.356001001724508
1789658959.5489516,4.975400999683188
1789658959.5492442,4.54680099937832
1789658959.5511193,4.329801002313616
1789658959.5513933,4.062001000420423
1789658959.5516627,2.868501000193646
1789658959.5518534,2.967300999443978
1789658959.5523453,4.469601000891998
1789658959.5523803,4.850901001191232
1789658959.5524945,5.400502002885332
1789658959.5528138,5.090400998597033
1789658959.5531917,4.235701002471615
1789658959.553656,4.407401000207756
1789658959.5546658,3.537300999596482
1789658959.5554388,3.0871999988448806
1789658959.5555522,3.6946000000170898
1789658959.5561547,4.486000998440431
1789658959.5563924,4.006401002698112
1789658959.5564418,5.043601999204839
1789658959.557138,3.475501001958037
1789658959.5573676,4.547700998955406
1789658959.557673,5.174000998522388
1789658959.5581682,4.972101000021212
1789658959.558503,3.058001002500532
1789658959.5590737,3.5176010023860727
1789658959.5601332,5.461001997900894
1789658959.5604026,4.238600999087794
1789658959.5608675,4.418701002578018
1789658959.5611691,3.795401000388665
1789658959.5617168,5.316701000992907
1789658959.561958,4.813501000171527
1789658959.562215,4.042201002448564
1789658959.5623248,3.8162009986990597
1789658959.5624285,3.350400998897385
1789658959.5626237,4.946600998664508
1789658959.565134,3.9524010026070755
1789658959.5655704,4.693500999565003
1789658959.5659397,3.9760010004101787
1789658959.566062,4.338500999438111
1789658959.5661762,3.743100998690352
1789658959.5663822,6.243800999072846
1789658959.5664446,4.114600997127127
1789658959.5666342,6.224700999155175
1789658959.5674546,4.826200998650165
1789658959.56809,2.9451009977492504
1789658959.568318,6.098001998907421
1789658959.5684304,2.0432009987416677
1789658959.5694416,3.8639010017504916
1789658959.5699592,3.5091009995085187
1789658959.570352,4.169001000263961
1789658959.5705097,3.8712009991286322
1789658959.5710814,5.13680100266356
1789658959.5716927,4.232600997056579
1789658959.5718622,3.7669000012101606
1789658959.572731,6.6642019992286805
1789658959.5729442,2.9799010007991455
1789658959.5729804,4.544501000054879
1789658959.5737994,3.2838010010891594
1789658959.574368,4.920200997730717
1789658959.5746496,4.2892010023933835
1789658959.5749571,6.634200999542372
1789658959.5753787,4.291901001124643
1789658959.575508,3.8109009983600117
1789658959.5762649,4.398301000037463
1789658959.5764062,3.6702010002045427
1789658959.5768235,3.874800997436978
1789658959.5779378,4.127300999243744
1789658959.578567,3.909901002771221
1789658959.5787992,5.81230099851382
1789658959.5792062,3.6914009979227558
1789658959.5795436,5.1702009986911435
1789658959.5797915,4.407001000799937
1789658959.5799015,4.9397010006941855
1789658959.580784,4.508901998633519
1789658959.5815182,3.5655009996844456
1789658959.5821466,3.341201001603622
1789658959.5823767,5.966200998955173
1789658959.582651,4.077901001437567
1789658959.5830386,3.8270009972620755
1789658959.5838416,4.044700999656925
1789658959.5840847,3.2906999986153096
1789658959.5843155,4.767300997627899
1789658959.5851028,8.27310200111242
1789658959.585226,3.0747009986953344
1789658959.5855718,4.048401002364699
1789658959.5858033,3.147000999888405
1789658959.5860472,6.140702000266174
1789658959.5871947,4.150501001277007
1789658959.587463,3.616201000113506
1789658959.5878959,3.5747010006161872
1789658959.5880713,2.962999998999294
1789658959.5889153,2.8631010027311277
1789658959.5890758,4.9858019992825575
1789658959.5897052,4.128600998228649
1789658959.5897763,7.39490200066939
1789658959.590238,5.007501000363845
1789658959.590797,3.5973010017187335
1789658959.5908399,5.030901000282029
1789658959.5914989,3.597701001126552
1789658959.5922847,3.203899999789428
1789658959.5924087,4.332401000283426
1789658959.5929213,5.453202000353485
1789658959.5937893,4.006200997537235
1789658959.5939271,5.00640099926386
1789658959.594525,4.276800998923136
1789658959.595429,3.919900998880621
1789658959.5958261,6.110400998295518
1789658959.5962143,5.411600999650545
1789658959.5969608,3.02720100080478
1789658959.5972557,4.963802002748707
1789658959.5974538,5.039301999204326
1789658959.5980265,4.228000998409698
1789658959.5983295,5.403800998465158
1789658959.598555,7.710302001214586
1789658959.5993376,3.899801002262393
1789658959.599626,5.090500999358483
1789658959.59992,3.7004010009695776
1789658959.6004364,1.8751999996311497
1789658959.6009219,3.6610999995900784
1789658959.6011138,3.080900998611469
1789658959.6014137,3.954101000999799
1789658959.6018083,5.973201998131117
1789658959.6020074,5.041100997914327
1789658959.6027539,4.419101001985837
1789658959.6027906,3.4486010008549783
1789658959.603497,3.57170099960058
1789658959.6041563,3.714000999025302
1789658959.6043892,4.757401002279948
1789658959.6054277,4.500101997109596
1789658959.6056163,4.496700999879977
1789658959.6059084,3.1497009986196645
1789658959.6063306,4.317800998251187
1789658959.6064582,5.039801002567401
1789658959.6071792,4.384100997413043
1789658959.6075473,5.734400998335332
1789658959.608368,2.933899999334244
1789658959.6089966,4.83460100076627
1789658959.6093872,4.991901998437243
1789658959.609458,3.837301002931781
1789658959.6099331,3.5973009980807547
1789658959.610059,3.596601000026567
1789658959.610904,7.4022020016855095
1789658959.61168,2.6759009997476824
1789658959.612029,6.1149009998189285
1789658959.6125767,3.1812999986868817
1789658959.6126783,4.304901001887629
1789658959.612808,5.6242010032292455
1789658959.6129308,5.378200999984983
1789658959.6137748,4.298101001040777
1789658959.6144102,4.470500996831106
1789658959.6151369,4.226200999255525
1789658959.615331,5.267001000902383
1789658959.61589,3.20630100031849
1789658959.6163924,4.705500999989454
1789658959.616638,3.8241009970079176
1789658959.6168373,4.801800998393446
1789658959.6171935,4.611200998624554
1789658959.6173701,4.434900998603553
1789658959.6178205,4.038400998979341
1789658959.6191783,4.035001002193894
1789658959.6197476,5.330400999810081
1789658959.619994,4.098600998986512
1789658959.620399,3.0244009976740927
1789658959.620536,4.1381009978067596
1789658959.6208603,4.214501001115423
1789658959.6210349,4.193100998236332
1789658959.6211038,3.9062010000634473
1789658959.621695,6.358601000101771
1789658959.6223006,3.116501000477001
1789658959.6226952,4.870001001108903
1789658959.6240137,4.014001002360601
1789658959.6244485,3.4086010018654633
1789658959.6245384,3.998101001343457
1789658959.6251447,5.389801001001615
1789658959.6252701,4.1617009992478415
1789658959.6254416,3.741800999705447
1789658959.6257772,5.373200998292305
1789658959.626167,3.861100998619804
1789658959.6262581,3.5588009995990433
1789658959.6268616,5.995102001179475
1789658959.6273236,3.304301000753185
1789658959.629233,3.448000999924261
1789658959.6296792,3.415299997868715
1789658959.629784,4.634001001249999
1789658959.6299229,4.477201000554487
1789658959.630143,5.599601998255821
1789658959.6305869,5.311501998221502
1789658959.6309934,4.127300999243744
1789658959.6310349,6.581502002518391
1789658959.631644,2.4043010016612243
1789658959.6323037,4.974301002221182
1789658959.6324975,2.347500001633307
1789658959.6329677,3.1791010005690623
1789658959.633263,7.091600997227943
1789658959.6333606,3.67580099918996
1789658959.6346667,4.737502000352833
1789658959.6354525,3.1431009992957115
1789658959.6357539,4.7542009997414425
1789658959.6360493,4.400000998430187
1789658959.636198,5.605900998489233
1789658959.6362429,5.203100998187438
1789658959.6363277,3.824700997938635
1789658959.6367528,3.3872009989863727
1789658959.6369548,3.982900998380501
1789658959.6377387,3.06559999808087
1789658959.6377993,4.53190100233769
1789658959.6387928,2.588300998468185
1789658959.639284,3.5238009986642282
1789658959.6396055,2.8471010009525344
1789658959.6400244,4.56600100005744
1789658959.6401863,4.13300099899061
1789658959.6403947,2.5911010015988722
1789658959.6407964,4.549301000224659
1789658959.6412563,4.924501001369208
1789658959.6419628,4.218701000354486
1789658959.6428607,5.9000020009989385
1789658959.6430094,2.9801010023220442
1789658959.6435146,3.3239010008401237
1789658959.6437674,4.15730099848588
1789658959.6440623,5.26290099878679
1789658959.6442382,4.94810100281029
1789658959.6452794,4.475600999285234
1789658959.645657,5.256500997347757
1789658959.645815,4.554101000394439
1789658959.6459615,3.993300997535698
1789658959.6472013,4.333600998506881
1789658959.647793,4.777501002536155
1789658959.6481109,4.589500997099094
1789658959.6486888,3.4022010004264303
1789658959.6488647,4.797200999746565
1789658959.6490104,4.747900999063859
1789658959.6493492,3.6860010004602373
1789658959.6495512,3.731800999958068
1789658959.6502397,4.273901002306957
1789658959.6503704,6.597400999453384
1789658959.6504412,3.2339999997930136
1789658959.6520545,3.3588010010134894
1789658959.6525722,4.771400999743491
1789658959.6529474,3.5926010023104027
1789658959.653126,4.110801000933861
1789658959.653266,3.710801000124775
1789658959.6535327,3.1578010020894
1789658959.6539595,5.842901002324652
1789658959.6542268,5.355600998882437
1789658959.654602,4.357701000117231
1789658959.6555393,5.092702002002625
1789658959.6557493,3.6877009988529608
1789658959.6566427,4.063200998643879
1789658959.6570807,4.126601001189556
1789658959.657262,4.131900997890625
1789658959.6574337,4.163901001447812
1789658959.6575823,3.618800998083316
1789658959.6587205,5.182401000638492
1789658959.6590142,3.470201001618989
1789658959.6593535,3.597400998842204
1789658959.6595504,4.944202002661768
1789658959.6602485,3.5986010007036384
1789658959.6603239,6.092502000683453
1789658959.6613376,4.246800999681
1789658959.661702,2.9712010000366718
1789658959.6625087,4.920900999422884
1789658959.6627471,5.308501000399701
1789658959.6630812,5.813301999296527
1789658959.6634228,4.402301001391606
1789658959.6640568,4.501000999880489
1789658959.6643393,4.980401001375867
1789658959.6646738,3.3265010024479125
1789658959.6650078,3.2987010017677676
1789658959.6651204,4.791701001522597
1789658959.6662688,6.014100999891525
1789658959.6664224,2.0777999998244923
1789658959.6665869,3.8350009999703616
1789658959.666701,3.2735000022512395
1789658959.6678479,4.758500999741955
1789658959.66817,3.1571010003972333
1789658959.6683154,5.80050200005644
1789658959.66848,4.417700998601504
1789658959.6687458,2.471501000400167
1789658959.6695442,3.1169009998848196
1789658959.6704216,3.71450099919457
1789658959.6714559,2.7030009987356607
1789658959.671527,6.847902001027251
1789658959.6716132,5.022201999963727
1789658959.6721282,3.952301001845626
1789658959.67274,4.254400999343488
1789658959.6729891,7.86440199954086
1789658959.673071,5.215100998611888
1789658959.673553,4.003201000159606
1789658959.6738229,3.3964009999181144
1789658959.673871,5.5510009988211095
1789658959.6747618,3.143800000543706
1789658959.6751068,3.642800002126023
1789658959.6759589,4.425801002071239
1789658959.677155,3.5967010007880162
1789658959.677297,5.163301000720821
1789658959.677361,4.615000998455798
1789658959.6776361,3.7603009986924008
1789658959.6776826,4.607600996678229
1789658959.6783645,5.368800997530343
1789658959.6784954,3.3816010000009555
1789658959.6786857,4.856900999584468
1789658959.6788118,4.037301001517335
1789658959.6800158,2.3718010015727486
1789658959.6806917,3.3888010002556257
1789658959.680927,3.561100998922484
1789658959.6810682,5.103000999952201
1789658959.6818116,3.3101010012615006
1789658959.6822984,5.137501000717748
1789658959.6825037,4.816700999072054
1789658959.6828284,4.012200999568449
1789658959.68312,4.429200998856686
1789658959.6834526,3.4268999988853466
1789658959.6842597,5.886701997951604
1789658959.6847143,3.7809009991178755
1789658959.6850462,2.742101001786068
1789658959.6860383,4.218001002300298
1789658959.6862383,3.7296010013960768
1789658959.687044,4.209601000184193
1789658959.6872766,6.203600998560432
1789658959.6874816,6.782501000998309
1789658959.688216,5.090501999802655
1789658959.6886368,3.5535009992599953
1789658959.6888816,4.613801000232343
1789658959.6890543,5.595701997663127
1789658959.689261,4.541500999039272
1789658959.6894858,3.441000997554511
1789658959.6899183,2.6372009997430723
1789658959.6904645,2.976601001137169
1789658959.6906369,4.3941010007984005
1789658959.6915207,4.470200998184737
1789658959.6925192,3.6317009980848525
1789658959.692797,3.7383010021585505
1789658959.6929116,4.690500998549396
1789658959.6930323,4.388301000290085
1789658959.6935196,4.253601000527851
1789658959.6946738,4.030400999909034
1789658959.6948225,5.331600998033537
1789658959.6950471,4.576900999381905
1789658959.6951575,5.234800999460276
1789658959.6952949,2.378799999860348
1789658959.6968703,4.0634010001667775
1789658959.6973667,5.840202000399586
1789658959.6978478,4.8088010007631965
1789658959.6980555,2.89180099935038
1789658959.6981936,5.669600999681279
1789658959.6987617,3.462001001025783
1789658959.698945,4.117401000257814
1789658959.6992052,5.680600999767194
1789658959.6994834,4.8035010004241485
1789658959.699845,4.792501000338234
1789658959.700786,3.4136009999201633
1789658959.7009072,4.027500999654876
1789658959.7012045,3.143000998534262
1789658959.702172,3.9720009990560357
1789658959.7024593,3.691501002322184
1789658959.7029474,3.737601000466384
1789658959.703549,2.3387999972328544
1789658959.7035975,5.7434010013821535
1789658959.7041976,5.246701002761256
1789658959.7043717,3.5805999978038017
1789658959.7050037,5.513801999768475
1789658959.7051966,4.284801001631422
1789658959.7059,3.719001000717981
1789658959.7063043,6.453401998442132
1789658959.7064369,3.484801000013249
1789658959.7069964,3.4420010015310254
1789658959.7071304,4.66530099947704
1789658959.7071896,2.9871010010538157
1789658959.7086017,4.996902000129921
1789658959.7088351,3.6341010018077213
1789658959.7091413,3.2345010004064534
1789658959.7096155,5.236902001342969
1789658959.7100835,5.073401000117883
1789658959.7103724,4.063901000336045
1789658959.710716,3.5808009997708723
1789658959.7107785,3.7759009974251967
1789658959.7115514,5.107900997245451
1789658959.7117326,4.537401000561658
1789658959.7131748,4.326000998844393
1789658959.7134643,4.3172009973204695
1789658959.7139053,4.2825009986700024
1789658959.7141767,5.5486009987362195
1789658959.7149658,4.587601000821451
1789658959.715034,4.945400996803073
1789658959.7154696,4.685800999141065
1789658959.7155745,4.851900997891789
1789658959.715696,4.138300999329658
1789658959.716459,4.72110099872225
1789658959.717008,3.8217010005610064
1789658959.7172308,3.3206010011781473
1789658959.7180538,3.8702010024280753
1789658959.718715,3.7430009979289025
1789658959.7192345,5.764000998169649
1789658959.719342,3.6413009984244127
1789658959.7198415,4.802100997039815
1789658959.7199626,4.383901003166102
1789658959.7201655,4.691001002356643
1789658959.7206457,4.179101000772789
1789658959.721223,4.210000999592012
1789658959.7222812,5.043400997237768
1789658959.7226403,4.580601002089679
1789658959.7232704,3.423800997552462
1789658959.7233014,4.5820010018360335
1789658959.7236707,4.431400997418677
1789658959.7238169,3.8496009983646218
1789658959.7242641,4.917500998999458
1789658959.7246435,4.473501001484692
1789658959.725507,3.217700999812223
1789658959.725649,4.421400997671299
1789658959.726471,5.818802001158474
1789658959.727257,3.9812009999877773
1789658959.7275715,3.3021009985532146
1789658959.7278876,5.2415009995456785
1789658959.7286737,4.995400999177946
1789658959.7291052,5.280401001073187
1789658959.7291825,5.876601997442776
1789658959.729453,4.804501997568877
1789658959.7297523,4.23950099866488
1789658959.730068,2.491101000487106
1789658959.7305746,4.919701001199428
1789658959.7311416,2.4605010003142525
1789658959.731615,5.136700998264132
1789658959.7319992,4.736000999400858
1789658959.7321658,3.054501001315657
1789658959.7322009,4.299700998672051
1789658959.7332003,3.741799999261275
1789658959.7333345,4.147701001784299
1789658959.7334027,3.328701001009904
1789658959.7341444,3.5633009974844754
1789658959.7358806,3.672101000120165
1789658959.7361882,5.0420010011293925
1789658959.7362723,2.865300000848947
1789658959.7364476,4.826001000765245
1789658959.7365413,6.784401000913931
1789658959.7365751,3.2362999991164543
1789658959.736771,3.5652009974000975
1789658959.7373936,5.222900999797275
1789658959.7382586,6.252902003325289
1789658959.7391238,2.844601000106195
1789658959.7392776,3.3889009973790962
1789658959.7395844,3.1330010024248622
1789658959.7401006,2.7020010020351037
1789658959.7406735,6.524601001729025
1789658959.7407224,4.52970100013772
1789658959.7409394,4.163100998994196
1789658959.7417727,5.191402000491507
1789658959.7420614,5.513002000952838
1789658959.7430823,2.975700997922104
1789658959.7432501,4.9863009990076534
1789658959.743319,3.7298009992809966
1789658959.7436085,4.479201001231559
1789658959.7438467,4.564101000141818
1789658959.7452588,3.4735000008367933
1789658959.745915,4.968901997926878
1789658959.7460263,5.3478020017792005
1789658959.7461736,5.446601997391554
1789658959.7462997,4.231401002471102
1789658959.7474434,4.187400998489466
1789658959.7479825,4.891000997304218
1789658959.7482212,4.338400998676661
1789658959.7482839,4.9604010018811096
1789658959.748709,3.441401000600308
1789658959.7491267,5.512501000339398
1789658959.7492929,3.371099999640137
1789658959.7496893,3.6588000002666377
1789658959.7497735,3.595800000766758
1789658959.7501714,3.866601000481751
1789658959.7517784,3.5501010024745483
1789658959.7520971,2.7989009977318347
1789658959.7522688,4.277400999853853
1789658959.7523773,4.089000998646952
1789658959.7528815,5.432100999314571
1789658959.7531123,3.979301000072155
1789658959.7535348,4.820900998311117
1789658959.7540696,3.8935010015848093
1789658959.7546618,4.883102003077511
1789658959.75493,5.235201999312267
1789658959.7557342,3.46040099975653
1789658959.7562058,4.418000997247873
1789658959.7563689,2.8299009973125067
1789658959.7566435,4.541500999039272
1789658959.7570739,4.187100999843096
1789658959.7574704,3.3962000015890226
1789658959.7577593,5.377100998884998
1789658959.758039,4.920301002130145
1789658959.7592955,2.920601000369061
1789658959.759954,3.302700999483932
1789658959.7600877,4.348000999016222
1789658959.7602084,5.273000999295618
1789658959.7602997,4.089000998646952
1789658959.7609124,6.2434009996650275
1789658959.7609515,3.8658010016661137
1789658959.7611806,3.705200997501379
1789658959.761226,3.181400999892503
1789658959.76175,3.98540099922684
1789658959.7633042,3.9977009982976597
1789658959.7636714,3.5745010027312674
1789658959.7638948,2.661500999238342
1789658959.7650816,4.774000997713301
1789658959.7654445,5.230301001574844
1789658959.7658708,5.910100997425616
1789658959.7659862,4.800201000762172
1789658959.7660842,5.127901000378188
1789658959.7663062,4.549700999632478
1789658959.766757,3.4420010015310254
1789658959.7671192,6.201301999681164
1789658959.7674751,2.3879010004748125
1789658959.7681482,4.247401000611717
1789658959.7683587,4.676800999732222
1789658959.7686381,3.1884009986242745
1789658959.7697022,3.7115009981789626
1789658959.7703648,4.052601001603762
1789658959.7704926,4.403701001137961
1789658959.7707462,3.267001000494929
1789658959.7714314,5.55620199884288
1789658959.7715294,2.8848010006186087
1789658959.7715964,4.834701001527719
1789658959.7716954,3.331601001264062
1789658959.7727787,4.625300996849546
1789658959.7735639,6.438001000788063
1789658959.774337,3.8382010025088675
1789658959.7745159,4.809001002286095
1789658959.7748344,4.463902001589304
1789658959.7749813,3.380100999493152
1789658959.775303,3.6031009985890705
1789658959.7755883,4.151700999500463
1789658959.775981,3.1969010015018284
1789658959.7764237,5.672800998581806
1789658959.7767282,3.1567010009894148
1789658959.7774107,5.874900998605881
1789658959.7781417,3.6196010005369317
1789658959.7782345,3.8906010013306513
1789658959.778845,3.856300998450024
1789658959.779042,4.201600997475907
1789658959.7793078,4.0001010020205285
1789658959.7803888,4.793101001268951
1789658959.781117,5.129901001055259
1789658959.7814472,4.714400998636847
1789658959.7815897,5.161201002920279
1789658959.7823741,4.226501001539873
1789658959.7828655,4.624100998626091
1789658959.7830555,5.637501999444794
1789658959.7833052,3.992201000073692
1789658959.78425,3.8535009989573155
1789658959.7845724,3.120001001661876
1789658959.7847905,3.6680010016425513
1789658959.7848878,6.035001002601348
1789658959.7853794,6.332200999167981
1789658959.7855914,3.99750100041274
1789658959.7858634,3.4842010027205106
1789658959.7875473,4.235000997141469
1789658959.7880967,3.2022010018408764
1789658959.7884169,3.6216009975760244
1789658959.7885654,4.311001001042314
1789658959.7888813,5.820400998345576
1789658959.7891505,4.57320100031211
1789658959.7892272,6.356501999107422
1789658959.7893708,3.7754010008939076
1789658959.7895174,4.12560100085102
1789658959.7897165,3.8485010009026155
1789658959.7900598,1.9566000009945128
1789658959.7911434,3.5884999997506384
1789658959.791916,2.683700997295091
1789658959.7926536,4.230200996971689
1789658959.7927856,3.900001000147313
1789658959.7929394,3.564300997823011
1789658959.7931147,3.5933010003645904
1789658959.7931468,4.577101000904804
1789658959.7936053,3.541201000189176
1789658959.7947578,3.607200997066684
1789658959.7957337,6.5765020008257125
1789658959.79599,6.266001997573767
1789658959.7962787,4.3554010007937904
1789658959.7967978,4.005701001005946
1789658959.7970245,3.873001001920784
1789658959.7972813,4.162401000940008
1789658959.7975478,4.603801000484964
1789658959.7983117,5.650500999763608
1789658959.799153,3.1569000020681415
1789658959.7993078,3.5679000029631425
1789658959.799381,5.771601001470117
1789658959.800287,5.5208019985002466
1789658959.80064,3.835701001662528
1789658959.8008592,3.3071010002458934
1789658959.8010397,3.7536009986069985
1789658959.8011992,4.912000997137511
1789658959.801909,3.5914010004489683
1789658959.802546,5.514800999662839
1789658959.8028846,2.237499997136183
1789658959.8030717,3.9126010015024804
1789658959.8034687,2.2653000014543068
1789658959.8039162,3.0511010008922312
1789658959.804397,5.084701999294339
1789658959.8051844,4.889300998911494
1789658959.8056092,4.564400998788187
1789658959.8057384,3.8249009994615335
1789658959.8059354,6.550101999891922
1789658959.8066196,3.530400997988181
1789658959.8068867,3.412700996705098
1789658959.8079019,3.49910099976114
1789658959.8080225,5.132202000822872
1789658959.8083544,4.432501002156641
1789658959.80864,6.087702000513673
1789658959.8090496,3.8593009994656313
1789658959.809385,3.4447010002622847
1789658959.8103204,4.574201000650646
1789658959.811032,2.3842000009608455
1789658959.8112042,2.8449999990698416
1789658959.8112447,4.354000997409457
1789658959.8113308,4.705301002104534
1789658959.8115444,5.929300998104736
1789658959.8120596,4.032000997540308
1789658959.8130856,5.1769010024145246
1789658959.8136442,4.252001002896577
1789658959.8140426,4.987901000276906
1789658959.8145258,4.196300997136859
1789658959.8146305,3.5915010012104176
1789658959.8153217,3.986201001680456
1789658959.8157725,3.7078000023029745
1789658959.8158042,4.2539009991742205
1789658959.8162475,5.03840199962724
1789658959.81629,5.040901996835601
1789658959.8166335,3.542500999174081
1789658959.8178043,3.755901001568418
1789658959.818069,3.5363009992579464
1789658959.8187797,5.1273009994474705
1789658959.8196666,4.339000999607379
1789658959.8198042,3.5098000007565133
1789658959.819982,3.7300000003597233
1789658959.8206444,6.008902000758098
1789658959.8208995,5.0907019976875745
1789658959.821002,5.225502001849236
1789658959.8223174,2.644001000589924
1789658959.8224611,4.387300999951549
1789658959.8227737,6.135001000075135
1789658959.8233442,3.3562009994057007
1789658959.8234508,3.6420010001165792
1789658959.8238094,5.023001001973171
1789658959.8238528,6.043401001079474
1789658959.824794,3.7878010007261764
1789658959.8249605,4.05560099898139
1789658959.8251,2.6341009979660157
1789658959.8253691,4.718800999398809
1789658959.8269708,4.190201001620153
1789658959.827574,4.109600999072427
1789658959.8279934,2.8885000028822105
1789658959.828179,2.8055000002495944
1789658959.8282716,3.473400000075344
1789658959.8288553,4.997002000891371
1789658959.829202,6.8791019984928425
1789658959.8294737,6.121402002463583
1789658959.8299248,6.10770200000843
1789658959.830075,5.108900997583987
1789658959.830638,3.050500999961514
1789658959.8318183,4.8385010013589635
1789658959.8318708,3.5941009991802275
1789658959.8327465,4.747701997985132
1789658959.8329883,4.127800999413012
1789658959.8332045,5.020101998525206
1789658959.8333938,3.3125010013463907
1789658959.833472,3.993000998889329
1789658959.8338838,4.676401000324404
1789658959.834368,4.436700997757725
1789658959.8346016,3.9593010005773976
1789658959.8353732,3.5491009984980337
1789658959.8360739,4.196501002297737
1789658959.836552,3.0743999996047933
1789658959.8366327,3.3951000004890375
1789658959.8370178,4.266500996891409
1789658959.8374908,4.497301000810694
1789658959.837956,4.066200999659486
1789658959.8380406,3.6672009991889354
1789658959.8381202,4.721501001768047
1789658959.839851,4.471100997761823
1789658959.8401105,4.0300010005012155
1789658959.8407037,6.096301000070525
1789658959.8410704,4.430901000887388
1789658959.8413503,3.2250009971903637
1789658959.8418386,4.342401000030804
1789658959.8423734,4.326501002651639
1789658959.8424935,5.9371019997342955
1789658959.842981,2.8641009994316846
1789658959.8440945,7.067201000609202
1789658959.84421,4.353401000116719
1789658959.8443387,6.378500998835079
1789658959.8445468,2.70259999888367
1789658959.8445802,3.8707009989593644
1789658959.8448958,3.5392009995121043
1789658959.8452816,4.201600997475907
1789658959.8464065,3.418800999497762
1789658959.8466482,4.147400999499951
1789658959.8467748,4.396201002236921
1789658959.8482876,4.182501001196215
1789658959.8488712,4.285901002731407
1789658959.8490973,4.545202002191218
1789658959.849245,4.9018019999493845
1789658959.849701,4.799901002115803
1789658959.8500283,5.813502000819426
1789658959.850203,3.546801002812572
1789658959.8502364,4.947801000525942
1789658959.8511016,4.689700999733759
1789658959.8521626,5.380701000831323
1789658959.8523345,4.040301002532942
1789658959.8527477,3.8708009997208137
1789658959.8533683,4.265701001713751
1789658959.8537257,2.6198009982181247
1789658959.8538039,3.563301001122454
1789658959.8550448,5.794700999103952
1789658959.8552153,5.181301003176486
1789658959.855264,5.558801000006497
1789658959.8553271,3.157901002850849
1789658959.8561077,3.767801001231419
1789658959.8561807,5.973201001324924
1789658959.8573532,3.6222009985067416
1789658959.8575256,3.717701001733076
1789658959.8576412,4.266601001290837
1789658959.857808,5.054101999121485
1789658959.859549,3.362101000675466
1789658959.8596778,4.457901002751896
1789658959.859723,4.454201000044122
1789658959.859806,4.4744010010617785
1789658959.8600013,4.951301001710817
1789658959.8603399,4.227100998832611
1789658959.8610837,3.550199999153847
1789658959.8615713,4.211100997054018
1789658959.8617911,4.144801001530141
1789658959.8627403,4.922400999930687
1789658959.862918,3.1073009995452594
1789658959.8631206,3.39260100008687
1789658959.8637178,2.6259010010107886
1789658959.864519,4.171100998064503
1789658959.8648267,5.142700996657368
1789658959.8658044,4.006101000413764
1789658959.8659413,6.384502001310466
1789658959.8661592,3.411600999243092
1789658959.866372,6.366501998854801
1789658959.8667798,3.0559009974240325
1789658959.8678265,4.699500997958239
1789658959.8681436,3.6167010002827737
1789658959.8682482,3.415300998312887
1789658959.8683152,6.7386010014161
1789658959.8686364,5.7132010006171186
1789658959.8689551,3.145099999528611
1789658959.869298,3.351499999553198
1789658959.8694592,3.2957000003079884
1789658959.8701658,3.789000998949632
1789658959.8711789,3.0291010007204022
1789658959.8716412,3.808100998867303
1789658959.8717911,5.006100996979512
1789658959.872652,4.332300999521976
1789658959.872695,4.041601001517847
1789658959.872809,4.555000999971526
1789658959.872993,4.033500998048112
1789658959.8737743,3.6021000014443416
1789658959.8738768,4.573202000756282
1789658959.8747668,3.120200999546796
1789658959.8748844,5.4204020016186405
1789658959.875025,3.841701000055764
1789658959.875665,3.8681010009895544
1789658959.875987,3.1726010020065587
1789658959.8767514,4.051501000503777
1789658959.8770468,4.049301001941785
1789658959.8773353,4.677801000070758
1789658959.8779333,4.149800999584841
1789658959.8785865,4.703201000666013
1789658959.8793178,4.285901002731407
1789658959.8793902,3.720201002579415
1789658959.8796394,4.750300999148749
1789658959.8802907,5.515801000001375
1789658959.8811495,3.806800999882398
1789658959.8813796,5.386901000747457
1789658959.8816285,4.872400997555815
1789658959.882399,4.457101997104473
1789658959.8826914,3.3675009981379844
1789658959.8827524,4.1596010014472995
1789658959.8830585,6.007601998135215
1789658959.883399,4.004401002021041
1789658959.884224,4.579501000989694
1789658959.8846443,4.345400997408433
1789658959.884957,3.801201000896981
1789658959.8855538,4.1686010008561425
1789658959.8857102,4.076700999576133
1789658959.8862162,3.1527010032732505
1789658959.8863323,3.927600999304559
1789658959.8871667,2.515200998459477
1789658959.8874736,4.716501000075368
1789658959.888046,4.641900999558857
1789658959.8884249,2.8657009970629588
1789658959.8885822,2.8678010021394584
1789658959.8888679,6.171600998641225
1789658959.8889089,4.679500998463482
1789658959.8895893,4.627800997695886
1789658959.889872,3.651000002719229
1789658959.89093,3.45060100153205
1789658959.8914857,4.310300999350147
1789658959.8916912,3.6404009988473263
1789658959.892113,5.774801000370644
1789658959.8922837,3.411100999073824
1789658959.8923168,3.8867010007379577
1789658959.892522,3.9357009991363157
1789658959.8932796,4.3655010013026185
1789658959.893337,3.4595010001794435
1789658959.8943172,3.375600001163548
1789658959.8954813,5.881601999135455
1789658959.896391,4.6920009990572
1789658959.896498,4.175000998657197
1789658959.8972309,4.701901001681108
1789658959.897463,5.968501001916593
1789658959.8975327,3.2067009997263085
1789658959.8976693,5.381101000239141
1789658959.8978536,5.73460099985823
1789658959.8985586,5.273701000987785
1789658959.8994057,3.914300999895204
1789658959.8995047,6.16350199925364
1789658959.9007192,4.212700998323271
1789658959.9010942,3.6243009999452624
1789658959.9012864,4.887600996880792
1789658959.9018645,4.189400999166537
1789658959.902194,4.957001001457684
1789658959.9024358,4.897901002550498
1789658959.9027307,3.319999999803258
1789658959.9027781,4.919502000120701
1789658959.903225,4.660202001105063
1789658959.903799,4.289901000447571
1789658959.9044816,3.7544010010606144
1789658959.9048178,3.7160009997023735
1789658959.9053893,3.190201001416426
1789658959.905866,3.995600996859139
1789658959.9068007,5.505600998731097
1789658959.9071054,4.369602000224404
1789658959.9071746,4.734501999337226
1789658959.9073484,3.5451010007818695
1789658959.9079564,4.726400999061298
1789658959.9082198,5.437201001768699
1789658959.9084241,3.938001002097735
1789658959.9087782,3.9548009990539867
1789658959.908921,3.5263009995105676
1789658959.9107232,4.847001000598539
1789658959.9109051,4.095401000085985
1789658959.9111552,3.974301002017455
1789658959.9114535,4.1000010023708455
1789658959.9117799,2.994600999954855
1789658959.9120784,4.967901000782149
1789658959.912743,4.780101000505965
1789658959.9129338,4.008201001852285
1789658959.913234,5.0094010002794676
1789658959.914604,3.866300998197403
1789658959.914856,3.6952999980712775
1789658959.9150689,6.639400999119971
1789658959.9155262,4.616101999999955
1789658959.9156358,3.5517010001058225
1789658959.9157755,3.9898009999888018
1789658959.9158769,4.4182009987707715
1789658959.9171176,2.5048009993042797
1789658959.9180212,3.160501000820659
1789658959.918235,4.995700997824315
1789658959.9184833,3.4099009972123895
1789658959.918781,3.139299999020295
1789658959.9195235,6.772701999580022
1789658959.9197135,6.775101999664912
1789658959.9197793,3.999401000328362
1789658959.9198194,2.694401002372615
1789658959.9198594,4.328500999690732
1789658959.9207106,4.829001001780853
1789658959.9219382,3.696300998853985
1789658959.9222448,3.757201000553323
1789658959.9224832,2.9544999997597188
1789658959.9227376,2.91319999814732
1789658959.922963,3.1791000001248904
1789658959.9230573,5.031201002566377
1789658959.9232292,4.443001002073288
1789658959.923701,3.9828010012570303
1789658959.9258056,2.5703010032884777
1789658959.9261236,3.6331009978312068
1789658959.926622,4.67470100193168
1789658959.9267468,3.684900999360252
1789658959.9269228,7.058600996970199
1789658959.92717,6.455000999267213
1789658959.9278562,5.111802001920296
1789658959.9279695,4.263901002559578
1789658959.9284093,6.159302000014577
1789658959.92865,5.681301998265553
1789658959.9286995,2.8882010010420345
1789658959.9300826,3.949000998545671
1789658959.9303184,3.3903009971254505
1789658959.9307861,2.922200001194142
1789658959.931357,4.181100997811882
1789658959.9317737,3.799000998697011
1789658959.931864,5.1127019978594035
1789658959.932843,4.426601000886876
1789658959.9330504,6.422201997338561
1789658959.933102,4.398401000798913
1789658959.9335725,3.482400999928359
1789658959.9336455,2.2834009978396352
1789658959.9343798,5.7235009990108665
1789658959.9345052,4.1813009993347805
1789658959.935016,4.223801002808614
1789658959.9352899,3.42100000125356
1789658959.9364219,3.5703009998542257
1789658959.9366508,3.5951009995187633
1789658959.9372716,5.491700998391025
1789658959.9375436,3.965301002608612
1789658959.9377556,4.106001000764081
1789658959.9380727,3.0520010004693177
1789658959.9388454,5.7381010010431055
1789658959.9389808,3.686501000629505
1789658959.9391425,4.755201000079978
1789658959.9402192,3.788701000303263
1789658959.9404016,5.891001997952117
1789658959.9406357,3.0867009991197847
1789658959.940801,3.040900999621954
1789658959.9413066,4.028700997878332
1789658959.9416144,3.5366010015422944
1789658959.9424758,3.489000999252312
1789658959.9432826,6.625901001825696
1789658959.944154,3.5090009987470694
1789658959.9444578,4.0480009993189014
1789658959.9445953,5.445901999337366
1789658959.944683,5.830501999298576
1789658959.944975,4.16920100178686
1789658959.9453497,4.037201000755886
1789658959.9455464,3.927000998373842
1789658959.946139,5.9127009990334045
1789658959.9463441,3.8623010004812386
1789658959.9473143,3.1512999994447455
1789658959.9482524,3.5626009994302876
1789658959.9484258,3.445100999670103
1789658959.9485404,5.2529019994835835
1789658959.948801,3.2401010030298494
1789658959.9490652,4.598501000145916
1789658959.9496393,4.283401001885068
1789658959.9500163,5.415800998889608
1789658959.950418,3.0986010024207644
1789658959.9513693,2.822099999320926
1789658959.9515262,3.0956999980844557
1789658959.9525762,6.430202000046847
1789658959.9529717,6.622502001846442
1789658959.9531572,4.898300998320337
1789658959.9534695,3.8252009981079027
1789658959.9537492,4.677701002947288
1789658959.9541447,3.7224010011414066
1789658959.954397,5.591700999502791
1789658959.954499,4.4784010024159215
1789658959.9554133,4.037201000755886
1789658959.9557142,4.1837009994196706
1789658959.9562082,3.231700000469573
1789658959.956909,3.4330010021221824
1789658959.9571924,3.436601000430528
1789658959.9576824,5.098700999951689
1789658959.9579482,3.546601001289673
1789658959.9582648,3.761100997508038
1789658959.9586015,4.451700999197783
1789658959.958743,5.580401000770507
1789658959.9588997,3.4818009989976417
1789658959.9593325,3.6134010006207973
1789658959.9600346,3.1190000008791685
1789658959.9616866,5.469802003062796
1789658959.9620235,3.115600997261936
1789658959.9622118,2.8744010014634114
1789658959.9628673,4.260200999851804
1789658959.9631033,5.1490009973349515
1789658959.9632003,4.931101000693161
1789658959.9633863,6.187100996612571
1789658959.9643986,5.649101000017254
1789658959.9646735,6.985200998315122
1789658959.9652257,5.186302001675358
1789658959.965537,3.504901000269456
1789658959.965712,2.83850100095151
1789658959.9657526,4.056401001435006
1789658959.966372,4.155301001446787
1789658959.966867,3.6617010009649675
1789658959.9677923,4.679401001340011
1789658959.9678657,3.1863010008237325
1789658959.9686873,3.1440999991900753
1789658959.9688299,3.599799998482922
1789658959.9688969,5.5053020005289
1789658959.9695961,5.190402000152972
1789658959.9707284,4.969500998413423
1789658959.9708984,4.5210009993752465
1789658959.9711306,4.257301003235625
1789658959.9713116,3.5130010001012124
1789658959.9713829,5.66450100086513
1789658959.9721816,3.2792999991215765
1789658959.9723988,4.528600999037735
1789658959.9727352,3.900901003362378
1789658959.973282,3.6808010008826386
1789658959.9736392,4.947202000039397
1789658959.9745703,3.1821010015846696
1789658959.9748163,3.912200998456683
1789658959.9751759,3.860101001919247
1789658959.9760418,4.904101002466632
1789658959.976252,4.065401000843849
1789658959.9770696,6.333301000267966
1789658959.9772966,4.006401002698112
1789658959.977757,3.17980099862325
1789658959.9780793,5.338702001608908
1789658959.9784946,3.673500999866519
1789658959.978708,3.5262009987491183
1789658959.9793231,5.675700998835964
1789658959.9795313,7.127902001229813
1789658959.9797497,2.6751009972940665
1789658959.9804037,4.354300999693805
1789658959.9809296,4.671801001677522
1789658959.9814396,3.6763009993592277
1789658959.9815762,4.271301000699168
1789658959.9823132,2.9828010010533035
1789658959.9826412,4.141401001106715
1789658959.983565,5.467101000249386
1789658959.9840245,3.6142009994364344
1789658959.984196,5.481901000166545
1789658959.9842386,4.702401001850376
1789658959.98534,4.400700996484375
1789658959.9857326,5.977001997962361
1789658959.9866905,4.372000999865122
1789658959.9867637,3.189601000485709
1789658959.9869032,5.458200997964013
1789658959.986971,4.325301000790205
1789658959.9878018,6.220900999323931
1789658959.9879563,3.7541009987762664
1789658959.9886634,3.3140010018541943
1789658959.9892068,3.4683000012591947
1789658959.9892466,5.003600999771152
1789658959.9900107,5.980402002023766
1789658959.9901755,3.267500997026218
1789658959.990614,3.9174009980342817
1789658959.9912696,4.500201001064852
1789658959.9914184,4.443301000719657
1789658959.9916437,3.8373009992938023
1789658959.9924304,4.468701001314912
1789658959.9931438,3.9311010004894342
1789658959.9934762,4.80570099898614
1789658959.9941165,3.49670099967625
1789658959.9943454,5.092701998364646
1789658959.9946184,4.600601001584437
1789658959.9949677,4.786501001944998
1789658959.9952798,4.004600999905961
1789658959.995367,3.9441009976144414
1789658959.9962053,4.557100997772068
1789658959.9978247,4.340701998444274
1789658959.9981036,4.952901999786263
1789658959.9982288,5.793801999971038
1789658959.9985416,4.420200999447843
1789658959.9985785,4.228500998578966
1789658959.9987779,4.153400997893186
1789658959.9992166,3.932600997359259
1789658959.9992876,4.314901001635008
1789658959.9994936,3.2837009966897313
1789658959.9995444,4.1723009999259375
1789658960.001747,3.635600001871353
1789658960.001903,4.071100000146544
1789658960.0023408,2.7896009996766225
1789658960.002524,3.3027010031219106
1789658960.0032527,4.707100997620728
1789658960.0033147,4.731801000161795
1789658960.0035164,4.2248010031471495
1789658960.0037882,5.553901002713246
1789658960.0039973,4.4998009980190545
1789658960.0056167,6.831801001681015
1789658960.0058773,3.969200999563327
1789658960.006357,3.8286010021693073
1789658960.0064857,4.139200998906745
1789658960.006552,4.796702000021469
1789658960.00722,3.9629009988857433
1789658960.007346,3.552701000444358
1789658960.0077617,4.442600999027491
1789658960.0078955,4.37490100011928
1789658960.008772,3.1477010015805718
1789658960.0092733,3.3916009997483343
1789658960.0097482,5.745201000536326
1789658960.0098677,3.506000000925269
1789658960.011068,3.841200999886496
1789658960.0113823,4.0311010016012006
1789658960.0121534,5.659400998411002
1789658960.012376,4.474800996831618
1789658960.0128167,6.259200999920722
1789658960.0137787,6.008300999383209
1789658960.014004,4.250701000273693
1789658960.01422,3.145900001982227
1789658960.0144734,5.694702002074337
1789658960.0147932,5.515201999514829
1789658960.0160375,3.875701000652043
1789658960.0162702,2.4830009970173705
1789658960.0163345,4.947600999003043
1789658960.0164216,3.599200997996377
1789658960.0169997,4.617100999894319
1789658960.0170965,7.224201999633806
1789658960.0174031,3.3944010028790217
1789658960.0178792,3.3991000018431805
1789658960.018543,3.744501002074685
1789658960.0188255,2.782300998660503
1789658960.019407,3.0668010003864765
1789658960.0198433,5.618102000880754
1789658960.0200322,3.6065009990124963
1789658960.0203707,3.2698009999876376
1789658960.0212505,4.975600997568108
1789658960.0217524,4.344101002061507
1789658960.0223355,4.449601001397241
1789658960.0225132,3.6824000017077196
1789658960.0226889,4.140901000937447
1789658960.0230145,6.010402001265902
1789658960.0240374,4.623901000741171
1789658960.024301,4.447201001312351
1789658960.0248132,3.5562009979912546
1789658960.024981,4.944401000102516
1789658960.0251894,4.814800999156432
1789658960.0255613,3.2205010029429104
1789658960.0255966,3.839300999970874
1789658960.026781,4.08710099873133
1789658960.0271084,4.589002001011977
1789658960.0283303,3.4895009994215798
1789658960.0288532,3.6577009996108245
1789658960.0289986,4.9543010027264245
1789658960.029219,3.652000999863958
1789658960.0296016,5.293100999551825
1789658960.0302956,4.6946010006649885
1789658960.0306256,5.638500999339158
1789658960.0308297,7.809901002474362
1789658960.0315876,3.2400009986304212
1789658960.0326526,3.7910009996267036
1789658960.03309,3.4822009984054603
1789658960.0332522,6.465100999776041
1789658960.033593,4.359300997748505
1789658960.0337305,6.614201000047615
1789658960.0339649,4.960900998412399
1789658960.0340066,3.7060009999549948
1789658960.035299,4.4511010019050445
1789658960.0354347,3.841701000055764
1789658960.0358002,5.167702001926955
1789658960.0361233,3.4639009973034263
1789658960.0362782,3.1831009982852265
1789658960.037652,4.05310100177303
1789658960.0379784,4.720601002190961
1789658960.0384881,4.751401000248734
1789658960.0386453,4.675700998632237
1789658960.0388072,4.795501001353841
1789658960.0397623,4.3212009986746125
1789658960.0400596,3.931800998543622
1789658960.040189,4.884801001026062
1789658960.0408697,2.217400997324148
1789658960.0411975,5.392201001086505
1789658960.0415442,5.260201000055531
1789658960.041823,4.165201000432717
1789658960.0419412,3.129501001239987
1789658960.042115,4.131701000005705
1789658960.0427737,4.2796009984158445
1789658960.0432706,3.0764010007260367
1789658960.0444345,4.664201002015034
1789658960.0447211,2.8919010001118295
1789658960.0449603,4.086001001269324
1789658960.0450256,4.960900998412399
1789658960.04523,4.02640100219287
1789658960.0460691,4.122100999666145
1789658960.0467608,5.20980099827284
1789658960.0477552,4.478000999370124
1789658960.047974,5.853401999047492
1789658960.0483623,3.395800998987397
1789658960.0487478,4.019700998469489
1789658960.0493646,3.288100997451693
1789658960.0498126,4.577101000904804
1789658960.0504317,7.652201999007957
1789658960.050677,6.236501001694705
1789658960.0507236,5.693101000360912
1789658960.0512009,3.4401000011712313
1789658960.05171,2.3403010018228088
1789658960.0517795,3.7982009998813737
1789658960.0523477,3.9789010006643366
1789658960.052488,5.720002001908142
1789658960.0527961,2.97890100046061
1789658960.0536916,4.939201000524918
1789658960.0538461,3.4092010027961805
1789658960.0543442,2.5592999991204124
1789658960.0553215,4.591901000821963
1789658960.0554435,2.6424999996379483
1789658960.0555928,3.8769000020693056
1789658960.056794,4.299700998672051
1789658960.05691,4.557001000648597
1789658960.057532,6.849202000012156
1789658960.0576122,3.9161010026873555
1789658960.0581238,3.774501001316821
1789658960.0583417,7.135602001653751
1789658960.058584,4.733701000077417
1789658960.0592482,3.8002010005584452
1789658960.0601864,4.853502003243193
1789658960.060941,4.020601001684554
1789658960.0611472,4.346701000031317
1789658960.061403,3.8630009985354263
1789658960.0615687,5.968601999484235
1789658960.0619366,4.318500999943353
1789658960.0623367,4.206801000691485
1789658960.063105,3.851000998110976
1789658960.0636854,5.092400999274105
1789658960.063992,5.6422020024911035
1789658960.0650826,4.131500998482807
1789658960.0655556,5.3557009996438865
1789658960.0656328,4.479500999877928
1789658960.0662887,4.710600998805603
1789658960.0665858,5.173800996999489
1789658960.0672326,3.534601000865223
1789658960.0674005,4.289700998924673
1789658960.0674677,5.525600998225855
1789658960.067939,2.8502999994088896
1789658960.0681736,4.17180099975667
1789658960.0682402,5.896602000575513
1789658960.0695553,3.258800999901723
1789658960.0697079,4.070201001013629
1789658960.070126,3.5353010025573894
1789658960.0708308,2.8858010009571444
1789658960.0709794,5.417501000920311
1789658960.071642,3.397399999812478
1789658960.0717432,3.5630999991553836
1789658960.0724285,5.023301997425733
1789658960.0727477,2.617201000248315
1789658960.0730388,5.799501999717904
1789658960.0740178,6.543702002090868
1789658960.0744863,3.649600999779068
1789658960.0750499,4.065801000251668
1789658960.075408,3.7603009986924008
1789658960.0756214,3.1875999993644655
1789658960.0757833,4.034801000670996
1789658960.0758512,6.290901001193561
1789658960.0768585,3.813900999375619
1789658960.0772285,3.199900998879457
1789658960.0775163,7.802601998264436
1789658960.0779252,5.172200999368215
1789658960.0782855,3.793501000473043
1789658960.079177,3.3859010000014678
1789658960.0794055,3.99010100227315
1789658960.0796607,4.6053010009927675
1789658960.0802143,3.350200000568293
1789658960.0813272,5.469801999424817
1789658960.0814214,4.182800999842584
1789658960.081505,3.982900998380501
1789658960.081621,3.3299010028713383
1789658960.0821197,4.1893010020430665
1789658960.0828104,3.6256009989301674
1789658960.0830188,7.3916020010074135
1789658960.0840673,3.8461009971797466
1789658960.0843987,4.73290100126178
1789658960.0846252,3.177900998707628
1789658960.0854661,6.0550019989022985
1789658960.0856526,3.5284010009490885
1789658960.085736,4.403601000376511
1789658960.0861416,4.630701001588022
1789658960.0867968,5.1702009986911435
1789658960.0872824,4.258200999174733
1789658960.0877824,4.967401000612881
1789658960.0883756,3.744199999346165
1789658960.0885532,3.081999999267282
1789658960.088784,4.380201997264521
1789658960.0888698,4.795902001205832
1789658960.0893471,3.1998010017559864
1789658960.0900204,4.279100998246577
1789658960.0904548,2.0747010021295864
1789658960.091093,5.435000999568729
1789658960.0913765,4.0883010005927645
1789658960.0921912,4.398901000968181
1789658960.0927896,2.762099997198675
1789658960.0930138,4.2253009996784385
1789658960.093245,3.89340100082336
1789658960.093504,6.7018019981333055
1789658960.0939937,5.114900999615202
1789658960.0943458,5.786501998954918
1789658960.095694,4.308201001549605
1789658960.0960968,3.8880009997228626
1789658960.0965877,6.127001001004828
1789658960.097007,3.9877010021882597
1789658960.0972059,3.2046009982877877
1789658960.0972586,6.160602002637461
1789658960.097507,4.257701002643444
1789658960.0977693,4.260200999851804
1789658960.0978625,5.065901998023037
1789658960.0996644,5.3101009980309755
1789658960.0997474,3.637200999946799
1789658960.1001065,3.091499998845393
1789658960.1004558,3.861301000142703
1789658960.1008844,3.109900000708876
1789658960.1010296,3.1624000002921093
1789658960.1016552,4.39200099935988
1789658960.1018503,6.146301999251591
1789658960.1019864,4.474600998946698
1789658960.10208,4.8692009986552875
1789658960.1031625,3.4923009989142884
1789658960.104044,3.5820010016323067
1789658960.104169,4.417001000547316
1789658960.104657,3.766701000131434
1789658960.1047578,3.098199998930795
1789658960.1052465,5.133302001922857
1789658960.1057642,3.6789010009670164
1789658960.106015,4.980902001989307
1789658960.1061063,4.251301001204411
1789658960.1066637,4.671601000154624
1789658960.1073823,3.332201002194779
1789658960.1081185,4.950200996972853
1789658960.1087425,4.558600998279871
1789658960.1093047,3.5281000018585473
1789658960.1096492,4.986502000974724
1789658960.1101139,4.0030010022746865
1789658960.1102455,4.9943010017159395
1789658960.110413,3.0263010012276936
1789658960.110541,5.778802002168959
1789658960.1106186,4.598800998792285
1789658960.1120706,5.397201002779184
1789658960.112442,3.69260099978419
1789658960.1131282,5.000901001039892
1789658960.1138124,3.681701000459725
1789658960.114373,4.717400999652455
1789658960.1147954,4.2473009998502675
1789658960.11497,4.345700999692781
1789658960.1150262,4.776900997967459
1789658960.1155543,5.1355010000406764
1789658960.1162627,6.9480019992624875
1789658960.1165206,4.073701002198504
1789658960.1168213,4.739101001177914
1789658960.1173584,4.221500999847194
1789658960.1178386,4.011401000752812
1789658960.1181026,3.302500997961033
1789658960.1186593,3.6272010001994204
1789658960.1189206,2.653000999998767
1789658960.119696,3.161800999805564
1789658960.1197584,4.784001001098659
1789658960.1200325,5.654200998833403
1789658960.1203556,2.991700999700697
1789658960.1207116,5.152401001396356
1789658960.1213148,3.471199997875374
1789658960.1214912,3.3842000011645723
1789658960.1223183,3.65390099977958
1789658960.1236393,6.809301998146111
1789658960.1238792,3.1624010007362813
1789658960.1241145,4.41380099800881
1789658960.1242816,2.9611009995278437
1789658960.1243422,4.579600998113165
1789658960.124404,2.908400998421712
1789658960.1247337,4.372801002318738
1789658960.1247857,5.859801000042353
1789658960.125139,5.102300998260034
1789658960.1268325,2.484500997525174
1789658960.1275904,5.262000999209704
1789658960.1283572,3.5623010007839184
1789658960.1285026,4.855401002714643
1789658960.1287656,4.479300998355029
1789658960.1290557,5.170700998860411
1789658960.129383,5.263701001240406
1789658960.129531,4.387500997836469
1789658960.1295938,5.185201000131201
1789658960.13065,5.9094019998156
1789658960.1313663,4.526700999122113
1789658960.1318765,4.274200997315347
1789658960.1320746,3.013400997588178
1789658960.1329665,4.195401001197752
1789658960.133086,4.576300998451188
1789658960.133257,3.6586010028258897
1789658960.1336396,5.273400998703437
1789658960.134502,4.9658019997878
1789658960.135028,3.6556009981723037
1789658960.1353939,4.737201001262292
1789658960.1356797,2.58920100168325
1789658960.1363459,4.4614010002987925
1789658960.136682,3.7107009993633255
1789658960.1369853,7.597602001624182
1789658960.137572,4.310301002988126
1789658960.1376197,5.540701000427362
1789658960.138472,3.439001000515418
1789658960.1391985,2.8469009994296357
1789658960.1392472,2.5598009997338522
1789658960.1395674,5.060900999524165
1789658960.1397812,4.095500997209456
1789658960.1401746,6.529302001581527
1789658960.1411555,4.163400997640565
1789658960.1413283,3.7515010008064564
1789658960.1413696,5.971401002170751
1789658960.142327,4.7028010012581944
1789658960.1425426,2.9712010000366718
1789658960.1429095,3.657000997918658
1789658960.1429865,3.201601000910159
1789658960.14324,4.763400997035205
1789658960.1438036,3.617500999098411
1789658960.1446843,5.469200998049928
1789658960.1452153,2.662800001417054
1789658960.1456013,4.26820100256009
1789658960.1459208,3.588900999602629
1789658960.1462061,4.831201000342844
1789658960.147516,3.701800997077953
1789658960.1479928,5.070801002148073
1789658960.1481106,6.947601999854669
1789658960.1483958,5.151200999534922
1789658960.1486669,3.060000999539625
1789658960.1496336,6.641601001319941
1789658960.150373,4.446400998858735
1789658960.1504498,5.75410099918372
1789658960.1508005,5.5770020007912535
1789658960.1512957,3.291900997282937
1789658960.15242,4.304100999434013
1789658960.1525323,4.13060099890572
1789658960.152884,2.5063009998120833
1789658960.1531167,6.904601999849547
1789658960.1532314,2.7769010011979844
1789658960.153399,4.726800998469116
1789658960.1541598,4.52010099979816
1789658960.1542962,6.773600998712936
1789658960.1546125,2.0755000005010515
1789658960.1552315,4.4267010016483255
1789658960.1553807,4.081101000338094
1789658960.155856,3.430001001106575
1789658960.1568706,3.634300999692641
1789658960.1576765,4.272500998922624
1789658960.1578014,3.6364009974931832
1789658960.1579244,4.803001000254881
1789658960.1580133,5.12520099800895
1789658960.1592214,3.8344009990396444
1789658960.1592758,4.0398009987256955
1789658960.1599712,5.353802000172436
1789658960.1602023,3.327100999740651
1789658960.1602678,5.967201999737881
1789658960.1607094,4.846900999837089
1789658960.1612856,3.5986010007036384
1789658960.161903,3.88360100259888
1789658960.162212,4.282001002138713
1789658960.1626947,4.888000999926589
1789658960.162994,3.0164000017975923
1789658960.1637034,4.421200999786379
1789658960.1648986,2.679001001524739
1789658960.1650188,3.7242010002955794
1789658960.165571,4.855000999668846
1789658960.1656947,5.48800099932123
1789658960.1658971,6.6708009981084615
1789658960.1660306,4.1220010025426745
1789658960.166311,6.039001000317512
1789658960.1668708,1.9652000009955373
1789658960.1674914,4.49150200074655
1789658960.1678622,5.161601999134291
1789658960.1680944,4.385300999274477
1789658960.1686633,2.9624009985127486
1789658960.169355,3.0385009995370638
1789658960.1695657,3.529301000526175
1789658960.1703641,3.488500999083044
1789658960.1705732,4.671300997870276
1789658960.170826,5.801601000712253
1789658960.171281,3.4135999994759914
1789658960.1715698,4.072300998814171
1789658960.1719484,6.372502000886016
1789658960.1726346,3.9362009993055835
1789658960.17305,4.9508009979035705
1789658960.173557,3.188500999385724
1789658960.1737037,4.343500997492811
1789658960.173898,4.327800997998565
1789658960.1747127,4.134000999329146
1789658960.1749976,3.422000001592096
1789658960.1754577,4.171100998064503
1789658960.1756883,4.855701998167206
1789658960.1769228,4.968200999428518
1789658960.1772342,4.592101002344862
1789658960.1776268,4.56820100225741
1789658960.1779256,4.021101001853822
1789658960.1783967,4.833800998312654
1789658960.1785471,4.837800999666797
1789658960.178862,4.14270100009162
1789658960.1790767,3.383900002518203
1789658960.1803265,5.321502001606859
1789658960.1808136,5.349002000002656
1789658960.181467,4.538200999377295
1789658960.1816485,4.409100998600479
1789658960.1818097,2.9409009985101875
1789658960.182543,4.13790099992184
1789658960.1829104,5.275501000141958
1789658960.1830952,5.164201000297908
1789658960.1836233,3.2902000020840205
1789658960.1839077,5.355101999157341
1789658960.1842182,5.137002000992652
1789658960.1844778,3.6585010020644404
1789658960.184989,3.515800999593921
1789658960.1857047,4.050900999573059
1789658960.1860776,3.527200999087654
1789658960.1866045,2.975800998683553
1789658960.1869085,5.093001000204822
1789658960.1874444,3.220899998268578
1789658960.188085,3.0893010007275734
1789658960.1882954,5.19540200184565
1789658960.1887712,3.0609009991167113
1789658960.1893015,4.819400997803314
1789658960.1894193,5.506000998138916
1789658960.1898952,3.812601000390714
1789658960.1900485,7.133601997338701
1789658960.1902633,3.653600997495232
1789658960.1907187,3.805700998782413
1789658960.1909819,3.532500999426702
1789658960.1924248,3.6458009999478236
1789658960.1927078,2.6553009993222076
1789658960.192803,4.502801002672641
1789658960.1935341,3.633701002399903
1789658960.1938586,3.134500999294687
1789658960.1941955,3.9270010020118207
1789658960.1943207,5.014600999857066
1789658960.1944482,6.356300997140352
1789658960.19496,5.534101001103409
1789658960.1965992,3.7896009998803493
1789658960.1967509,5.763701999967452
1789658960.1968675,4.436400999111356
1789658960.197282,3.7401010013127234
1789658960.1975226,2.5553009982104413
1789658960.1984627,4.137001000344753
1789658960.198581,5.869201002496993
1789658960.1986904,4.489900999033125
1789658960.1995099,5.055301000538748
1789658960.199819,5.954501000815071
1789658960.2000444,3.287599996838253
1789658960.2005022,3.618800998083316
1789658960.2014482,2.862600998923881
1789658960.2015238,3.996000999904936
1789658960.2018971,4.608201001246925
1789658960.2021348,5.508500998985255
1789658960.2025692,3.8654009986203164
1789658960.203134,4.665800999646308
1789658960.203677,3.6272010001994204
1789658960.2040534,4.537401000561658
1789658960.2045834,4.759201998240314
1789658960.2047439,4.237400997226359
1789658960.204982,3.5292009997647256
1789658960.20529,3.7611010011460166
1789658960.2059605,4.058301001350628
1789658960.2066517,4.511301001912216
1789658960.2067146,4.1397009990760125
1789658960.2069373,2.1892000004299916
1789658960.2072508,3.5694010002771392
1789658960.207434,4.294301001209533
1789658960.2085707,3.980301000410691
1789658960.2087936,4.734302001452306
1789658960.209465,4.170501000771765
1789658960.2097094,4.7231010030373
1789658960.2109096,4.186100999504561
1789658960.2111664,5.200400999456178
1789658960.2117627,4.318500999943353
1789658960.2121892,5.529701000341447
1789658960.2123787,5.436601000837982
1789658960.2128935,3.4242010005982593
1789658960.2129457,4.1466010006843135
1789658960.2130766,2.1587010014627595
1789658960.2135866,5.008001000533113
1789658960.2145333,3.3602010007598437
1789658960.214657,7.401401999231894
1789658960.2150364,3.265701001510024
1789658960.215587,3.38800099780201
1789658960.2162936,6.577400999958627
1789658960.2164392,3.35839999752352
1789658960.2168288,2.2870009997859597
1789658960.2168884,3.990100998635171
1789658960.2175517,3.9600009986315854
1789658960.218142,5.190001000300981
1789658960.2183542,3.692300997499842
1789658960.2184381,6.054901998140849
1789658960.2195323,4.490200997679494
1789658960.2197332,4.139200998906745
1789658960.2203403,3.8956009993853513
1789658960.2209156,4.080200000316836
1789658960.2210307,4.729801999928895
1789658960.2210696,4.17680099781137
1789658960.2220078,3.8609009970969055
1789658960.2224,4.842401001951657
1789658960.223191,4.748000999825308
1789658960.2234402,5.0809009990189224
1789658960.2236636,3.923901000234764
1789658960.224225,3.1893999985186383
1789658960.224656,3.734900998097146
1789658960.2248306,5.293800997606013
1789658960.2249348,4.589901000144891
1789658960.2252798,3.266501000325661
1789658960.2273245,6.2378009970416315
1789658960.2275407,5.130001001816709
1789658960.2277157,4.517801000474719
1789658960.2278788,2.9383009969023988
1789658960.2288587,4.1946010023821145
1789658960.2290928,3.8077000026532914
1789658960.2296872,6.2315020004461985
1789658960.2298732,5.641402000037488
1789658960.2302818,6.611701999645447
1789658960.2309144,3.5724010012927465
1789658960.2312663,6.431202000385383
1789658960.2313306,3.4462009971321095
1789658960.232341,2.051499999652151
1789658960.2325509,4.829100998904323
1789658960.2331343,5.585901002632454
1789658960.2333887,3.508100999169983
1789658960.2338395,4.974301999027375
1789658960.2341666,4.47400100165396
1789658960.234202,5.104102001496358
1789658960.2344315,3.0965009973442648
1789658960.2346034,3.6818010012211744
1789658960.2349417,3.670500998850912
1789658960.236043,3.4860009982367046
1789658960.2366498,4.302100998756941
1789658960.2370331,3.8943010004004464
1789658960.2373989,3.553899998223642
1789658960.2385454,5.151301000296371
1789658960.238909,3.9624009987164754
1789658960.2390099,4.4018010012223385
1789658960.2391658,4.959100999258226
1789658960.2397478,5.311100998369511
1789658960.239908,3.2512009966012556
1789658960.240413,3.009201001987094
1789658960.240513,3.4751010025502183
1789658960.2405577,4.507801000727341
1789658960.2406507,6.479400999523932
1789658960.2422335,3.68280100155971
1789658960.2423341,3.420400997129036
1789658960.242776,2.119601002050331
1789658960.244115,4.3599009986792225
1789658960.244477,4.5613010006491095
1789658960.2448087,4.390001002320787
1789658960.2449503,5.933800999628147
1789658960.2451172,4.553800998110091
1789658960.245527,6.35650099866325
1789658960.2459753,3.1955009981174953
1789658960.2462847,4.045400997711113
1789658960.2465382,6.020201999490382
1789658960.2469897,2.8664009987551253
1789658960.2481048,5.761200998676941
1789658960.249255,4.296400999010075
1789658960.2494564,4.333401000621961
1789658960.249713,2.7068999988841824
1789658960.249951,5.46900200060918
1789658960.2502215,3.930301001673797
1789658960.2503135,3.7703009984397795
1789658960.2504892,4.956601998856058
1789658960.2507565,5.942201998550445
1789658960.2518,3.6871010015602224
1789658960.2519958,6.016301002091495
1789658960.2533562,2.592299999378156
1789658960.2537732,3.454599998804042
1789658960.2540386,4.083201001776615
1789658960.254472,5.009902000892907
1789658960.2547016,4.205901001114398
1789658960.255069,5.3512019985646475
1789658960.2552152,3.2152009989658836
1789658960.255304,6.043702000170015
1789658960.255342,5.1151010011381
1789658960.2555323,3.7276010007190052
1789658960.2570965,2.617199999804143
1789658960.2573688,3.5906009979953524
1789658960.2576098,2.535900002840208
1789658960.2587714,5.407701999502024
1789658960.258948,3.7276010007190052
1789658960.2592843,5.239901001914404
1789658960.2594202,4.7139009984675795
1789658960.2595756,4.229100999509683
1789658960.2605364,4.998601001716452
1789658960.2611852,4.081000999576645
1789658960.2613466,2.394099999946775
1789658960.2615616,6.251901002542581
1789658960.2618973,4.523800998867955
1789658960.26276,3.9805009982956108
1789658960.2630568,3.6317010017228313
1789658960.2638373,6.2201020009524655
1789658960.2641354,3.5928010001953226
1789658960.264331,4.7505010006716475
1789658960.264447,5.156801002158318
1789658960.264534,3.342001000419259
1789658960.2651129,3.543300997989718
1789658960.2663298,4.424601000209805
1789658960.266753,2.610101000755094
1789658960.2671163,5.764702000305988
1789658960.2675369,4.473801000131061
1789658960.267703,4.936801000440028
1789658960.2680633,4.217301000608131
1789658960.268127,3.791101000388153
1789658960.2688684,2.108199998474447
1789658960.2691367,4.598000999976648
1789658960.2697337,4.613600998709444
1789658960.2698486,5.396400996687589
1789658960.2706172,4.280302000552183
1789658960.2708578,3.316000998893287
1789658960.271564,4.442600999027491
1789658960.2718692,4.161300999840023
1789658960.27214,2.9984009997860994
1789658960.2725875,4.455801001313375
1789658960.2729592,4.086401000677142
1789658960.2747288,4.987602002074709
1789658960.27485,6.780902000173228
1789658960.2750697,4.446701001143083
1789658960.275247,5.393901999923401
1789658960.2754245,4.562100999464747
1789658960.2757568,3.165301000990439
1789658960.2758121,3.6675009978353046
1789658960.2760413,4.167400998994708
1789658960.2761297,4.561500998534029
1789658960.277702,4.734401001769584
1789658960.2783146,2.4966000019048806
1789658960.2784984,3.4224000009999145
1789658960.2792156,4.480001000047196
1789658960.2793992,3.9698010004940443
1789658960.2795792,4.724600999907125
1789658960.2796774,4.42590099919471
1789658960.2798939,4.1323010009364225
1789658960.280857,4.809801001101732
1789658960.2811925,5.058000999270007
1789658960.2819154,4.20540100094513
1789658960.2822242,2.5408000001334585
1789658960.282791,4.2870009965554345
1789658960.2828357,3.2522999972570688
1789658960.2832968,4.9765019975893665
1789658960.2838533,3.952500999730546
1789658960.2841434,4.739601001347182
1789658960.2849598,4.093501000170363
1789658960.2858472,3.6167010002827737
1789658960.286137,4.939500999171287
1789658960.286294,7.064801000524312
1789658960.286598,4.676600998209324
1789658960.286742,3.441099997871788
1789658960.2870014,4.1609010004322045
1789658960.2872436,4.447502000402892
1789658960.2882235,4.07500099754543
1789658960.2885165,2.3749009997118264
1789658960.2885606,3.5950010023952927
1789658960.2893825,5.522400999325328
1789658960.289483,3.6301010004535783
1789658960.290736,3.727000999788288
1789658960.2908618,4.259401001036167
1789658960.2909513,4.652001000067685
1789658960.2921977,5.44970199916861
1789658960.2924595,3.8935009979468305
1789658960.2925212,4.000401000666898
1789658960.292638,5.387401000916725
1789658960.2927294,3.342200998304179
1789658960.2935238,5.2945009992981795
1789658960.2944381,3.567200998077169
1789658960.294828,2.3627000009582844
1789658960.2948663,5.378501002269331
1789658960.2954836,4.739701998914825
1789658960.2962973,3.7684009985241573
1789658960.296488,4.284701000869973
1789658960.2966738,3.9400010027748067
1789658960.2968285,5.871901998034446
1789658960.297704,4.1736009989108425
1789658960.2987137,4.262801001459593
1789658960.2989166,2.6092000007338356
1789658960.2989821,4.110201000003144
1789658960.299747,4.258101002051262
1789658960.3000274,7.384602002275642
1789658960.3000987,3.6052009963896126
1789658960.3009965,4.162801000347827
1789658960.301137,6.302702000539284
1789658960.3019083,4.196701000182657
1789658960.3024564,3.735701000550762
1789658960.3030357,2.932299998064991
1789658960.30333,4.4087010028306395
1789658960.3035579,4.57110099887359
1789658960.3036227,3.870901000482263
1789658960.3042712,7.592601999931503
1789658960.305761,3.8453010020020884
1789658960.3059406,5.908000999625074
1789658960.3062377,5.096001001220429
1789658960.3062835,5.282100999465911
1789658960.3064613,2.8996010005357675
1789658960.3068936,4.4317009997030254
1789658960.3069398,3.312799999548588
1789658960.3070664,4.026201000669971
1789658960.3076015,4.266601001290837
1789658960.3078568,3.58130099994014
1789658960.3094974,3.7296010013960768
1789658960.309623,3.6765010008821264
1789658960.3106477,3.5742010004469194
1789658960.3109984,4.755701000249246
1789658960.31113,4.84160100313602
1789658960.3112562,4.357600999355782
1789658960.311533,3.9270010020118207
1789658960.311755,5.288600998028414
1789658960.312784,5.83920200006105
1789658960.3130774,5.212801002926426
1789658960.314085,4.579901000397513
1789658960.3142595,4.631200998119311
1789658960.3145423,3.8861009998072404
1789658960.314822,3.8175009976839647
1789658960.3152833,4.148500996961957
1789658960.3153987,4.137501000514021
1789658960.315435,3.8970009991317056
1789658960.3157463,3.9852010013419203
1789658960.3170016,2.7367010006855708
1789658960.3173003,4.510300997935701
1789658960.318397,2.9555010005424265
1789658960.3185246,3.977401000156533
1789658960.3188727,4.045700999995461
1789658960.3192027,6.118301000242354
1789658960.3195336,4.245601001457544
1789658960.3197768,5.685400999936974
1789658960.3200893,4.686501000833232
1789658960.3204744,3.4683010017033666
1789658960.3217185,5.962401999568101
1789658960.321899,3.4961009987455327
1789658960.3220885,2.548601001763018
1789658960.3223295,3.8000009990355466
1789658960.3226066,5.299601001752308
1789658960.3233051,2.8267000016057864
1789658960.3235123,3.730701002496062
1789658960.324168,4.959900998073863
1789658960.324367,5.489701998158125
1789658960.32516,2.8252010015421547
1789658960.3253849,5.291101999318926
1789658960.3261032,4.009600997960661
1789658960.3261483,4.244501000357559
1789658960.3262255,4.49810100326431
1789658960.3269403,3.6291010001150426
1789658960.32772,3.3469000009063166
1789658960.328058,3.882601002260344
1789658960.3282113,4.693400998803554
1789658960.3284125,5.80030200217152
1789658960.3290238,2.915100998507114
1789658960.3303964,3.4471010003471747
1789658960.3304665,5.076500998256961
1789658960.3305833,5.417300999397412
1789658960.331106,3.0400010000448674
1789658960.3311396,4.98700100069982
1789658960.3314989,3.77020099767833
1789658960.332498,6.266800999583211
1789658960.3330958,4.878702002315549
1789658960.3336394,5.2216009971743915
1789658960.3338423,4.810901002201717
1789658960.3343675,3.963101000408642
1789658960.334406,3.9351010018435773
1789658960.3349981,3.4940010009449907
1789658960.3353455,4.756200996780535
1789658960.3360305,4.885701000603149
1789658960.336196,5.0849010003730655
1789658960.3363602,2.7157000004081056
1789658960.336638,4.132600999582792
1789658960.337728,4.625401001248974
1789658960.3381999,3.7894010019954294
1789658960.338425,3.422000998398289
1789658960.3384712,4.623200999049004
1789658960.338718,4.346100999100599
1789658960.3392842,3.081801001826534
1789658960.340254,3.6086009968130384
1789658960.3406367,5.285000999720069
1789658960.34098,4.942902000038885
1789658960.3414903,2.767000998574076
1789658960.342185,5.813502000819426
1789658960.342534,4.800801001692889
1789658960.3427835,3.4929009998450056
1789658960.3430445,4.840500998398056
1789658960.3431115,4.636100999050541
1789658960.3436215,5.191001000639517
1789658960.3448162,4.5544009990408085
1789658960.345046,4.059201000927715
1789658960.345401,4.757301998324692
1789658960.3466246,5.125501000293298
1789658960.3469005,3.273300997534534
1789658960.347236,4.1193010001734365
1789658960.3473141,4.774800996528938
1789658960.3477812,4.991401001461782
1789658960.347953,4.903901000943733
1789658960.348311,6.1215009991428815
1789658960.3491032,4.049901002872502
1789658960.3496172,4.793601998244412
1789658960.3501284,3.495600998576265
1789658960.3505666,3.3251009990635794
1789658960.3507426,5.335801000910578
1789658960.3508546,3.0684010016557295
1789658960.3515027,4.183401000773301
1789658960.3518217,3.86430100115831
1789658960.352424,5.518601003132062
1789658960.3525336,2.9109999995853286
1789658960.3528886,4.57320100031211
1789658960.3537633,3.630000999692129
1789658960.3537962,3.2256010017590597
1789658960.3545969,3.8474009998026304
1789658960.355155,3.6453009997785557
1789658960.3557122,6.603701000130968
1789658960.3560007,5.139901000802638
1789658960.3561904,4.363901000033366
1789658960.3567176,4.287501000362681
1789658960.3572268,4.333901000791229
1789658960.3572686,4.73030100329197
1789658960.3585534,3.9475009980378672
1789658960.3588474,5.07890100197983
1789658960.3593562,3.1604010000592098
1789658960.3596232,5.822500999784097
1789658960.3599317,2.700201002880931
1789658960.360051,4.045200999826193
1789658960.3600845,3.3601009999983944
1789658960.3607473,5.583900998317404
1789658960.3617458,4.470701998798177
1789658960.3620977,6.378202000632882
1789658960.363295,4.435300998011371
1789658960.363716,3.6599010018107947
1789658960.3639197,3.982501002610661
1789658960.3640118,5.451401000755141
1789658960.3641863,3.4317009994992986
1789658960.3643794,4.752001001179451
1789658960.3648126,5.449901000247337
1789658960.3658354,5.745901999034686
1789658960.3660016,4.249301000527339
1789658960.366909,4.8045009971247055
1789658960.367202,3.1857009998930153
1789658960.3675234,4.2189009982394055
1789658960.367764,4.042900996864773
1789658960.3684902,4.564400998788187
1789658960.3686724,4.480501000216464
1789658960.368933,4.548700999293942
1789658960.369136,4.317201000958448
1789658960.3694022,3.3948000018426683
1789658960.3696752,3.835399998934008
1789658960.3710103,3.241001002606936
1789658960.3712618,3.7337009998736903
1789658960.3717647,4.84900100127561
1789658960.372381,5.173100998945301
1789658960.3728528,3.7115009981789626
1789658960.3729727,3.566600997146452
1789658960.3731408,4.461800999706611
1789658960.3732674,4.328800998337101
1789658960.3744078,3.391001002455596
1789658960.374609,4.929202001221711
1789658960.3751116,2.2533009978360496
1789658960.3756309,4.364501000964083
1789658960.3764362,3.4579009989101905
1789658960.3769407,4.549201003101189
1789658960.3775237,9.026002000609878
1789658960.377678,5.906400998355821
1789658960.3778605,4.714801001682645
1789658960.3779342,3.3213999995496124
1789658960.3780804,3.666101001726929
1789658960.378164,3.0456009990302846
1789658960.3788478,5.575901999691268
1789658960.3801455,3.7003010002081282
1789658960.3811028,3.161800999805564
1789658960.3811696,3.0848000023979694
1789658960.3814843,5.848200999025721
1789658960.381596,4.646001001674449
1789658960.3816543,4.124400998989586
1789658960.3820593,4.375901000457816
1789658960.3823628,4.497402002016315
1789658960.3835056,4.651101000490598
1789658960.3842666,6.096601002354873
1789658960.3845086,3.4001009989879094
1789658960.3845422,4.387600998597918
1789658960.3848224,3.331900999910431
1789658960.3853455,4.171300999587402
1789658960.3860362,3.66809999832185
1789658960.3863547,4.695902000094065
1789658960.3865302,4.929301998345181
1789658960.386873,4.808702000445919
1789658960.3872051,3.6946010004612617
1789658960.3882434,3.413800997805083
1789658960.3888173,3.466001002379926
1789658960.3892395,4.96770099925925
1789658960.3897774,5.264200997771695
1789658960.390014,3.4784999988914933
1789658960.3903205,5.774001001555007
1789658960.3905044,3.626901001553051
1789658960.390544,3.334500997880241
1789658960.390603,4.243900999426842
1789658960.390953,4.912602002150379
1789658960.3927474,4.495401000895072
1789658960.3930123,2.462000000377884
1789658960.3933086,3.526201002387097
1789658960.3936312,4.807100998732494
1789658960.3941853,4.939401002047816
1789658960.3942678,4.247400996973738
1789658960.3949873,4.026400998554891
1789658960.3960383,5.709902001399314
1789658960.3965657,5.9559010005614255
1789658960.3970456,4.288500997063238
1789658960.3972616,3.623701002652524
1789658960.3973584,6.848801000160165
1789658960.3974879,4.174000998318661
1789658960.3977337,3.54280099782045
1789658960.3978755,4.8581010014459025
1789658960.3992448,3.197801001078915
1789658960.399397,5.124301998876035
1789658960.3994756,4.48140099979355
1789658960.4000776,3.504901000269456
1789658960.4002945,2.930801001639338
1789658960.4006386,3.3693009972921573
1789658960.401817,3.9341009978670627
1789658960.4021304,5.078500998934032
1789658960.4024873,3.085500000452157
1789658960.4025216,3.2715999986976385
1789658960.4026165,1.9723999976122286
1789658960.4038916,4.409500998008298
1789658960.4041185,4.035001002193894
1789658960.4044333,6.695301999570802
1789658960.4046752,4.375301003165077
1789658960.4047937,7.301601999643026
1789658960.4056404,3.1143010019150097
1789658960.4056878,3.863500998704694
1789658960.4066849,4.062001000420423
1789658960.4068522,4.717101001006085
1789658960.4069233,2.7997009965474717
1789658960.4077506,5.258301996946102
1789658960.4082603,3.5806009982479736
1789658960.408651,4.21290099984617
1789658960.4087968,4.900400999758858
1789658960.410429,5.621101001452189
1789658960.4106364,4.941900999256177
1789658960.4108915,5.245100997854024
1789658960.4117873,4.85630100229173
1789658960.411907,5.0494019997131545
1789658960.4122894,5.59710200104746
1789658960.413326,4.666800999984844
1789658960.413455,5.189900999539532
1789658960.4136999,4.898500999843236
1789658960.4143846,6.628200997511158
1789658960.4151175,4.471401000046171
1789658960.4153519,4.910502000711858
1789658960.4157143,3.8029009992897045
1789658960.4162517,3.9556010015076026
1789658960.4163966,4.601500997523544
1789658960.4165118,5.6149020019802265
1789658960.4173121,3.9763010026945267
1789658960.4179568,2.829400997143239
1789658960.4181657,4.705301002104534
1789658960.4182327,4.527700999460649
1789658960.418467,4.077501002029749
1789658960.4202015,4.841501002374571
1789658960.4206386,2.6354010005888995
1789658960.4209712,4.714100999990478
1789658960.4214165,4.900501000520308
1789658960.421629,5.228201000136323
1789658960.4216638,3.493001000606455
1789658960.4217067,5.988200999127002
1789658960.4218493,3.61280099969008
1789658960.4219425,4.623901000741171
1789658960.4222834,3.812300998106366
1789658960.4240174,3.8034009994589724
1789658960.42438,3.7333010004658718
1789658960.4251492,3.7266010003804695
1789658960.425471,3.1813009991310537
1789658960.4258995,4.231300998071674
1789658960.4261715,4.538100998615846
1789658960.4264529,4.506001001573168
1789658960.426751,5.039800998929422
1789658960.4269896,6.013301001075888
1789658960.4274724,5.617400998744415
1789658960.4278796,3.8535009989573155
1789658960.4293678,3.886700997099979
1789658960.4298058,5.415101000835421
1789658960.4302742,3.8153009991219733
1789658960.430436,5.281401001411723
1789658960.4305222,4.618101000232855
1789658960.4306846,3.689401000883663
1789658960.43134,3.4535999984655064
1789658960.4314497,3.9714009981253184
1789658960.4315712,5.394501000409946
1789658960.4328077,6.049601997801801
1789658960.4331799,2.490000999387121
1789658960.4335015,3.2218009982898366
1789658960.433923,4.548400997009594
1789658960.43418,3.6532009980874136
1789658960.4347239,4.282701000192901
1789658960.4348707,5.056100999354385
1789658960.4354625,4.117601001780713
1789658960.4358952,3.0801009997958317
1789658960.4364252,4.8496019990125205
1789658960.436586,5.131901998538524
1789658960.4367971,3.611700998590095
1789658960.437609,3.6794010011362843
1789658960.437785,4.27820099866949
1789658960.4386883,3.958100998715963
1789658960.4390566,4.872000998147996
1789658960.4395645,4.688901000918122
1789658960.4397156,3.285300001152791
1789658960.4402404,4.772601998411119
1789658960.4410856,3.471601001365343
1789658960.4411738,3.384900999662932
1789658960.4412103,4.620200998033397
1789658960.4413724,4.570700999465771
1789658960.4415398,2.846400999260368
1789658960.441573,5.6732010016276035
1789658960.4431658,4.10420099797193
1789658960.443753,4.030501000670483
1789658960.445045,3.497500998491887
1789658960.445128,3.9492010000685696
1789658960.4456038,6.034701997123193
1789658960.4459622,4.8705009976401925
1789658960.4461527,4.938101003062911
1789658960.4463632,4.984901002899278
1789658960.4464684,6.223300999408821
1789658960.4475744,5.995800998789491
1789658960.4479196,4.159800999332219
1789658960.4479728,2.9211999972176272
1789658960.4482512,5.081202001747442
1789658960.449365,3.755101002752781
1789658960.4495025,3.3450010014348663
1789658960.4501843,5.050400999607518
1789658960.4503112,3.942400999221718
1789658960.4505486,4.578800999297528
1789658960.4506412,4.168301002209773
1789658960.450799,2.5430999994568992
1789658960.451042,3.4627009990799706
1789658960.451326,3.401800997380633
1789658960.4529235,2.6055010021082126
1789658960.453076,3.5679009997693356
1789658960.4542558,4.882801000348991
1789658960.4544048,4.214700999000343
1789658960.4544668,6.489401999715483
1789658960.4548337,4.188300998066552
1789658960.4550555,4.501300998526858
1789658960.4554534,4.406501000630669
1789658960.4559147,4.583801000990206
1789658960.4560983,3.0176999971445184
1789658960.45624,5.436501000076532
1789658960.4576468,3.3837010014394764
1789658960.4578183,3.3459010010119528
1789658960.4587405,3.2811010023579
1789658960.4588757,4.036500999063719
1789658960.458974,4.564601000311086
1789658960.459204,6.274800998653518
1789658960.4599311,3.827700998954242
1789658960.4600632,4.144401002122322
1789658960.4604838,5.423901002359344
1789658960.4611983,4.952502000378445
1789658960.462038,4.21270100196125
1789658960.462956,4.201100997306639
1789658960.4631393,5.485100999067072
1789658960.463633,4.653400999814039
1789658960.4639146,4.705600997112924
1789658960.4641254,5.244900999969104
1789658960.464194,4.258700999344001
1789658960.464657,4.1665010030556004
1789658960.4647923,4.724801998236217
1789658960.465853,3.808100998867303
1789658960.4660017,4.797801000677282
1789658960.4661462,3.0014010008017067
1789658960.4662402,3.2734009982959833
1789658960.4676356,3.7134010017325636
1789658960.4679167,4.277901000023121
1789658960.4684465,3.6498000008577947
1789658960.4685826,4.384101001051022
1789658960.4691188,4.454702000657562
1789658960.4694316,5.3009020011813845
1789658960.4696088,3.602200999011984
1789658960.4699702,4.112100999918766
1789658960.4706264,4.381700997328153
1789658960.4714403,3.7984009977662936
1789658960.471677,3.226401000574697
1789658960.4722571,6.105501001002267
1789658960.4726427,4.01680100185331
1789658960.4734821,5.559902001550654
1789658960.473834,3.857601001072908
1789658960.4740932,4.656501001591096
1789658960.4741333,4.519501002505422
1789658960.4743752,5.252301001746673
1789658960.4746273,3.1817009985388722
1789658960.4754143,4.7828009992372245
1789658960.4760816,3.8180009978532325
1789658960.4763258,4.644200998882297
1789658960.477031,4.378500998427626
1789658960.4778337,3.4518009997555055
1789658960.4779456,4.105300999071915
1789658960.4780982,4.610501000570366
1789658960.478193,4.055200999573572
1789658960.4783206,3.6882009990222286
1789658960.4785213,4.423401001986349
1789658960.4800553,4.633500997442752
1789658960.480778,2.825799998390721
1789658960.4810894,4.758901002787752
1789658960.4811273,3.2868999987840652
1789658960.4813964,5.308201998559525
1789658960.4819493,3.8461010008177254
1789658960.4822493,5.211401999986265
1789658960.4826567,4.330300998844905
1789658960.483665,2.8800010004488286
1789658960.4840305,5.504700999154011
1789658960.484144,5.94510100199841
1789658960.4842696,4.208700996969128
1789658960.4845436,3.141200002573896
1789658960.4859061,4.812002000107896
1789658960.4864097,4.155400998570258
1789658960.4864566,5.324601999745937
1789658960.4867382,2.463800999976229
1789658960.4875946,4.930301001877524
1789658960.4877217,5.7675009993545245
1789658960.487891,3.342200998304179
1789658960.488264,4.594700996676693
1789658960.488544,4.395600997668225
1789658960.4885767,4.542100999969989
1789658960.4900126,4.10160100000212
1789658960.49029,3.8291009987005964
1789658960.4916003,5.183900997508317
1789658960.4917555,3.8596009981120005
1789658960.491936,3.354701002535876
1789658960.4922276,4.626301000826061
1789658960.492506,5.761800999607658
1789658960.4925764,4.308001000026707
1789658960.492725,4.176701000687899
1789658960.4932466,5.519900998478988
1789658960.494503,4.481300999032101
1789658960.495022,3.077601002587471
1789658960.495776,3.54260099993553
1789658960.4960966,3.514001000439748
1789658960.4963853,4.777300997375278
1789658960.4969342,4.420400997332763
1789658960.4970446,5.283901002258062
1789658960.4971771,6.882600999233546
1789658960.4972112,2.1788000012747943
1789658960.4979045,4.65350200101966
1789658960.4985573,4.046101003041258
1789658960.4986496,5.9204019999015145
1789658960.4996145,3.223001000151271
1789658960.5004542,3.2369010004913434
1789658960.5006962,4.9134009968838654
1789658960.5010183,3.9685009978711605
1789658960.5012615,4.321201002312591
1789658960.5013263,3.417300002183765
1789658960.5015934,3.0313000024762005
1789658960.5022418,5.059901999629801
1789658960.503293,4.637701000319794
1789658960.5036201,4.000700999313267
1789658960.5038915,7.787801998347277
1789658960.5039291,2.8967010002816096
1789658960.5040748,3.373501000169199
1789658960.5043874,3.926801000488922
1789658960.5054176,4.085600998223526
1789658960.5065708,4.970101999788312
1789658960.506782,5.516101999091916
1789658960.5070987,4.8525009988225065
1789658960.5073707,3.290800999820931
1789658960.5077646,4.465701000299305
1789658960.5079908,4.365100998256821
1789658960.5085404,4.147400999499951
1789658960.5088027,3.3785010018618777
1789658960.5090375,2.4598000018158928
1789658960.5092766,5.380800997954793
1789658960.510825,6.884001999424072
1789658960.5110295,3.2586010020168032
1789658960.511176,4.3891010027437005
1789658960.5113351,3.338500999234384
1789658960.5116336,4.530100999545539
1789658960.5122585,3.713201000209665
1789658960.5127952,3.7507009983528405
1789658960.5129795,5.602401000942336
1789658960.513051,3.769101000216324
1789658960.514581,3.723600999364862
1789658960.5148997,6.091701998229837
1789658960.515196,4.161001001193654
1789658960.5152588,3.6198009984218515
1789658960.5153818,4.2012010017060675
1789658960.5159264,4.585800998029299
1789658960.5170827,4.278800999600207
1789658960.5174725,4.415701001562411
1789658960.5177524,5.48780100143631
1789658960.5180957,3.507599998556543
1789658960.5182192,5.233201001829002
1789658960.5183244,3.060100003494881
1789658960.5189984,3.7968010001350194
1789658960.5192714,4.367601002741139
1789658960.5194464,4.059800998220453
1789658960.5199454,4.013501002191333
1789658960.520775,3.2976010006677825
1789658960.5216918,3.5894009997718967
1789658960.5219893,4.900701002043206
1789658960.5222082,3.878000999975484
1789658960.5225787,3.575399998226203
1789658960.5228288,4.604501998983324
1789658960.5233703,4.094300998986
1789658960.5236585,3.707400999701349
1789658960.5243902,4.938801001117099
1789658960.5246384,3.8580010004807264
1789658960.5248795,7.122301998606417
1789658960.5250924,3.0989010010671336
1789658960.5254383,3.224601001420524
1789658960.5262525,4.55400099963299
1789658960.5264347,3.601100001105806
1789658960.5268805,3.5038009991694707
1789658960.5278573,5.271302001347067
1789658960.5280743,4.409501001646277
1789658960.5284076,3.3095010003307834
1789658960.5289419,4.296901002817322
1789658960.5297956,4.909301002044231
1789658960.5302343,3.9757010017638095
1789658960.5309267,4.035701000248082
1789658960.5310295,6.633802000578726
1789658960.5312731,4.83240200264845
1789658960.5316586,1.4194010000210255
1789658960.5319443,4.080500999407377
1789658960.5324173,4.338101000030292
1789658960.5330675,4.653501000575488
1789658960.5338032,3.9969009994820226
1789658960.5339139,8.469502001389628
1789658960.534626,3.591600001527695
1789658960.5347912,5.8441010005481075
1789658960.5355983,4.662401002860861
1789658960.5357175,4.04560100287199
1789658960.5359702,4.691000998718664
1789658960.5362778,3.856101000565104
1789658960.536642,3.5677010018844157
1789658960.5368397,4.890800999419298
1789658960.5377934,3.159700998367043
1789658960.5381024,2.1271000005071983
1789658960.5381446,4.225600998324808
1789658960.5385265,3.730100997927366
1789658960.5392265,5.415502000687411
1789658960.5401134,3.4645010018721223
1789658960.540285,4.562000998703297
1789658960.5404367,4.8329009987355676
1789658960.5407813,4.4990009992034175
1789658960.541274,4.429800999787403
1789658960.54161,3.810701000475092
1789658960.5421238,4.016101000161143
1789658960.5429654,3.7326999990909826
1789658960.543659,5.120501999044791
1789658960.5442822,3.4940010009449907
1789658960.544901,3.285800998128252
1789658960.5450625,4.771200998220593
1789658960.5451121,2.983201000461122
1789658960.5452669,5.148301002918743
1789658960.5453565,4.078301000845386
1789658960.5455422,7.393002000753768
1789658960.5458694,5.428200998721877
1789658960.547275,3.6022999993292615
1789658960.5480797,3.7880009986110963
1789658960.5486646,3.7563010009762365
1789658960.5489933,6.022802001098171
1789658960.549145,4.076301000168314
1789658960.5493102,4.193100998236332
1789658960.5495787,4.217500998493051
1789658960.5497808,4.234500996972201
1789658960.5500865,4.814701002032962
1789658960.5508516,3.569800999684958
1789658960.5519943,2.842801000952022
1789658960.5521653,3.1660010026826058
1789658960.5524101,4.32410099892877
1789658960.5526803,6.805902001360664
1789658960.5528588,4.186701000435278
1789658960.5529668,3.6503010014712345
1789658960.5537562,4.173400997387944
1789658960.5542839,4.192200998659246
1789658960.5553343,5.5457009984820616
1789658960.555857,3.6832010009675287
1789658960.5562177,3.53300099959597
1789658960.5566628,4.248001001542434
1789658960.5568705,6.013802001689328
1789658960.5569315,4.068100999575108
1789658960.557176,4.204401000606595
1789658960.5578706,4.110100999241695
1789658960.557953,5.951801002083812
1789658960.5584047,4.114800998650026
1789658960.5595846,3.7195999975665472
1789658960.560093,4.750702002638718
1789658960.5605218,3.3395010032108985
1789658960.560752,3.8766010002291296
1789658960.5608044,3.867701001581736
1789658960.56093,4.2619010018825065
1789658960.5610971,4.875401002209401
1789658960.5622904,3.878101000736933
1789658960.5634043,2.873699999327073
1789658960.5637367,5.860601002495969
1789658960.5638514,5.893200999707915
1789658960.5639145,4.323001001466764
1789658960.5641556,3.05390100038494
1789658960.565044,4.107300999748986
1789658960.5656004,4.843201000767294
1789658960.5658786,5.06920100087882
1789658960.5660808,3.783200998441316
1789658960.5668688,3.45560099958675
1789658960.5672235,7.1237010015465785
1789658960.567616,3.8751010033593047
1789658960.5678666,3.7066999975650106
1789658960.5679023,4.046600999572547
1789658960.5683486,4.429802000231575
1789658960.5684595,2.854401001968654
1789658960.5697477,3.862401001242688
1789658960.5700374,4.98720099858474
1789658960.57012,3.245501000492368
1789658960.5706646,4.577701001835521
1789658960.5719693,4.095901000255253
1789658960.5721378,4.516901000897633
1789658960.5722117,3.858700998534914
1789658960.5722766,5.046202000812627
1789658960.5723743,4.467402002774179
1789658960.572809,4.345501001807861
1789658960.5732126,2.5413010007468984
1789658960.5732598,3.506200999254361
1789658960.5746484,4.52230100199813
1789658960.5749266,4.885201000433881
1789658960.5758996,3.680100002384279
1789658960.576176,4.200101000606082
1789658960.5765407,3.3233009999094065
1789658960.5767848,4.406100997584872
1789658960.576859,4.5780010004818905
1789658960.5774045,4.589901000144891
1789658960.5778272,5.683901999873342
1789658960.5784705,5.204400997172343
1789658960.5791929,4.260600999259623
1789658960.5794022,4.746301001432585
1789658960.5800765,3.211899998859735
1789658960.5805573,4.651701998227509
1789658960.5809107,4.364901000371901
1789658960.5812383,3.827700998954242
1789658960.5815053,5.324101999576669
1789658960.5815437,3.711100998771144
1789658960.582453,5.663700998411514
1789658960.5829504,4.4717009986925405
1789658960.5830083,3.6001009975734632
1789658960.5839946,3.9121010013332125
1789658960.5841296,3.568000000086613
1789658960.584634,5.434802002127981
1789658960.584811,3.895301000738982
1789658960.585177,3.933600997697795
1789658960.5854285,3.918600999895716
1789658960.585609,3.151200999127468
1789658960.586648,5.0992010001209565
1789658960.5881302,2.693499998713378
1789658960.5884726,5.513700998562854
1789658960.588548,4.413901002408238
1789658960.5887356,4.095001000678167
1789658960.5888238,5.810801998450188
1789658960.5889952,3.8063009997131303
1789658960.5892584,3.645101001893636
1789658960.589515,4.698700999142602
1789658960.5896184,5.6186020010500215
1789658960.5907247,4.071300998475635
1789658960.5913036,3.1651009994675405
1789658960.5918846,3.4063010025420226
1789658960.5921423,3.3144999979413114
1789658960.5925984,3.599199997552205
1789658960.593079,4.5256019984663
1789658960.5932796,4.539700999885099
1789658960.5933738,4.1100009984802455
1789658960.5940301,4.40660099775414
1789658960.5946596,3.9253009999811184
1789658960.5955236,6.002100999467075
1789658960.5957,3.8092009999672882
1789658960.5963025,4.990700999769615
1789658960.5965827,1.9139999967592303
1789658960.5974596,5.311902001267299
1789658960.59771,5.106902000989066
1789658960.5977762,3.7414010002976283
1789658960.5979598,4.876201001025038
1789658960.5985363,5.251300997770159
1789658960.5989094,5.531000999326352
1789658960.599899,4.368001002148958
1789658960.6003504,4.645100998459384
1789658960.600641,4.330700998252723
1789658960.6010983,4.510300997935701
1789658960.6015599,3.8451010004791897
1789658960.60223,3.3150009985547513
1789658960.602388,4.607301001669839
1789658960.602599,4.634901000827085
1789658960.6029189,5.454001002362929
1789658960.6039703,3.6137009992671665
1789658960.6041536,3.0495009996229783
1789658960.604325,3.677501001220662
1789658960.6050246,5.118200999277178
1789658960.6053052,6.763301997125382
1789658960.605483,3.9190009993035346
1789658960.605967,3.5740009989240207
1789658960.6066585,4.0544010007579345
1789658960.6070912,4.16710099671036
1789658960.6072533,3.2762010014266707
1789658960.60747,3.1402009990415536
1789658960.607722,5.487100999744143
1789658960.6084723,3.4419009971315973
1789658960.6089127,4.754300996864913
1789658960.6097383,4.427201001817593
1789658960.609963,4.4757010000466835
1789658960.6100838,3.420701003051363
1789658960.6106262,3.528801000356907
1789658960.610857,3.5976010003651027
1789658960.6115665,5.590800999925705
1789658960.611925,4.449200998351444
1789658960.6127362,3.812601000390714
1789658960.6131217,3.3702000000630505
1789658960.6142797,6.551001999469008
1789658960.6145346,4.446400998858735
1789658960.6145694,2.996400999109028
1789658960.6146674,4.700101002526935
1789658960.6147106,6.233402000361821
1789658960.6147845,4.151101002207724
1789658960.6157498,4.885801001364598
1789658960.6158726,3.125500999885844
1789658960.6165972,3.4642009995877743
1789658960.61814,6.199401999765541
1789658960.6184955,4.209301001537824
1789658960.6187022,4.1267009983130265
1789658960.6189642,3.0869010006426834
1789658960.6191063,4.434701000718633
1789658960.6194,4.611501000908902
1789658960.6198015,3.198600999894552
1789658960.6200333,4.278100997908041
1789658960.6200976,5.381900999054778
1789658960.6207294,6.189400999573991
1789658960.6217961,3.6490009988483507
1789658960.6226861,4.183200999250403
1789658960.6229622,4.254301002220018
1789658960.6232681,3.1662010005675256
1789658960.6234322,4.027300998131977
1789658960.6235604,3.753801000129897
1789658960.6237907,4.679800997109851
1789658960.624766,4.030101001262665
1789658960.6249177,4.880001000856282
1789658960.6250355,3.2348999993701
1789658960.6251144,6.145201001345413
1789658960.6258543,3.16229999953066
1789658960.626479,3.510500999254873
1789658960.6273565,3.557201001967769
1789658960.6275666,4.000200999143999
1789658960.6277661,4.4927010021638125
1789658960.6278121,4.374700998596381
1789658960.629843,4.720601002190961
1789658960.630184,5.1390020016697235
1789658960.6305714,5.798401998617919
1789658960.63081,3.2369009968533646
1789658960.630901,5.978802000754513
1789658960.6310487,4.563700997096021
1789658960.6311347,3.7711009972554166
1789658960.6318512,5.9916019999946
1789658960.6323564,2.506800999981351
1789658960.6324182,4.647301000659354
1789658960.6329443,5.126800999278203
1789658960.6338801,3.0642000019724946
1789658960.634712,2.3505009994551074
1789658960.6349623,3.8217010005610064
1789658960.6350336,4.839901001105318
1789658960.6351545,4.101100999832852
1789658960.635599,5.0229010012117215
1789658960.6356435,4.737400999147212
1789658960.6360226,3.0736009975953493
1789658960.6368783,5.022301000281004
1789658960.637852,2.8119000016886275
1789658960.6383376,2.309601000888506
1789658960.6389728,3.8130009997985326
1789658960.6391337,6.710901998303598
1789658960.639434,3.8308010007312987
1789658960.6397007,4.051200998219429
1789658960.6399074,5.189201001485344
1789658960.640006,6.121201997302705
1789658960.6403341,5.366401001083432
1789658960.6411989,4.315801001212094
1789658960.642094,2.953300001536263
1789658960.642501,2.1611009979096707
1789658960.6428094,4.951701997924829
1789658960.6433237,4.980501002137316
1789658960.6435022,4.062500996951712
1789658960.64375,3.8358009987859987
1789658960.643812,4.105901000002632
1789658960.6450841,6.102200997702312
1789658960.6454427,5.431800997030223
1789658960.6459858,3.4784999988914933
1789658960.6463156,2.8039000026183203
1789658960.6465335,5.327900998963742
1789658960.647306,2.2128009986772668
1789658960.647994,5.179900999792153
1789658960.6484346,2.9871010010538157
1789658960.6485612,6.461802000558237
1789658960.6487346,4.9174009982380085
1789658960.6487718,5.4434009980468545
1789658960.6492887,5.532200997549808
1789658960.650118,3.793001000303775
1789658960.6504798,4.48860100004822
1789658960.6507316,3.419901000597747
1789658960.6510766,4.537201999482932
1789658960.6511908,2.7514009998412803
1789658960.6526716,3.37560100160772
1789658960.6527784,4.0390009999100585
1789658960.653298,4.521201000898145
1789658960.6533365,5.337501002941281
1789658960.653568,3.444800997385755
1789658960.6539397,5.373701002099551
1789658960.6541872,3.7027010002930183
1789658960.654447,3.3657000021776184
1789658960.6559834,5.24590100030764
1789658960.656274,2.7003010000044014
1789658960.6566434,3.3402009976271074
1789658960.6570902,2.8986010001972318
1789658960.657338,6.1422010003298055
1789658960.6574018,4.06040099915117
1789658960.6578636,5.18530100089265
1789658960.6583788,2.3895000012998935
1789658960.658681,4.227001001709141
1789658960.65881,4.864500999246957
1789658960.6592886,6.505302000732627
1789658960.660506,3.1617010026820935
1789658960.6606772,4.395601001306204
1789658960.660984,3.888900999299949
1789658960.661079,3.672400998766534
1789658960.6616855,5.031700999097666
1789658960.662716,3.8999009993858635
1789658960.6627984,4.41380099800881
1789658960.6634383,4.749301999254385
1789658960.6635804,3.066901001147926
1789658960.6640394,6.1692019990005065
1789658960.6652675,4.582400997605873
1789658960.665478,4.488900998694589
1789658960.6656144,6.32020099874353
1789658960.6656535,4.570101002173033
1789658960.665877,4.1836010022962
1789658960.6662266,2.780500002700137
1789658960.666386,2.8013000010105316
1789658960.6675453,4.823102000955259
1789658960.667782,3.737800998351304
1789658960.667867,5.063802000222495
1789658960.6694965,4.2216010006086435
1789658960.6698058,4.18640099815093
1789658960.6698956,4.237700999510707
1789658960.669987,4.505200999119552
1789658960.6701124,3.8805010008218233
1789658960.670269,3.878301002259832
1789658960.6703305,4.449200998351444
1789658960.671095,3.537799999321578
1789658960.6718738,4.002600999228889
1789658960.6720557,4.269301000022097
1789658960.6730726,2.735501002462115
1789658960.6736836,3.6908010006300174
1789658960.6741383,4.021300999738742
1789658960.6742635,4.761601001519011
1789658960.6744578,4.1829010006040335
1789658960.674911,5.002500998671167
1789658960.675714,3.8352009978552815
1789658960.675899,2.8201009990880266
1789658960.6760676,1.924601001519477
1789658960.6763747,6.563502000062726
1789658960.6765409,5.441802000859752
1789658960.6776729,5.607000999589218
1789658960.6781008,3.829001001577126
1789658960.679023,4.5573009992949665
1789658960.6793578,4.432600999280112
1789658960.6796126,5.922800999542233
1789658960.680103,4.380900998512516
1789658960.6811576,3.474200999335153
1789658960.6813107,4.931601000862429
1789658960.6822858,6.381801002135035
1789658960.6823492,6.277401000261307
1789658960.682383,3.3524009995744564
1789658960.6826434,4.536001000815304
1789658960.6829503,3.583100999094313
1789658960.6829946,3.3761010017769877
1789658960.6833913,3.2786999981908593
1789658960.6841245,7.578502001706511
1789658960.685084,3.918000998964999
1789658960.6854012,4.085800999746425
1789658960.6858463,3.198100999725284
1789658960.6861928,3.9020009971864056
1789658960.6862535,3.8660009995510336
1789658960.687168,4.812600996956462
1789658960.6874359,4.436101000464987
1789658960.6881278,4.729801999928895
1789658960.6882706,5.316001999744913
1789658960.6886005,4.470601001230534
1789658960.6887522,3.661000999272801
1789658960.6896687,3.8175010013219435
1789658960.6901305,4.724300997622777
1789658960.69122,3.0856000012136064
1789658960.6913254,5.0674009980866686
1789658960.6913645,4.190800998912891
1789658960.6914785,2.8620000011869706
1789658960.69159,5.393400999309961
1789658960.6923978,4.9564020009711385
1789658960.6929214,3.2480009977007285
1789658960.6929607,4.685800999141065
1789658960.6938806,3.7306010017346125
1789658960.6949446,3.712200999871129
1789658960.6950562,6.297200998233166
1789658960.6952658,3.781000999879325
1789658960.6958377,4.234001000440912
1789658960.6960013,3.075599997828249
1789658960.6964943,5.125301999214571
1789658960.696584,4.181701002380578
1789658960.6969826,5.652201998600503
1789658960.697774,3.879900999891106
1789658960.6979775,5.011901001125807
1789658960.6986663,3.6042009996890556
1789658960.6996884,3.6731010004587006
1789658960.6998217,4.869401000178186
1789658960.7003758,5.1037019984505605
1789658960.7007892,4.29010100197047
1789658960.7012832,4.694800998549908
1789658960.7015686,5.724001999624306
1789658960.7020075,5.019901000196114
1789658960.7022705,4.287301002477761
1789658960.7027395,4.959500998666044
1789658960.7034273,3.599001000111457
1789658960.7038279,5.156300998351071
1789658960.703975,3.5940999987360556
1789658960.7047396,3.945100997952977
1789658960.7049296,5.23430199973518
1789658960.7051148,3.826400999969337
1789658960.7054455,3.8724010009900667
1789658960.7058685,3.8557010011572856
1789658960.7066329,4.357200999947963
1789658960.7077806,3.94670099922223
1789658960.7081368,4.703500999312382
1789658960.7084477,3.7030000021331944
1789658960.7088547,4.874602000199957
1789658960.7089584,6.213701999513432
1789658960.709095,3.643800999270752
1789658960.709138,4.017900999315316
1789658960.7092545,2.616701000079047
1789658960.710346,5.4100009983812924
1789658960.7114747,5.595900998741854
1789658960.7118297,3.3760010010155383
1789658960.7118828,4.09660100194742
1789658960.7123954,4.253800998412771
1789658960.7127864,3.527501001372002
1789658960.7135384,2.053401000011945
1789658960.7140403,5.179201001737965
1789658960.7143831,5.24090100225294
1789658960.7145946,5.4952009995759
1789658960.7148447,5.8817009994527325
1789658960.7154639,5.0690009993559215
1789658960.716032,4.195500998321222
1789658960.716116,3.324500001326669
1789658960.7165415,4.141700999753084
1789658960.7169547,5.066502002591733
1789658960.7182858,3.8914010001462884
1789658960.7185225,3.9221010010805912
1789658960.7189267,2.3780009978509042
1789658960.7189696,3.499900998576777
1789658960.7190363,5.4922010021982715
1789658960.7190807,5.03540100180544
1789658960.719313,4.4638010003836825
1789658960.7202523,4.21530099993106
1789658960.7211175,4.156800998316612
1789658960.722119,3.0763009999645874
1789658960.7222233,3.6943009981769137
1789658960.7226114,6.491001997346757
1789658960.7229145,3.93970099685248
1789658960.723161,4.0753009998297784
1789658960.7232137,4.280100998585112
1789658960.7234344,4.117501001019264
1789658960.7236006,5.306000999553362
1789658960.7255764,5.315902002621442
1789658960.725952,4.829001001780853
1789658960.7262697,4.144100999837974
1789658960.7264028,4.174701000010828
1789658960.7265136,3.0748009994567838
1789658960.7268972,3.6787010030820966
1789658960.727083,4.4670010029221885
1789658960.7281516,4.972101000021212
1789658960.7285156,5.596201001026202
1789658960.7290564,3.4720999974524602
1789658960.729556,5.946302000666037
1789658960.7307508,4.341501000453718
1789658960.7308536,4.335000998253236
1789658960.731041,4.137700998398941
1789658960.7313833,2.863100999093149
1789658960.7321155,5.840600999363232
1789658960.732453,4.2926009991788305
1789658960.7325835,6.627201000810601
1789658960.7327833,3.72170099944924
1789658960.733002,5.914001001656288
1789658960.7338,4.2346010013716295
1789658960.734327,3.2804010006657336
1789658960.734551,3.1635009981982876
1789658960.734902,2.4436009989585727
1789658960.7352335,4.37490100011928
1789658960.7355983,4.8411009993287735
1789658960.7359369,3.148800999042578
1789658960.7376287,5.039701998612145
1789658960.7377796,5.659402002493152
1789658960.7384791,4.67240100260824
1789658960.7386484,2.7067010014434345
1789658960.739135,3.8970009991317056
1789658960.7391818,6.17550199967809
1789658960.7394896,4.934001000947319
1789658960.7401817,4.578400999889709
1789658960.7404425,6.109500998718431
1789658960.7410302,6.122701001004316
1789658960.7415247,3.889399999025045
1789658960.7417734,3.9894010005809832
1789658960.7419012,3.417200998228509
1789658960.7431972,4.056101002788637
1789658960.7441397,3.6895010016451124
1789658960.7443147,5.660400998749537
1789658960.7444048,4.217500998493051
1789658960.7447627,5.574701001023641
1789658960.7450087,5.512700998224318
1789658960.7452095,3.4310999981244095
1789658960.746648,2.23380099851056
1789658960.7468386,5.802701998618431
1789658960.7474468,5.915002002438996
1789658960.7477946,5.888501000299584
1789658960.748027,3.705200997501379
1789658960.748124,4.9214009995921515
1789658960.7489414,3.727000999788288
1789658960.7492754,4.259800996806007
1789658960.7496388,5.4903009986446705
1789658960.7499623,5.194101999222767
1789658960.750418,3.573600999516202
1789658960.7510476,4.390400998090627
1789658960.7517438,3.6147009996057022
1789658960.7520518,4.252101000020048
1789658960.7521734,4.1413010003452655
1789658960.7524695,5.017700997996144
1789658960.7527535,3.4731010018731467
1789658960.7530162,4.062200998305343
1789658960.7539475,3.9789000002201647
1789658960.7541423,3.7186009976721834
1789658960.754267,4.62210200203117
1789658960.7550967,3.347001002111938
1789658960.7558825,3.8256009975157212
1789658960.7562163,5.162700999790104
1789658960.756532,4.353501000878168
1789658960.7567673,4.285300998162711
1789658960.7569795,4.22010100010084
1789658960.7580955,5.072501000540797
1789658960.7583623,4.21530099993106
1789658960.758483,3.3811009998316877
1789658960.7586474,2.7603010021266527
1789658960.758949,4.678200999478577
1789658960.759471,3.2500009983778
1789658960.7599554,3.417501000512857
1789658960.7601225,6.16830199942342
1789658960.760723,2.620201001263922
1789658960.7613275,4.341501000453718
1789658960.7615273,4.75500099855708
1789658960.7621696,3.5166999987268355
1789658960.763358,4.4015009989379905
1789658960.7634652,4.976700998668093
1789658960.7637067,3.575401002308354
1789658960.764014,2.679200999409659
1789658960.7642546,5.887201001314679
1789658960.7648203,4.859101001784438
1789658960.765292,5.816101001983043
1789658960.765839,3.6633009985962417
1789658960.767001,1.7014010009006597
1789658960.7673738,6.644701999903191
1789658960.7675133,3.4948009997606277
1789658960.767644,6.111501999839675
1789658960.767784,4.420001001562923
1789658960.7681093,3.850201002933318
1789658960.768755,5.284201000904432
1789658960.7689464,5.235500997514464
1789658960.769211,3.367200999491615
1789658960.7699223,5.09590100045898
1789658960.7706995,3.6924009982612915
1789658960.771229,3.437400999246165
1789658960.7717106,4.331701002229238
1789658960.7720156,4.366401000879705
1789658960.7725976,5.079800997918937
1789658960.7726629,3.7118010004633106
1789658960.7728496,4.089501002454199
1789658960.7732918,5.176701000891626
1789658960.7747946,4.864901999098947
1789658960.7750976,4.391100999782793
1789658960.7751544,3.438600997469621
1789658960.7751992,3.9640009999857284
1789658960.7754304,6.214901997736888
1789658960.7758372,3.170300999045139
1789658960.7760603,3.4584009990794584
1789658960.7772393,5.213800999626983
1789658960.777692,4.836601001443341
1789658960.7783353,3.1748999972478487
1789658960.7784653,3.6636000004364178
1789658960.778558,3.3542999990459066
1789658960.7786007,5.301801000314299
1789658960.7798831,4.77660099932109
1789658960.7803445,4.279100998246577
1789658960.7807148,5.277900996588869
1789658960.7815993,2.9923010006314144
1789658960.7819161,6.073200998798711
1789658960.7823513,2.000399999815272
1789658960.7824214,3.9511009999841917
1789658960.782467,4.769200997543521
1789658960.7825754,5.328200997610111
1789658960.7827415,4.399700999783818
1789658960.7832406,4.678201999922749
1789658960.7849562,4.2346010013716295
1789658960.7855356,3.106400999968173
1789658960.7857788,3.0321010017360095
1789658960.7858982,6.008800999552477
1789658960.7864408,3.8606009984505363
1789658960.7866228,5.016500999772688
1789658960.7866795,4.208201000437839
1789658960.787105,5.183702000067569
1789658960.787214,4.857402000197908
1789658960.7886398,5.392701001255773
1789658960.7891695,2.48550099786371
1789658960.7892818,3.739501000382006
1789658960.7893498,3.566400999261532
1789658960.7900822,2.8626999992411584
1789658960.7902396,3.130299999611452
1789658960.790559,5.59670100119547
1789658960.7910738,5.1710009975067805
1789658960.7911775,4.731600998638896
1789658960.7918072,5.179801999474876
1789658960.7927623,3.474501001619501
1789658960.793229,2.982900998176774
1789658960.7936754,4.498100999626331
1789658960.794161,4.07010100025218
1789658960.7943532,5.704601000616094
1789658960.7947598,3.6808010008826386
1789658960.7950127,3.830901001492748
1789658960.7952232,5.869300999620464
1789658960.795455,3.6431009975785855
1789658960.7955618,4.997902000468457
1789658960.7969346,2.5728010004968382
1789658960.7971117,3.8766010002291296
1789658960.7981796,5.410400997789111
1789658960.798348,3.1201010024233256
1789658960.7985163,4.3488010014698375
1789658960.7986593,3.894700999808265
1789658960.799381,5.69840100069996
1789658960.8006625,5.644202003168175
1789658960.800735,3.793200998188695
1789658960.8010194,5.4530010020243935
1789658960.8010802,5.62090099992929
1789658960.801736,3.5504010011209175
1789658960.8023522,5.235401000390993
1789658960.8028555,4.502900999796111
1789658960.8030982,4.576700997859007
1789658960.8036683,5.004602000553859
1789658960.8038993,4.513302003033459
1789658960.804745,4.00470100066741
1789658960.8049572,3.872200999467168
1789658960.8051162,4.091901002539089
1789658960.8054764,4.80810099907103
1789658960.8060071,3.650201000709785
1789658960.8067973,3.936100998544134
1789658960.806917,5.176001002837438
1789658960.807089,3.1838999966566917
1789658960.8077722,3.0201009976735804
1789658960.8079107,4.805802000191761
1789658960.808273,4.6003010029380675
1789658960.8086498,2.637901001435239
1789658960.809644,4.680701000324916
1789658960.810293,5.16850100029842
1789658960.810464,3.6620009996113367
1789658960.8106382,2.860000000509899
1789658960.81168,6.195801001013024
1789658960.8118782,3.6000010004499927
1789658960.8119438,4.849101998843253
1789658960.8121908,4.275200997653883
1789658960.8129687,4.311501001211582
1789658960.8130975,6.176201997732278
1789658960.8139389,3.637401001469698
1789658960.8140485,4.39940099749947
1789658960.814512,4.043501001433469
1789658960.8157663,4.078500998730306
1789658960.8158143,5.169300999114057
1789658960.8160036,3.808401001151651
1789658960.816532,4.639701000996865
1789658960.8171406,4.165100999671267
1789658960.8175912,3.6476009991019964
1789658960.817677,5.728100997657748
1789658960.8179498,4.8467010019521695
1789658960.8184855,4.432900997926481
1789658960.818549,4.0324010005861055
1789658960.819528,3.519300000334624
1789658960.820442,4.62220199915464
1789658960.8208945,3.747900998860132
1789658960.8212652,3.583401001378661
1789658960.821538,2.9835009991074912
1789658960.8216968,4.100301001017215
1789658960.8221102,5.56780099941534
1789658960.8223784,6.606702001590747
1789658960.8228,4.844301001867279
1789658960.8233013,2.8534999983094167
1789658960.8233323,4.8430010028823745
1789658960.8236341,4.100400998140685
1789658960.824583,3.312101001938572
1789658960.825285,3.7403009991976433
1789658960.8257968,4.896600999927614
1789658960.8264441,4.059901002619881
1789658960.8264906,3.153901001496706
1789658960.8269897,5.286001000058604
1789658960.8272061,5.0913010018120985
1789658960.8276622,4.856101000768831
1789658960.8279588,4.318200997659005
1789658960.8283327,3.743200002645608
1789658960.8284988,5.191801999899326
1789658960.828648,3.358100999321323
1789658960.8298347,4.031700998893939
1789658960.8302546,3.2557010017626453
1789658960.8318267,4.613301000063075
1789658960.831937,3.9732009972794913
1789658960.8320816,5.6329010003537405
1789658960.8325217,4.016500002762768
1789658960.8330917,5.42320199747337
1789658960.8332117,6.716301999404095
1789658960.833801,5.4620020018774085
1789658960.8338666,5.213401000219164
1789658960.834151,3.8888009985384997
1789658960.834549,4.70860100176651
1789658960.8349924,3.0506010007229634
1789658960.8359613,3.873801000736421
1789658960.836126,3.597900999011472
1789658960.8364623,3.245800002332544
1789658960.8367646,3.667900997243123
1789658960.837295,3.13870099853375
1789658960.8373783,5.546201999095501
1789658960.8378847,4.014000998722622
1789658960.8387868,4.979001001629513
1789658960.8390481,4.49360099810292
1789658960.8402314,4.099301000678679
1789658960.8404434,5.445901002531173
1789658960.8405285,4.0610010000818875
1789658960.8408933,4.122901002119761
1789658960.8411906,5.223601998295635
1789658960.8414326,4.132401001697872
1789658960.8417034,4.320200998336077
1789658960.8428366,2.5989010027842596
1789658960.8432484,2.800101003231248
1789658960.8434966,4.703701000835281
1789658960.8436038,5.714601000363473
1789658960.8438077,4.754401001264341
1789658960.8449771,4.44080200031749
1789658960.8450718,4.17410099908011
1789658960.8457303,4.531801001576241
1789658960.846678,4.966901000443613
1789658960.847043,4.201100997306639
1789658960.8471398,3.327100999740651
1789658960.8475087,6.071900999813806
1789658960.8475926,3.9841010002419353
1789658960.8477166,4.215001001284691
1789658960.8478453,4.592401000991231
1789658960.848707,2.9682000022148713
1789658960.848941,3.9585000013175886
1789658960.8503764,2.777301000605803
1789658960.8506744,3.1600010006513912
1789658960.8508801,5.803700998512795
1789658960.8512955,3.4457010006008204
1789658960.851488,4.343001000961522
1789658960.8520713,5.384800999308936
1789658960.8524637,5.416200998297427
1789658960.8527396,5.017201001464855
1789658960.8530765,4.129600998567184
1789658960.8538225,5.107402001158334
1789658960.8538918,3.0066010003793053
1789658960.8542717,3.888701001415029
1789658960.8548489,3.5486010019667447
1789658960.8551626,4.481701002077898
1789658960.8555138,3.0458009969152045
1789658960.8556283,4.1360010000062175
1789658960.8569922,3.908501003024867
1789658960.8572214,4.4757010000466835
1789658960.8575096,3.6124010002822615
1789658960.8581016,6.024802001775242
1789658960.8584642,2.9459010002028663
1789658960.859354,2.123800997651415
1789658960.8595774,4.408600998431211
1789658960.8602555,5.401100999733899
1789658960.8603528,6.074401000660146
1789658960.8605726,4.938201000186382
1789658960.8607213,6.89120099923457
1789658960.861584,4.58360199991148
1789658960.8629248,5.405400999734411
1789658960.8633084,5.200301002332708
1789658960.8637013,5.229701000644127
1789658960.864434,3.853400998195866
1789658960.8645751,3.8438010014942847
1789658960.864697,4.3374010019761045
1789658960.8649697,5.387301000155276
1789658960.8650956,5.731801000365522
1789658960.8657537,4.153701000177534
1789658960.865816,5.554601997573627
1789658960.8660092,3.076200999203138
1789658960.8675778,3.869001000566641
1789658960.8677614,4.447201001312351
1789658960.8683894,3.2888009991438594
1789658960.8685987,3.893901000992628
1789658960.8688402,3.865901002427563
1789658960.8691008,4.519600999628892
1789658960.8691394,3.3815999995567836
1789658960.8700259,5.5857019979157485
1789658960.870148,4.134401002374943
1789658960.8709502,3.1829010004003067
1789658960.8712075,5.387200999393826
1789658960.8714347,3.8514010011567734
1789658960.87271,3.864001002511941
1789658960.8729677,4.362600997410482
1789658960.8733325,3.179800001817057
1789658960.8740802,4.974201998265926
1789658960.8742895,3.0773009966651443
1789658960.8744214,3.466201000264846
1789658960.874556,6.161901997984387
1789658960.8748736,5.729802000132622
1789658960.875241,5.208500999287935
1789658960.8753538,3.9145010014181025
1789658960.8761125,3.1381010012410115
1789658960.8768945,4.177301001618616
1789658960.8776624,3.5696999984793365
1789658960.877925,3.361600000062026
1789658960.8782613,4.923902000882663
1789658960.8784635,3.584900998248486
1789658960.8787878,4.49360099810292
1789658960.8791904,3.9449010000680573
1789658960.8795536,5.126200998347485
1789658960.8805873,3.6856010010524187
1789658960.8810115,5.652300998917781
1789658960.8818579,5.738601001212373
1789658960.8821273,3.860500997689087
1789658960.8824368,2.8771010001946706
1789658960.8825283,4.854401999182301
1789658960.8829737,4.180501000519143
1789658960.8830614,5.13030200090725
1789658960.883314,4.846201001782902
1789658960.8843322,1.8864000012399629
1789658960.8844306,3.836400999716716
1789658960.885239,4.222001000016462
1789658960.8854728,6.277800999669125
1789658960.8860114,4.147601001022849
1789658960.8861187,3.051800002140226
1789658960.8867118,4.578801002935506
1789658960.8870482,2.6129010002478026
1789658960.887388,4.854300997976679
1789658960.888397,3.151200999127468
1789658960.8888743,5.894100999285001
1789658960.8890114,5.693100996722933
1789658960.8892567,3.2403010009147692
1789658960.8897324,4.2552009981591254
1789658960.889798,5.4596010013483465
1789658960.8910599,4.342300999269355
1789658960.8912635,3.869601001497358
1789658960.8913994,5.275002000416862
1789658960.8916588,4.60490099794697
1789658960.8921857,3.1691010008216836
1789658960.8926814,4.278700998838758
1789658960.8928525,3.0498009982693475
1789658960.8929923,4.111801001272397
1789658960.8940983,2.8252000010979827
1789658960.894428,3.362700001162011
1789658960.8944998,4.762800999742467
1789658960.8951335,5.866901999979746
1789658960.8955436,4.130100998736452
1789658960.895943,3.255101000831928
1789658960.896385,4.193601002043579
1789658960.8969057,3.9061010029399768
1789658960.897159,5.495401001098799
1789658960.8978035,4.94590100061032
1789658960.8983824,2.83339999805321
1789658960.8988986,3.7578009978460614
1789658960.8989952,4.56150200261618
1789658960.8994184,4.913501998089487
1789658960.8995857,2.673401002539322
1789658960.90031,4.359201000625035
1789658960.9006023,6.49720200090087
1789658960.9014769,4.311000997404335
1789658960.9020145,4.2049010007758625
1789658960.9024646,4.075900997122517
1789658960.9029403,6.55050199929974
1789658960.903109,4.109900997718796
1789658960.9031496,3.55950100129121
1789658960.9033782,3.9550010005768854
1789658960.9040227,3.4036010001727846
1789658960.9042556,5.352501000743359
1789658960.90477,4.455100999621209
1789658960.9049861,3.5040010006923694
1789658960.9054198,2.9492009998648427
1789658960.906394,3.279500000644475
1789658960.9067252,3.7778000005346257
1789658960.9077566,5.735901999287307
1789658960.9078994,4.744501002278412
1789658960.9083736,3.5981009968963917
1789658960.909032,4.041101001348579
1789658960.9092054,4.945400996803073
1789658960.9094687,4.044901001179824
1789658960.9099262,6.543101000715978
1789658960.9105513,2.788099998724647
1789658960.9108787,4.146000999753596
1789658960.9110746,4.674801999499323
1789658960.9113665,7.337201997870579
1789658960.9116807,3.301900997030316
1789658960.912019,4.1140009998343885
1789658960.9123807,3.170800999214407
1789658960.9140534,2.679500001249835
1789658960.9143147,4.840601002797484
1789658960.9145496,4.616201000317233
1789658960.9146237,4.066700999828754
1789658960.9148748,3.7951999984215945
1789658960.9152694,6.232301999261836
1789658960.915467,4.559101998893311
1789658960.9163926,4.7065010003279895
1789658960.916483,4.097700999409426
1789658960.9169524,2.8926009981660172
1789658960.9180167,3.46060099764145
1789658960.9186578,4.337500999099575
1789658960.9187343,3.854201000649482
1789658960.9189248,6.900200998643413
1789658960.9192698,3.9959000023372937
1789658960.9198554,4.383301002235385
1789658960.920245,5.617202001303667
1789658960.9203598,3.4023010011878796
1789658960.9211981,4.710101002274314
1789658960.921551,2.6214010031253565
1789658960.922322,3.655501001048833
1789658960.9227104,3.971301001001848
1789658960.9228747,4.8525009988225065
1789658960.9238353,7.436801999574527
1789658960.9239793,4.11860099848127
1789658960.9245794,4.32900099986
1789658960.9246595,3.103201001067646
1789658960.9251988,3.9953010018507484
1789658960.9258041,3.475500998320058
1789658960.925917,5.552801001613261
1789658960.925978,3.098700999544235
1789658960.9262288,6.952202002139529
1789658960.9274561,3.4694999994826503
1789658960.9280999,3.511500999593409
1789658960.9282455,5.528802001208533
1789658960.9282851,4.444600999704562
1789658960.9288409,3.6364009974931832
1789658960.9294791,3.6688009968202095
1789658960.9298325,5.167500999959884
1789658960.9299812,3.746600999875227
1789658960.9304726,4.550800997094484
1789658960.9309795,3.513701001793379
1789658960.9315848,3.2945999992080033
1789658960.9322593,4.008600997622125
1789658960.9322927,3.4460009992471896
1789658960.9326594,6.677101999230217
1789658960.9328825,3.397900996787939
1789658960.9336274,5.5200009992404375
1789658960.9346163,4.777701000421075
1789658960.9349208,2.6565999978629407
1789658960.93509,3.5003010016225744
1789658960.9355638,4.5780010004818905
1789658960.9356573,5.179900999792153
1789658960.9358423,5.855801999132382
1789658960.9362164,3.3296010005869903
1789658960.9364092,4.111500998988049
1789658960.9373379,3.705500999785727
1789658960.9381907,3.565901002730243
1789658960.9385228,3.426000999752432
1789658960.9385858,5.920201001572423
1789658960.9396956,3.8481999981740955
1789658960.9399424,4.28060099875438
1789658960.9403386,3.9238009994733147
1789658960.94058,5.653402000461938
1789658960.9411657,5.59740199969383
1789658960.9415479,5.326201000571018
1789658960.9417167,4.373900999780744
1789658960.9418335,3.2427010009996593
1789658960.9422898,3.7619009999616537
1789658960.9426084,4.411100999277551
1789658960.943449,3.747201000805944
1789658960.944645,4.2952009971486405
1789658960.945495,4.907901002297876
1789658960.9458225,4.100301001017215
1789658960.946063,4.509900998527883
1789658960.9469383,4.637501002434874
1789658960.9471774,7.228902002680115
1789658960.9475162,6.345600999338785
1789658960.9478824,5.2688010000565555
1789658960.9480698,6.232001000171294
1789658960.948186,4.729800999484723
1789658960.9484353,2.607701000670204
1789658960.9486482,3.9934009982971475
1789658960.9487703,3.269901000749087
1789658960.9499078,3.838101001747418
1789658960.9503286,2.8084010009479243
1789658960.950974,3.7889009981881827
1789658960.9514043,3.328701001009904
1789658960.9516585,3.4679009986575693
1789658960.952134,5.187000999285374
1789658960.9524333,4.543901999568334
1789658960.9528186,4.16450099874055
1789658960.9532924,2.3113010029192083
1789658960.953515,5.075200999272056
1789658960.9540584,5.2839009986200836
1789658960.954757,3.347001002111938
1789658960.9550302,2.589599997008918
1789658960.9557004,5.78800099901855
1789658960.955764,3.625500998168718
1789658960.956151,4.487301001063315
1789658960.9566844,6.351102001644904
1789658960.9570408,3.5207010005251504
1789658960.9576132,4.788801001268439
1789658960.9576786,3.614900997490622
1789658960.9589102,5.610401000012644
1789658960.9593792,4.615500998625066
1789658960.9595118,2.8218999977980275
1789658960.9596288,4.591500997776166
1789658960.960904,3.853900998365134
1789658960.9613712,5.214402001001872
1789658960.9619353,6.166002000099979
1789658960.9622524,4.632501000742195
1789658960.962774,5.089100999612128
1789658960.9634364,7.728201999270823
1789658960.9639223,4.285101000277791
1789658960.9640424,5.125601001054747
1789658960.9642334,3.322299999126699
1789658960.9644616,3.0847999987599906
1789658960.964506,4.989200999261811
1789658960.965251,5.867202002264094
1789658960.9665112,2.272200999868801
1789658960.9668727,4.613900997355813
1789658960.9671931,5.251700997177977
1789658960.9673362,4.555900999548612
1789658960.9677992,3.7515010008064564
1789658960.9679363,4.494100998272188
1789658960.9683707,4.44270099978894
1789658960.9695714,5.060502000560518
1789658960.9696758,4.419700999278575
1789658960.969996,5.529802001547068
1789658960.9704936,3.976101001171628
1789658960.9714415,3.4992010005225893
1789658960.971686,3.872801000397885
1789658960.9723566,3.979500997957075
1789658960.9728086,5.928301001404179
1789658960.9731052,5.907501999899978
1789658960.9732945,2.796100998239126
1789658960.9736996,6.357401998684509
1789658960.9739194,4.237700999510707
1789658960.9740186,4.442401001142571
1789658960.9742098,2.5182009994750842
1789658960.974705,3.2583009997324552
1789658960.9748046,4.804600997886155
1789658960.9761667,3.34890100202756
1789658960.9772208,4.109200999664608
1789658960.9772904,3.075401000387501
1789658960.977704,5.340701998648001
1789658960.977996,4.696501000580611
1789658960.9781966,4.165701000601985
1789658960.9790027,5.295101000228897
1789658960.9795425,5.616500999167329
1789658960.9798377,5.127501000970369
1789658960.9803843,5.575101000431459
1789658960.9806483,4.474700999708148
1789658960.9808095,3.098999997746432
1789658960.981858,3.656000997580122
1789658960.9820514,4.824501000257442
1789658960.9824295,5.132301001140149
1789658960.9830458,3.201601000910159
1789658960.9835718,4.561600999295479
1789658960.983827,5.825300999276806
1789658960.9842207,3.831401001662016
1789658960.9847355,2.8726000018650666
1789658960.9848495,4.035501002363162
1789658960.9852312,5.683201001374982
1789658960.9853985,4.74510099957115
1789658960.9866376,4.58070099921315
1789658960.9869678,3.917001002264442
1789658960.9874115,4.9763010028982535
1789658960.987999,4.165100999671267
1789658960.9881494,3.9242009988811333
1789658960.9884627,3.05890099843964
1789658960.9890392,5.4620010014332365
1789658960.9895854,4.731601999083068
1789658960.990147,4.911101998004597
1789658960.9903178,5.577801999606891
1789658960.9906049,3.632400999777019
1789658960.9911134,3.1097009996301495
1789658960.9921322,4.714601000159746
1789658960.9921784,4.024900998047087
1789658960.992245,5.601300999842351
1789658960.993531,3.2061999991128687
1789658960.9939053,5.4368019991670735
1789658960.9940498,4.457900999113917
1789658960.994185,3.5743010012083687
1789658960.9946601,4.507201003434602
1789658960.9954913,3.305201000330271
1789658960.99647,7.4189020015182905
1789658960.9966753,4.425500999786891
1789658960.9968066,2.7503999990585726
1789658960.9972758,5.139000997587573
1789658960.9975178,3.9812009999877773
1789658960.997859,3.192801003024215
1789658960.9978938,3.9821009995648637
1789658960.9981074,6.988701999944169
1789658960.9998474,3.03200100097456
1789658961.0000951,3.6137009992671665
1789658961.000231,2.950301000964828
1789658961.0004046,4.90720100060571
1789658961.0005717,3.0495009996229783
1789658961.0011253,6.935401001101127
1789658961.0013666,3.5033999993174803
1789658961.0018308,5.150700999365654
1789658961.0023353,4.4365009998728056
1789658961.0023882,4.2759009993460495
1789658961.0033045,2.893600998504553
1789658961.0038896,3.788701000303263
1789658961.0044327,3.854700997180771
1789658961.0052562,5.395200998464134
1789658961.005347,2.9541000003519002
1789658961.0056064,4.474700999708148
1789658961.0058877,5.651900999509962
1789658961.0059211,4.549801000393927
1789658961.0061893,3.8490009974339046
1789658961.006838,5.003102000046056
1789658961.0078924,4.580300999805331
1789658961.0087488,3.482701002212707
1789658961.009194,3.841701000055764
1789658961.0092554,3.363100997376023
1789658961.0093684,3.174699999362929
1789658961.009402,3.7902010008110665
1789658961.0094967,5.056001002230914
1789658961.0096774,5.78320099884877
1789658961.0107157,4.787202000443358
1789658961.0119042,5.0592010011314414
1789658961.0121965,2.9361009983404074
1789658961.0123162,4.417601001478033
1789658961.0135694,4.066300996782957
1789658961.0137644,4.082400999322999
1789658961.0139623,5.208000999118667
1789658961.0145807,5.381102000683313
1789658961.0146422,5.2696019993163645
1789658961.0147374,5.33120199906989
1789658961.0150628,4.339701001299545
1789658961.0152252,3.31260100210784
1789658961.0169373,4.614101002516691
1789658961.017177,3.601700998842716
1789658961.0172153,3.446400998655008
1789658961.018475,6.27170100051444
1789658961.0187194,4.072601001098519
1789658961.0187771,4.810301998077193
1789658961.018927,4.341800999100087
1789658961.0199451,4.7139009984675795
1789658961.020633,3.413301001273794
1789658961.0208201,6.078801001422107
1789658961.020863,3.9204010026878677
1789658961.0210044,5.937100999290124
1789658961.0213127,4.130101002374431
1789658961.0225961,3.6627000008593313
1789658961.0231636,4.438400999788428
1789658961.0233955,4.613901000993792
1789658961.023675,5.195001998799853
1789658961.024054,3.0416010013141204
1789658961.024949,4.996101000870112
1789658961.0250463,4.407200998684857
1789658961.0258172,4.5001010003034025
1789658961.025888,3.2859009988897014
1789658961.026531,5.6615009998495225
1789658961.0266933,5.86780099911266
1789658961.026961,3.7910009996267036
1789658961.027629,4.226801000186242
1789658961.0277505,4.06990100236726
1789658961.0279994,3.938001002097735
1789658961.0286024,3.5486010019667447
1789658961.0304427,4.538601002423093
1789658961.0305266,3.987801002949709
1789658961.0306597,4.838101001951145
1789658961.030875,5.9196010006417055
1789658961.03099,2.9854009990231134
1789658961.0313473,4.648001999157714
1789658961.0320017,5.035201000282541
1789658961.0329692,4.330600997491274
1789658961.0333033,5.5452010019507725
1789658961.0335255,2.9937010003777687
1789658961.0338717,6.235001001186902
1789658961.03426,3.3803010010160506
1789658961.034782,3.7871000022278167
1789658961.0349004,4.236300999764353
1789658961.035595,4.243200997734675
1789658961.0356553,5.205601999477949
1789658961.0365078,4.500700997596141
1789658961.0375369,4.224401000101352
1789658961.0379024,3.638000998762436
1789658961.038095,4.216700999677414
1789658961.0381825,4.6527009981218725
1789658961.038355,5.380700997193344
1789658961.0389864,4.080700997292297
1789658961.0394135,3.7534010007220786
1789658961.039938,5.150602002686355
1789658961.040666,5.06440100070904
1789658961.0411491,3.60540100155049
1789658961.041516,5.002901001716964
1789658961.0419145,3.8149009997141548
1789658961.042145,4.238801000610692
1789658961.0423682,2.9476000017893966
1789658961.043289,4.294500999094453
1789658961.0437772,5.414101997303078
1789658961.0441365,3.4634009971341584
1789658961.0444932,6.305001999862725
1789658961.0447333,4.787600999407005
1789658961.045438,2.1374999996623956
1789658961.0458,4.641700998035958
1789658961.0462196,2.4315999980899505
1789658961.0465257,5.004401002224768
1789658961.047096,4.722300996945705
1789658961.0473127,3.1718000027467497
1789658961.0480368,6.117502001870889
1789658961.0484843,6.334901998343412
1789658961.0491164,4.615200999978697
1789658961.0493238,4.583801000990206
1789658961.0497115,3.1802010016690474
1789658961.0499492,4.504301003180444
1789658961.0500066,2.6892009991570376
1789658961.050489,4.262700997060165
1789658961.0507245,2.68320000031963
1789658961.0520692,2.3521009970863815
1789658961.05228,6.472701999882702
1789658961.0530841,2.353300998947816
1789658961.0531924,4.702800997620216
1789658961.0533175,4.194500997982686
1789658961.0537472,3.7362010007200297
1789658961.0538073,4.478901002585189
1789658961.0546875,7.585502000438282
1789658961.0547302,2.445000001898734
1789658961.0549424,4.988701002730522
1789658961.0554407,3.366299999470357
1789658961.056429,5.932002000918146
1789658961.0569763,2.027900998655241
1789658961.0571356,3.813600997091271
1789658961.0574565,4.259700999682536
1789658961.057573,3.752701002667891
1789658961.0576088,4.5197010003903415
1789658961.0591376,4.442301000381121
1789658961.0595055,4.060000999743352
1789658961.059669,5.917500999203185
1789658961.0599422,3.505501001200173
1789658961.0600886,5.352502001187531
1789658961.0613275,4.183501001534751
1789658961.061686,4.107500997633906
1789658961.0620337,4.418901000462938
1789658961.0625606,5.098400997667341
1789658961.0637074,3.755900001124246
1789658961.0639684,4.458401999727357
1789658961.0640032,2.3108009991119616
1789658961.0641463,4.473101998883067
1789658961.064219,7.236302000819705
1789658961.0644696,5.325402002199553
1789658961.0645614,4.467101000045659
1789658961.0663269,4.991200999938883
1789658961.0665488,2.8346010003588162
1789658961.0671546,5.111001002660487
1789658961.067236,4.668801000661915
1789658961.0680912,3.5242010017100256
1789658961.0683746,4.221500999847194
1789658961.0686438,4.635401000996353
1789658961.0690641,4.841001002205303
1789658961.0692272,4.753700999572175
1789658961.069458,3.1251010004780255
1789658961.0697339,3.1805010003154166
1789658961.070865,6.890900996950222
1789658961.0709288,3.688300999783678
1789658961.071127,2.745800000411691
1789658961.072736,3.2708010003261734
1789658961.072848,4.751801003294531
1789658961.0729992,5.835801999637624
1789658961.0730596,3.320700998301618
1789658961.0734055,4.336500998761039
1789658961.073632,4.982800997822778
1789658961.074178,4.94610099849524
1789658961.0751088,4.23690100069507
1789658961.0752783,2.5359999999636784
1789658961.0756304,4.696801002864959
1789658961.0758638,4.732400997454533
1789658961.0770717,4.2163010002695955
1789658961.0777624,4.756401001941413
1789658961.0779786,4.341300998930819
1789658961.0781415,5.076301000372041
1789658961.0788276,5.4167010021046735
1789658961.0791492,4.029400999570498
1789658961.0794876,5.304600999807008
1789658961.0799866,2.2184999979799613
1789658961.0803714,4.501901003095554
1789658961.0808737,3.7946009979350492
1789658961.081203,5.56820199926733
1789658961.0812364,5.953202002274338
1789658961.08159,2.4329010011570062
1789658961.0818682,3.7213010000414215
1789658961.0824413,4.456701000890462
1789658961.082637,3.8037010017433204
1789658961.0828378,2.846201001375448
1789658961.0836542,4.160200998740038
1789658961.0844848,1.841099998273421
1789658961.0851219,3.9139010004873853
1789658961.0854173,4.539001001830911
1789658961.0859096,4.666001001169207
1789658961.0864499,3.605901001719758
1789658961.0865011,4.9071009998442605
1789658961.0869844,6.607401999644935
1789658961.0871747,3.515300999424653
1789658961.0873132,5.440700999315595
1789658961.0875256,5.079900998680387
1789658961.0899048,2.9142009989300277
1789658961.0902257,5.098801000713138
1789658961.090341,3.835401003016159
1789658961.0904417,4.525701002421556
1789658961.090506,4.050101000757422
1789658961.090554,3.2356009978684597
1789658961.0907469,5.325201000232482
1789658961.0908153,6.32300200231839
1789658961.092086,4.555501000140794
1789658961.0937595,3.0040009987715166
1789658961.0940611,3.71430100130965
1789658961.0941389,3.6286009999457747
1789658961.0942147,7.035001999611268
1789658961.0944307,3.6111010012973566
1789658961.0950544,5.142701000295347
1789658961.0952897,3.19910100006382
1789658961.095432,5.200900999625446
1789658961.0959606,5.513700998562854
1789658961.0961835,5.6236009986605495
1789658961.0978181,3.5959009983344004
1789658961.0981183,3.681900998344645
1789658961.098151,4.38450100045884
1789658961.0987403,4.5947010003146715
1789658961.09913,3.834301001916174
1789658961.0996935,3.5048009995080065
1789658961.1001675,5.108600998937618
1789658961.1005049,5.0650009980017785
1789658961.100748,6.680500999209471
1789658961.1009986,3.1737999997858424
1789658961.1016064,2.8591010013769846
1789658961.101768,5.801201998110628
1789658961.102092,3.936301000067033
1789658961.1027832,4.659301001083804
1789658961.1030288,3.8932009993004613
1789658961.1034865,3.313601002446376
1789658961.1037908,3.038101000129245
1789658961.1046429,4.943001000356162
1789658961.1047764,4.26360100027523
1789658961.105538,3.764101002161624
1789658961.1058805,3.784200998779852
1789658961.1065955,4.983501003152924
1789658961.107667,4.63140099964221
1789658961.10778,6.776401998649817
1789658961.107938,4.446900999028003
1789658961.1086383,5.849700999533525
1789658961.108807,3.2644999992044177
1789658961.1088915,4.110100999241695
1789658961.1091397,5.344600998796523
1789658961.109448,4.799302001629258
1789658961.1100352,3.4341009995841887
1789658961.1110299,3.0846010013192426
1789658961.1116178,5.731401000957703
1789658961.1117523,4.079500999068841
1789658961.1119735,3.329700997710461
1789658961.1121888,4.403500999615062
1789658961.1131084,3.959600999223767
1789658961.113394,4.488900998694589
1789658961.1137567,4.944601998431608
1789658961.1144047,2.781301001959946
1789658961.1146727,4.631800999050029
1789658961.1147368,5.284500999550801
1789658961.1149182,3.8824009970994666
1789658961.1162934,4.533601000730414
1789658961.1164722,4.276400999515317
1789658961.1166594,3.542300997651182
1789658961.1177151,4.305102000216721
1789658961.1180494,3.6391009998624213
1789658961.118355,3.677700999105582
1789658961.1184962,6.517401998280548
1789658961.1185715,4.810200996871572
1789658961.1191986,4.45690100241336
1789658961.1197822,3.4806009971362073
1789658961.1201012,5.178301002160879
1789658961.120713,4.234800999256549
1789658961.1212406,4.5753009981126525
1789658961.1214597,3.7376999971456826
1789658961.1222105,3.850200999295339
1789658961.122568,4.514101001404924
1789658961.1230197,4.443901001650374
1789658961.1239169,4.126900999835925
1789658961.1245222,6.020901000738377
1789658961.1248033,4.0846010015229695
1789658961.124889,4.783401000167942
1789658961.125083,3.8372010021703318
1789658961.1252089,3.742901000805432
1789658961.1258907,6.687401000817772
1789658961.1261277,3.9118010026868433
1789658961.1268747,4.300401000364218
1789658961.1272585,3.3345010015182197
1789658961.1279702,2.880400999856647
1789658961.12882,4.0107010026986245
1789658961.129246,6.220400999154663
1789658961.129368,2.4875000017345883
1789658961.1294749,4.261100999428891
1789658961.129603,5.075801000202773
1789658961.1303568,5.462802000693046
1789658961.1305695,4.673302002629498
1789658961.131157,5.024400998081546
1789658961.1314306,2.6049010011774953
1789658961.1319065,3.930201000912348
1789658961.1328213,3.568001000530785
1789658961.1330469,3.4385010003461502
1789658961.1336212,4.247200999088818
1789658961.1341558,6.891700999403838
1789658961.1341996,3.8373999996110797
1789658961.1349745,5.492602002050262
1789658961.1353288,4.754600999149261
1789658961.13547,4.307301001972519
1789658961.1362288,4.315401001804275
1789658961.1366515,5.215000997850439
1789658961.1369524,4.1243009982281365
1789658961.1371372,2.9323999988264404
1789658961.1381233,5.069500999525189
1789658961.1381934,4.567700998450164
1789658961.1383471,3.0146009994496126
1789658961.138522,3.047301001060987
1789658961.1386228,3.6429009996936657
1789658961.1398723,2.9136010016372893
1789658961.1403668,6.205902001966024
1789658961.1410005,3.8566009970963933
1789658961.1416075,4.937301000609295
1789658961.1416824,3.5525009989214595
1789658961.1421375,3.7855000009585638
1789658961.1422617,3.635100001702085
1789658961.1426258,6.390501999703702
1789658961.1427908,4.2579010005283635
1789658961.1432104,2.8389010003593285
1789658961.1434662,3.587300998333376
1789658961.1441956,5.993702001433121
1789658961.1448388,3.831901001831284
1789658961.1449838,3.296900998975616
1789658961.1460836,3.9351009982055984
1789658961.1466997,3.9025010009936523
1789658961.1470728,5.459902000438888
1789658961.1472988,4.667200999392662
1789658961.1476316,2.7877009997610003
1789658961.147865,5.598902000201633
1789658961.148734,2.640901002450846
1789658961.148918,5.701301000954118
1789658961.149154,5.683000999852084
1789658961.1496365,5.4323010008374695
1789658961.1500633,3.3581999996386003
1789658961.1508043,5.815301999973599
1789658961.1511946,3.888900999299949
1789658961.1519098,3.169501000229502
1789658961.1523044,2.6627010010997765
1789658961.1523685,4.732000998046715
1789658961.1527667,5.689600999176037
1789658961.153018,5.148601001565112
1789658961.153235,4.076501001691213
1789658961.153726,3.6566009985108394
1789658961.15379,4.867201001616195
1789658961.1541286,3.3193000017490704
1789658961.1545866,3.3871999985422008
1789658961.1559896,3.6111009976593778
1789658961.1563523,3.111701000307221
1789658961.1567843,4.868800999247469
1789658961.157162,3.028700997674605
1789658961.1572766,3.5453009986667894
1789658961.1574981,5.188601000554627
1789658961.1590896,4.497702000662684
1789658961.1592104,6.187301998579642
1789658961.1594098,3.051001000130782
1789658961.1598027,6.007702002534643
1789658961.1601675,4.166201000771252
1789658961.1604748,2.9716009994444903
1789658961.160705,3.9155010017566383
1789658961.1612606,8.487202001560945
1789658961.1617572,4.59030099955271
1789658961.1626558,3.4339999983785674
1789658961.1630201,5.738201001804555
1789658961.163386,3.9696009989711456
1789658961.1635773,4.481501000554999
1789658961.1638227,4.013600999314804
1789658961.163859,3.683301001728978
1789658961.165748,5.036601000028895
1789658961.1658537,5.3719009993074
1789658961.166529,5.260000998532632
1789658961.1666522,3.9853010021033697
1789658961.1668746,3.0477000000246335
1789658961.1670105,5.247801000223262
1789658961.1671784,3.3073999984480906
1789658961.1673138,3.731800999958068
1789658961.168641,1.760301001922926
1789658961.168766,5.740802000218537
1789658961.1690102,5.619601000944385
1789658961.1694224,3.5641009999380913
1789658961.1699193,4.164801001024898
1789658961.170079,3.5422010005277116
1789658961.1705885,1.9412000001466367
1789658961.1713147,3.996199997345684
1789658961.171349,4.334001001552679
1789658961.1715,4.843302001972916
1789658961.172034,3.2632010006636847
1789658961.172929,5.744602000049781
1789658961.1734424,2.1229010017123073
1789658961.1736069,4.592600998876151
1789658961.1739702,4.543201001069974
1789658961.1756022,5.673801999364514
1789658961.1758666,4.362001000117743
1789658961.1760988,2.6518010017753113
1789658961.1761568,4.118501001357799
1789658961.1762695,5.675502001395216
1789658961.176462,2.8500010012066923
1789658961.1772866,5.930201998125995
1789658961.1774242,4.4884009985253215
1789658961.1776028,7.5172020005993545
1789658961.178912,4.932400999678066
1789658961.1795216,3.244999999878928
1789658961.17979,4.1792010015342385
1789658961.1800532,3.949600999476388
1789658961.1807225,3.1132010008150246
1789658961.180856,3.5607009995146655
1789658961.1811373,4.6686009991390165
1789658961.181485,5.613800996798091
1789658961.181709,4.280001001461642
1789658961.1817439,2.8254010030650534
1789658961.1826553,3.1278010028472636
1789658961.1832802,7.118801000615349
1789658961.1844437,4.645100998459384
1789658961.1847503,3.8890010000613984
1789658961.1848156,3.671600999950897
1789658961.1849744,4.246401000273181
1789658961.1850507,3.337201000249479
1789658961.185685,4.194600998744136
1789658961.1860418,3.381400998478057
1789658961.1862051,6.147600997792324
1789658961.1866388,4.890800999419298
1789658961.1871202,3.8358009987859987
1789658961.1875184,3.069599999435013
1789658961.1886687,3.9089010024326853
1789658961.1896992,4.6419010031968355
1789658961.1898692,3.8222010007302742
1789658961.1899579,5.136101000971394
1789658961.1900327,3.8230009995459113
1789658961.1904457,4.755701000249246
1789658961.1907017,4.058300997712649
1789658961.191209,4.083601001184434
1789658961.1912546,3.7316010020731483
1789658961.1915865,6.607600997085683
1789658961.192349,2.643001000251388
1789658961.1924038,3.7272010013111867
1789658961.1934993,3.533800998411607
1789658961.1938298,3.9542009981232695
1789658961.1940355,2.7767009996750858
1789658961.195175,4.722600999230053
1789658961.1953032,5.265501000394579
1789658961.1955297,3.1191999987640884
1789658961.1959665,3.6099999997531995
1789658961.1964374,5.729301999963354
1789658961.197332,5.73990200064145
1789658961.1978707,4.0345009983866476
1789658961.1979148,6.701602000248386
1789658961.1983938,4.35310100147035
1789658961.1990986,5.59210099891061
1789658961.1993737,3.835900999547448
1789658961.1996357,4.45450100232847
1789658961.2002265,2.8889999994134996
1789658961.2003486,4.376201999548357
1789658961.2009654,5.656602003000444
1789658961.2014325,3.5132009979861323
1789658961.2016144,5.171401000552578
1789658961.2018745,2.7711010006896686
1789658961.202664,4.786401001183549
1789658961.2032106,3.568801002984401
1789658961.203738,5.338700997526757
1789658961.2037716,4.39200099935988
1789658961.2039766,3.623599997808924
1789658961.2049115,3.291401000751648
1789658961.2051668,4.935901997669134
1789658961.2053735,4.402100999868708
1789658961.206788,4.1164009999192785
1789658961.2070673,5.188101000385359
1789658961.2072644,5.826800999784609
1789658961.2075264,3.783400999964215
1789658961.2078452,4.630101000657305
1789658961.2085023,3.124399998341687
1789658961.2088976,4.916001998935826
1789658961.2094793,4.307000999688171
1789658961.2096436,5.866002000402659
1789658961.2104907,3.6959009994461667
1789658961.2106433,5.726201001380105
1789658961.2110991,3.5661010006151628
1789658961.211315,3.464901001279941
1789658961.2118735,3.3660010012681596
1789658961.2120702,4.801601000508526
1789658961.2129724,3.3211009977094363
1789658961.2131968,6.124702002125559
1789658961.213915,3.265701001510024
1789658961.2143915,3.2860009996511508
1789658961.2145271,5.042100998252863
1789658961.214911,6.008501000906108
1789658961.2156045,3.5291009990032762
1789658961.216113,4.23490099638002
1789658961.216855,6.357502003083937
1789658961.2171369,3.2157009991351515
1789658961.2173,5.9797019966936205
1789658961.217386,2.470200997777283
1789658961.217587,3.1913009988784324
1789658961.2183766,5.397300999902654
1789658961.2192178,4.685301002609776
1789658961.2193818,3.2640009994793218
1789658961.2195346,6.333400997391436
1789658961.220067,4.457600996829569
1789658961.2210414,4.1789009992498904
1789658961.221133,3.7422010027512442
1789658961.2214098,4.105601001356263
1789658961.22198,4.8377010025433265
1789658961.2223012,2.9150010013836436
1789658961.2223415,3.959901001508115
1789658961.2239225,2.50669999877573
1789658961.224046,6.454500999097945
1789658961.2242343,4.695700998126995
1789658961.224472,3.4245000024384353
1789658961.224828,2.842699999746401
1789658961.224873,5.6509009991714265
1789658961.224967,4.89510099941981
1789658961.2253165,4.17900100001134
1789658961.2263973,4.087801000423497
1789658961.2266605,4.313200999604305
1789658961.2276266,3.6946010004612617
1789658961.227963,2.986400999361649
1789658961.2287352,3.853701000480214
1789658961.2291617,5.109900997922523
1789658961.2296317,5.149101998540573
1789658961.2300289,5.789002003439236
1789658961.2306442,3.9765010005794466
1789658961.2315078,5.100801001390209
1789658961.2317042,6.871601999591803
1789658961.231959,4.325001002143836
1789658961.232171,6.85010099914507
1789658961.232259,3.09240100250463
1789658961.2325373,4.564101000141818
1789658961.2326462,2.611700001580175
1789658961.2334929,4.7489019998465665
1789658961.2337132,3.0636010014859494
1789658961.2343183,4.67710100201657
1789658961.2357066,3.05390100038494
1789658961.2360892,3.545501000189688
1789658961.2363,4.784300999745028
1789658961.2366436,4.678501001762925
1789658961.2371113,3.6136999988229945
1789658961.237293,5.11780099986936
1789658961.2376337,5.925002002186375
1789658961.237719,5.455702001199825
1789658961.239427,2.127601001120638
1789658961.239595,2.9454010000335984
1789658961.2399092,5.586300998402294
1789658961.2401888,4.477100999793038
1789658961.2403288,4.0231009988929145
1789658961.2403727,6.654901000729296
1789658961.240852,3.7348009973356966
1789658961.2410636,4.968201003066497
1789658961.2421377,4.498401001910679
1789658961.242488,4.763600998558104
1789658961.2430248,3.4255009995831642
1789658961.2432406,3.8069010006438475
1789658961.2448282,3.7555009985226206
1789658961.2449973,4.662201001337962
1789658961.245125,5.211300998780644
1789658961.245194,4.334500998083968
1789658961.2459943,5.616102000203682
1789658961.246704,6.508702001156053
1789658961.246784,3.7533009999606293
1789658961.2472908,4.043300999910571
1789658961.2473648,4.871600998740178
1789658961.2484405,3.6028009999427013
1789658961.2487612,3.7576009999611415
1789658961.2489684,3.8385010011552367
1789658961.24938,7.236901001306251
1789658961.249697,4.497100999287795
1789658961.2500436,2.663300998392515
1789658961.2503092,3.0135009983496275
1789658961.250621,4.6209009997255635
1789658961.2513442,4.633101001672912
1789658961.2518291,3.383101000508759
1789658961.2521193,2.7337009996699635
1789658961.2524047,5.614701000013156
1789658961.253401,4.426900999533245
1789658961.2539766,4.274000999430427
1789658961.254107,3.7845010010642
1789658961.2541573,5.390901998907793
1789658961.2544534,3.104601000814
1789658961.2545977,3.9722010005789343
1789658961.2550669,5.019200998503948
1789658961.2561626,3.7512009985221084
1789658961.2567735,3.366300999914529
1789658961.2569342,2.7721000005840324
1789658961.2570946,5.260701000224799
1789658961.257947,3.9630010032851715
1789658961.258265,6.141101999673992
1789658961.258382,3.3106010014307685
1789658961.2589965,4.39430099868332
1789658961.2590442,4.585900998790748
1789658961.2596598,5.547100998228416
1789658961.260906,4.733900997962337
1789658961.2610142,4.074601001775591
1789658961.2614918,4.391501002828591
1789658961.26166,4.881601002125535
1789658961.2617195,3.7672010003007017
1789658961.2620962,3.047300000616815
1789658961.2626717,3.663201001472771
1789658961.263556,3.8875009995535947
1789658961.264216,5.946000997937517
1789658961.2643154,3.2931009991443716
1789658961.2648654,6.478100996901048
1789658961.2651463,3.0446010023297276
1789658961.265815,4.90020099823596
1789658961.266493,2.930801001639338
1789658961.2668245,5.327401999238646
1789658961.2669647,2.644300999236293
1789658961.2675273,3.303801000583917
1789658961.2677662,6.099401998653775
1789658961.2679734,6.247601999348262
1789658961.2682624,3.108801000053063
1789658961.2690752,4.203401000268059
1789658961.26916,6.4710009974078275
1789658961.2697887,3.967401000409154
1789658961.270886,3.3498009979666676
1789658961.2713869,4.41590100308531
1789658961.27164,5.140901001141174
1789658961.272069,4.090001002623467
1789658961.2724109,4.639101000066148
1789658961.2724628,4.193001001112862
1789658961.2727263,5.889901000045938
1789658961.2729218,3.128401000140002
1789658961.273819,4.653501000575488
1789658961.2746,3.2051000016508624
1789658961.2750418,4.1490010007692035
1789658961.2751148,6.0333020010148175
1789658961.2752671,3.1934010003169533
1789658961.2764816,4.828700999496505
1789658961.2774668,4.536800999630941
1789658961.277664,3.8387010026781354
1789658961.2779117,5.171601002075477
1789658961.2781672,5.751401000452461
1789658961.2782936,3.6879009967378806
1789658961.2785394,3.493500000331551
1789658961.278797,6.327201001113281
1789658961.2797897,4.513400999712758
1789658961.279974,3.482600997813279
1789658961.2803884,5.269000997941475
1789658961.2815506,4.075600998476148
1789658961.2820334,4.363300999102648
1789658961.2824018,2.421400000457652
1789658961.2827442,3.9401009998982772
1789658961.2835124,5.3401020013552625
1789658961.2836363,3.2433010019303765
1789658961.2838054,4.009600997960661
1789658961.2838383,5.294701997627271
1789658961.2840922,6.176202001370257
1789658961.2843668,6.059801999072079
1789658961.2860599,3.3076010004151613
1789658961.2867298,5.171200999029679
1789658961.2870605,4.6527009981218725
1789658961.287405,3.7642010029230732
1789658961.2874436,3.6015009973198175
1789658961.2875028,5.46440199832432
1789658961.2878013,4.284800997993443
1789658961.2879157,4.105901000002632
1789658961.2879822,3.885701000399422
1789658961.2895424,2.805600997817237
1789658961.2900531,3.9881009979580995
1789658961.2904654,3.4004010012722574
1789658961.291126,6.752301000233274
1789658961.291475,4.063300999405328
1789658961.2917855,3.7982009998813737
1789658961.2919538,4.034100998978829
1789658961.292482,5.033600999013288
1789658961.2931335,5.621201002213638
1789658961.2938383,6.030101001670118
1789658961.2941058,4.5573009992949665
1789658961.2946556,4.59750099980738
1789658961.2948349,4.365401000541169
1789658961.2949944,3.513700001349207
1789658961.2955277,4.394101997604594
1789658961.2960212,4.0603010020277
1789658961.2962513,3.108601002168143
1789658961.2964761,4.685400999733247
1789658961.2974718,2.4721009976929054
1789658961.2976484,3.8042010019125883
1789658961.2978194,5.33300100141787
1789658961.2982717,3.610701001889538
1789658961.2986956,4.585000999213662
1789658961.299708,4.8671020012989175
1789658961.3003314,4.301501001464203
1789658961.3005042,4.969501002051402
1789658961.301155,3.5016010006074794
1789658961.301413,4.9320010002702475
1789658961.3015766,5.320500997186173
1789658961.3017235,4.247001001203898
1789658961.3018932,4.069100999913644
1789658961.3024223,4.1450009994150605
1789658961.3036275,4.925700999592664
1789658961.3039675,3.4549009978945833
1789658961.304756,4.391500999190612
1789658961.305064,3.903500997694209
1789658961.305168,3.58630099799484
1789658961.3053453,5.631100997561589
1789658961.305391,3.9736010003252886
1789658961.3063624,2.728199997363845
1789658961.307032,4.593601002852665
1789658961.3073056,5.405900999903679
1789658961.3081512,2.9785010010527913
1789658961.3086345,6.90610200035735
1789658961.308787,4.814201001863694
1789658961.308828,3.759900999284582
1789658961.3088706,3.475301000435138
1789658961.3093698,4.020401000161655
1789658961.3103106,5.54590100000496
1789658961.3112886,3.973900998971658
1789658961.3114426,5.073800999525702
1789658961.311796,3.0019000005268026
1789658961.3121612,3.3280009993177373
1789658961.3129504,4.304000998672564
1789658961.3132925,5.1358010023250245
1789658961.3140187,6.981402002566028
1789658961.314227,4.852401001699036
1789658961.3142836,3.967601001932053
1789658961.3146048,5.730001001211349
1789658961.3148704,3.574401001969818
1789658961.315449,3.2809000003908295
1789658961.316106,2.808000997902127
1789658961.3164616,3.503400999761652
1789658961.316765,5.317301998729818
1789658961.3172576,5.455301998154027
1789658961.3175564,3.5324010023032315
1789658961.3177655,3.47740099823568
1789658961.3179953,3.1201009987853467
1789658961.318925,4.3143009970663115
1789658961.3192134,3.7586010002996773
1789658961.320268,6.035001999407541
1789658961.320795,4.0244009978778195
1789658961.320922,4.45490099809831
1789658961.320992,3.2220009998127352
1789658961.3212376,3.975300998718012
1789658961.3220499,4.488100999878952
1789658961.3223639,4.363500996987568
1789658961.3224738,3.2560010004090145
1789658961.322704,6.593100999452872
1789658961.3229818,4.051200998219429
1789658961.3252418,3.997300998889841
1789658961.3254936,4.565500999888172
1789658961.3258,4.9980010007857345
1789658961.3260455,3.0583009975089226
1789658961.3261065,3.3965010006795637
1789658961.3261704,5.897500999708427
1789658961.3264966,4.441401000804035
1789658961.327152,4.783501000929391
1789658961.3275404,5.061201001808513
1789658961.3281524,7.154601000365801
1789658961.3291967,3.082800998527091
1789658961.3292994,4.049900999234524
1789658961.3296802,3.6293010016379412
1789658961.3300328,4.227401001116959
1789658961.331206,4.046901001856895
1789658961.3313427,5.167800998606253
1789658961.3314793,5.980401001579594
1789658961.3316483,4.102000999409938
1789658961.3318036,2.499600002920488
1789658961.3324285,4.270900997653371
1789658961.3328962,6.393601997842779
1789658961.3336918,4.48860100004822
1789658961.3337786,3.7403009991976433
1789658961.3353882,3.9022009987093043
1789658961.335538,5.8526010034256615
1789658961.335607,4.259701003320515
1789658961.3356795,3.871600998536451
1789658961.3362613,3.8283009998849593
1789658961.3365552,4.902601001958828
1789658961.3371603,5.949102000158746
1789658961.3373244,4.417201002070215
1789658961.3376741,3.977401000156533
1789658961.3378043,4.0213010033767205
1789658961.3385663,3.1728009998914786
1789658961.3389544,3.3424009998270776
1789658961.339866,4.323001001466764
1789658961.3400593,2.894200002629077
1789658961.3402297,3.9637009977013804
1789658961.3408937,5.209602000832092
1789658961.3411338,3.32500099830213
1789658961.3414357,3.7568010011455044
1789658961.3419275,5.367902002035407
1789658961.3419993,4.670301001169719
1789658961.3431847,4.221400999085745
1789658961.343876,3.639300997747341
1789658961.3442554,4.382200997497421
1789658961.3446674,2.6603000005707145
1789658961.34484,6.267401000513928
1789658961.3449967,4.097901000932325
1789658961.3457787,4.336900998168858
1789658961.3459308,5.867001997103216
1789658961.3461518,4.2189009982394055
1789658961.3463483,5.209900999034289
1789658961.3471956,2.519700999982888
1789658961.348211,3.3630010002525523
1789658961.3482723,4.388700999697903
1789658961.3488302,5.637100999592803
1789658961.3497894,4.787000998476287
1789658961.3500504,3.8920010010770056
1789658961.350219,5.955502001597779
1789658961.350262,3.9089009987947065
1789658961.3503501,4.415000999870244
1789658961.3516543,3.376701002707705
1789658961.3524346,5.233001000306103
1789658961.352988,4.151000997808296
1789658961.3532362,7.4507019999146
1789658961.3536112,3.8149009997141548
1789658961.353825,3.769201000977773
1789658961.3541672,3.943801002606051
1789658961.3543336,6.116601998655824
1789658961.354398,4.131701000005705
1789658961.3547447,4.390400998090627
1789658961.3555822,3.1418010003108066
1789658961.3562741,4.613700999470893
1789658961.3564157,3.423101003136253
1789658961.3572211,3.390199999557808
1789658961.3576758,4.4341009997879155
1789658961.357929,3.5904010001104325
1789658961.3583107,4.138300999329658
1789658961.35916,2.879300998756662
1789658961.359547,4.79810100296163
1789658961.3601613,6.542500999785261
1789658961.3603084,5.905901001824532
1789658961.3604867,4.0663010004209355
1789658961.3607416,3.514001000439748
1789658961.3609555,5.3674010014219675
1789658961.3628206,2.6476010025362484
1789658961.362974,4.657700999814551
1789658961.3631253,5.192101001739502
1789658961.3636432,4.089400998054771
1789658961.3638067,3.0583010011469014
1789658961.3638692,6.188400999235455
1789658961.3642313,5.065501001809025
1789658961.364455,3.4952009991684463
1789658961.3647766,4.4638010003836825
1789658961.365332,4.840600999159506
1789658961.3657603,2.932000999862794
1789658961.3668342,2.597401002276456
1789658961.367224,4.244100997311762
1789658961.3678887,4.236200999002904
1789658961.3680193,4.20810099967639
1789658961.3684206,3.6389009983395226
1789658961.3684766,5.347100999642862
1789658961.3691185,5.244200998276938
1789658961.3693435,3.578600000764709
1789658961.3700182,5.558201999519952
1789658961.3701913,3.3513009984744713
1789658961.370704,5.366101999243256
1789658961.3709211,3.0283009982667863
1789658961.371252,2.82660099765053
1789658961.372649,3.522900999087142
1789658961.3727539,4.272100999514805
1789658961.373229,5.205001001741039
1789658961.373477,6.24770099966554
1789658961.373857,3.146399998513516
1789658961.3745503,4.525800999545027
1789658961.3748071,5.459002000861801
1789658961.3750296,4.1037010014406405
1789658961.375922,3.161601001920644
1789658961.3763683,2.505201002350077
1789658961.3765998,6.401800997991813
1789658961.3770034,4.34580100045423
1789658961.377159,3.9256009986274876
1789658961.3780403,6.781601998227416
1789658961.3783703,3.3346009986416902
1789658961.378918,4.361401002825005
1789658961.3789866,3.0585010026698
1789658961.3795717,2.9385009984252974
1789658961.3801055,6.6226019989699125
1789658961.3802643,3.255401003116276
1789658961.3808005,4.424101000040537
1789658961.3813915,4.22710100247059
1789658961.3819473,7.135900999855949
1789658961.3827221,4.672800998378079
1789658961.3830192,4.096300999663072
1789658961.3830624,4.685001000325428
1789658961.3838305,4.249801000696607
1789658961.3844917,4.22270099807065
1789658961.384704,4.592901001160499
1789658961.3848364,3.440300999500323
1789658961.3849983,6.006501000229036
1789658961.3851614,4.3554010007937904
1789658961.385701,3.7493009986064862
1789658961.3867016,3.970501002186211
1789658961.3870258,2.5291009987995494
1789658961.387628,4.6037009997235145
1789658961.3879478,4.879201002040645
1789658961.388498,4.659400998207275
1789658961.3890755,4.234200998325832
1789658961.3892965,4.2939009981637355
1789658961.3896117,3.906300997186918
1789658961.3897758,4.60950100023183
1789658961.3903284,5.620100997475674
1789658961.3910315,4.001301000243984
1789658961.3911774,4.4704009997076355
1789658961.3914204,3.7865010017412715
1789658961.3920279,3.524501000356395
1789658961.3932686,3.964701001677895
1789658961.3934417,5.488301001605578
1789658961.3935685,3.951400998630561
1789658961.393791,4.010800999822095
1789658961.394325,5.24370099810767
1789658961.3950791,4.7449019984924234
1789658961.3952847,4.248301000188803
1789658961.395382,3.955400999984704
1789658961.395604,3.5706010021385737
1789658961.3957107,4.528801000560634
1789658961.3969736,3.5252010020485613
1789658961.3974774,3.6792009996133856
1789658961.398079,4.8035010004241485
1789658961.3982859,3.9555010007461533
1789658961.3990617,3.977401000156533
1789658961.399153,3.4380010001768824
1789658961.3998165,4.526501001237193
1789658961.4000163,2.533000999392243
1789658961.4002206,6.646901998465182
1789658961.4004388,4.830101002880838
1789658961.4006784,5.291000998113304
1789658961.4014802,4.4990009992034175
1789658961.40241,4.3240010018053
1789658961.4028237,4.532201997790253
1789658961.4034498,3.4280010004295036
1789658961.4037552,3.3111009979620576
1789658961.403959,4.801601000508526
1789658961.4041877,5.120500998600619
1789658961.4043074,4.486301000724779
1789658961.404554,4.329101000621449
1789658961.405337,2.921500999946147
1789658961.4056668,4.982600999937858
1789658961.4058914,4.404500999953598
1789658961.4070575,3.2967009974527173
1789658961.4071422,3.6868009992758743
1789658961.4076972,3.732101002242416
1789658961.4081216,5.29180100056692
1789658961.4090593,3.388100998563459
1789658961.409157,4.964700998243643
1789658961.4093065,4.748000999825308
1789658961.4102674,4.36790099774953
1789658961.4108512,5.506700999831082
1789658961.4114652,7.152501999371452
1789658961.4119844,3.8561009969271254
1789658961.4121845,4.481900999962818
1789658961.4124746,5.411501002527075
1789658961.4130623,5.915301000641193
1789658961.413295,4.231200997310225
1789658961.413921,4.75740099864197
1789658961.414406,2.4145999996108003
1789658961.4146304,2.441000000544591
1789658961.4150336,5.721901001379592
1789658961.415248,4.974502000550274
1789658961.4159431,4.472100998100359
1789658961.4160724,5.214101998717524
1789658961.4165463,3.4794009989127517
1789658961.4172852,4.8022010014392436
1789658961.4175942,2.554701000917703
1789658961.418117,3.705301001900807
1789658961.4185624,5.262601000140421
1789658961.4187968,4.869001000770368
1789658961.4196172,4.365100998256821
1789658961.4198625,3.7849010004720185
1789658961.420151,5.515501998161199
1789658961.420413,2.2901010015630163
1789658961.4207199,3.4277010017831344
1789658961.4210207,4.469100997084752
1789658961.4213135,3.714801001478918
1789658961.4217134,3.1463009981962387
1789658961.4218993,5.951201001153095
1789658961.4231603,1.8409999975119717
1789658961.4232645,3.1085999980859924
1789658961.4243994,5.596901999524562
1789658961.4247036,4.835600997466827
1789658961.4247468,5.12500100012403
1789658961.4252968,4.879700998571934
1789658961.4257843,2.5135010000667535
1789658961.4266696,4.763001001265366
1789658961.427001,5.9739009993791115
1789658961.4272187,5.499401002452942
1789658961.427351,4.183101002126932
1789658961.4277031,6.9756020020577125
1789658961.4278853,3.1765010025992524
1789658961.428896,3.5907010023947805
1789658961.429191,4.438900999957696
1789658961.4295285,2.8522009997686837
1789658961.4300654,3.058400998270372
1789658961.4301658,5.7619009967311285
1789658961.4307294,3.3718009981384967
1789658961.4311547,3.444300000410294
1789658961.4321096,4.883702000370249
1789658961.4325316,2.458801001921529
1789658961.4330397,4.1333009976369794
1789658961.4332862,7.493201999750454
1789658961.433551,4.354700999101624
1789658961.4338138,3.6434009998629335
1789658961.4340372,3.3019010006682947
1789658961.4342575,6.367600999510614
1789658961.4352536,4.092400999070378
1789658961.435475,2.1839000000909436
1789658961.4359722,6.438601998524973
1789658961.436039,3.499600999930408
1789658961.436203,4.088401001354214
1789658961.4374313,4.383000999951037
1789658961.4376638,3.845001003355719
1789658961.438496,4.45250099801342
1789658961.4389522,2.9754000024695415
1789658961.4391968,3.9373010004055686
1789658961.43936,5.804201002320042
1789658961.4398026,4.322701002820395
1789658961.4398746,5.612401000689715
1789658961.44012,4.076901001099031
1789658961.4415116,3.840901001240127
1789658961.441717,5.509400998562342
1789658961.4417915,4.354100998170907
1789658961.4429243,3.9618009977857582
1789658961.4432979,3.4150009996665176
1789658961.4440587,4.853600999922492
1789658961.4442167,5.712202000722755
1789658961.4444656,4.339700997661566
1789658961.4450173,5.2089019991399255
1789658961.4454265,6.060502000764245
1789658961.4456136,3.8919010003155563
1789658961.4459405,4.421601002832176
1789658961.4469593,2.893600998504553
1789658961.4471917,5.395201002102112
1789658961.4474196,4.113201001018751
1789658961.4479334,3.711099998326972
1789658961.4484596,5.527601999347098
1789658961.4489534,3.518501001963159
1789658961.4490812,4.057701000419911
1789658961.4497325,3.786301000218373
1789658961.4500003,5.529400998057099
1789658961.4514058,2.4435000013909303
1789658961.4519863,4.5610009983647615
1789658961.4522233,5.026500999520067
1789658961.4524386,6.819202000770019
1789658961.4525576,4.61960200118483
1789658961.4529006,5.934201999480138
1789658961.4532783,3.5390009979892056
1789658961.4535835,4.496600999118527
1789658961.4537601,2.3457009992853273
1789658961.4544296,4.424700997333275
1789658961.4551935,6.636801001150161
1789658961.45551,3.517401000863174
1789658961.456213,3.984200997365406
1789658961.4570346,4.587800998706371
1789658961.457429,4.5173010003054515
1789658961.4577262,4.137101001106203
1789658961.457781,5.219601000135299
1789658961.4580112,3.5769010028161574
1789658961.4582644,3.064200998778688
1789658961.45859,5.306101000314811
1789658961.45965,5.882801000552718
1789658961.4600832,3.8641009996354114
1789658961.46029,4.774401000759099
1789658961.4613063,3.5697010025614873
1789658961.4619877,4.9466010023024864
1789658961.4621465,3.8768010017520282
1789658961.4623377,4.902000997390132
1789658961.4624574,2.7994010015390813
1789658961.4634225,5.6358010006078985
1789658961.4639761,5.3801009999006055
1789658961.4644413,4.142101002798881
1789658961.4646406,2.4879999982658774
1789658961.4647393,6.724000999383861
1789658961.465039,4.951001999870641
1789658961.4659479,3.604500998335425
1789658961.4663184,4.324600999098038
1789658961.4669895,2.2459009996964596
1789658961.467411,6.091201001254376
1789658961.4676347,4.206600999168586
1789658961.4689841,3.0291010007204022
1789658961.4691875,4.1434009981458075
1789658961.469232,6.769301999156596
1789658961.4693596,4.713702001026832
1789658961.469555,2.5605010014260188
1789658961.4700258,6.044402001862181
1789658961.4701395,3.8162009986990597
1789658961.4710343,3.6167010002827737
1789658961.471075,6.626202000916237
1789658961.4720516,4.407300999446306
1789658961.4723046,2.263500002300134
1789658961.4728086,2.6651000007404946
1789658961.4731643,4.173200999503024
1789658961.4733431,4.151400997216115
1789658961.473621,4.38450100045884
1789658961.4738703,4.5070010019117035
1789658961.4746528,2.5905009970301762
1789658961.4749088,3.8694009999744594
1789658961.4761925,3.018399998836685
1789658961.4764595,6.897901002957951
1789658961.4770973,3.2203999980993103
1789658961.477629,6.5476019990455825
1789658961.477687,5.3772020000906195
1789658961.4779186,5.104102001496358
1789658961.478164,4.816001001017867
1789658961.478576,4.949201000272296
1789658961.4789834,2.517701002943795
1789658961.479117,4.458300998521736
1789658961.480237,5.321001000993419
1789658961.4805932,4.391400998429162
1789658961.4809492,3.255299998272676
1789658961.4816966,4.592601999320323
1789658961.4818547,4.2195010028081015
1789658961.4820788,3.497200999845518
1789658961.4826622,3.673700997751439
1789658961.4826984,4.530001002422068
1789658961.4834316,5.506801000592532
1789658961.4843705,3.771200998016866
1789658961.4847324,5.610601001535542
1789658961.4848733,3.0124999975669198
1789658961.485323,4.366301000118256
1789658961.4858263,4.122100999666145
1789658961.4864898,4.4068009992770385
1789658961.4866872,3.249200999562163
1789658961.486842,6.597801999305375
1789658961.4869542,4.251200996804982
1789658961.4871106,4.444401001819642
1789658961.4876642,3.2888009991438594
1789658961.4879231,2.5946009991457686
1789658961.488412,2.5677999983599875
1789658961.4885573,3.679901001305552
1789658961.4896708,4.93190199995297
1789658961.4902842,3.7896009998803493
1789658961.4905577,3.5992010016343556
1789658961.491091,2.5268009994761087
1789658961.4916058,3.1871009996393695
1789658961.4920971,5.2508010012388695
1789658961.4925053,4.577900999720441
1789658961.4929276,3.250800000387244
1789658961.493167,6.474600999354152
1789658961.4932537,6.1382009989756625
1789658961.4943469,2.7331009987392463
1789658961.4946234,6.953502001124434
1789658961.4949157,4.353401000116719
1789658961.4959252,4.825400999834528
1789658961.4965322,6.242201001441572
1789658961.4968088,4.706800998974359
1789658961.4975305,5.019100997742498
1789658961.4979064,4.73350199899869
1789658961.498003,3.373000999999931
1789658961.4981067,5.17380200108164
1789658961.4983861,5.126801999722375
1789658961.4987736,3.8530009987880476
1789658961.499007,3.076001001318218
1789658961.499108,4.753700999572175
1789658961.499791,3.253701001085574
1789658961.4998565,2.319701001397334
1789658961.500641,3.8259009998000693
1789658961.5013335,3.222200000891462
1789658961.5017252,3.717399999004556
1789658961.5023353,4.423701000632718
1789658961.503077,4.686301002948312
1789658961.50317,4.391800997836981
1789658961.5034633,4.450901000382146
1789658961.5038185,3.9574010006617755
1789658961.504375,5.261800997686805
1789658961.5047565,4.959400997904595
1789658961.5051172,4.470001000299817
1789658961.5063102,3.96840100074769
1789658961.506517,3.34170100177289
1789658961.507369,4.286000999854878
1789658961.5076797,4.1853010006889235
1789658961.50774,2.978401000291342
1789658961.5077965,6.458702002419159
1789658961.5078607,6.131202000688063
1789658961.5084872,4.107200998987537
1789658961.5092757,5.450600998301525
1789658961.5096118,3.2921999991231132
1789658961.5101204,4.992500998923788
1789658961.5108676,4.340601000876632
1789658961.5112975,3.4955009978148155
1789658961.511464,4.0886010028771125
1789658961.5122879,4.60250099786208
1789658961.5130951,3.4666009996726643
1789658961.513352,5.486301000928506
1789658961.5134513,4.167300998233259
1789658961.5139735,3.8427010003942996
1789658961.5146263,3.323501001432305
1789658961.514742,6.9973019999451935
1789658961.5148518,6.359001999953762
1789658961.5158005,4.91920100103016
1789658961.515983,4.512601000897121
1789658961.5167768,4.482601001654984
1789658961.5175452,2.688799999305047
1789658961.5177143,4.356801000540145
1789658961.5177627,4.6559010006603785
1789658961.5179856,4.528801000560634
1789658961.5182292,4.250801001035143
1789658961.5195162,4.884201000095345
1789658961.5197039,3.716400999110192
1789658961.5197885,5.041800999606494
1789658961.5205274,2.2923010001250077
1789658961.520919,5.111400998430327
1789658961.5216706,4.888000999926589
1789658961.5218155,3.8256010011537
1789658961.522369,4.600600997946458
1789658961.5227983,3.277001000242308
1789658961.5230875,5.53690199740231
1789658961.5233743,3.581801000109408
1789658961.5237734,6.054101999325212
1789658961.5242925,3.760101000807481
1789658961.5246918,4.983601000276394
1789658961.5260277,5.10070100062876
1789658961.526567,3.1868000005488284
1789658961.5266209,4.945000997395255
1789658961.5268905,3.7960010013193823
1789658961.5270634,4.686702002800303
1789658961.5271375,5.317602001014166
1789658961.527845,5.039001000113785
1789658961.5283132,3.6166009995213244
1789658961.5284204,4.12340099865105
1789658961.5296144,5.834900999616366
1789658961.5301158,3.218999998352956
1789658961.5309317,4.896002003079047
1789658961.5312972,4.670802001783159
1789658961.5314891,4.346600999269867
1789658961.5315478,3.696501000376884
1789658961.5317569,4.688401000748854
1789658961.5319283,5.3565019989036955
1789658961.5325224,4.204300999845145
1789658961.5326393,4.213900996546727
1789658961.534854,5.2309009988675825
1789658961.535055,3.5011009968002327
1789658961.5354965,5.374301999836462
1789658961.535795,3.150600998196751
1789658961.5358617,4.923201002384303
1789658961.5360065,4.073601001437055
1789658961.5361803,4.417901000124402
1789658961.536404,5.101201000798028
1789658961.5367932,5.300301003444474
1789658961.5371108,4.584201000398025
1789658961.5384195,3.3569000006536953
1789658961.5386386,2.8394000000844244
1789658961.5397258,3.3159009981318377
1789658961.5399013,4.035100999317365
1789658961.5401793,4.677700999309309
1789658961.5402484,3.1333009974332526
1789658961.540934,4.74970100185601
1789658961.5410867,4.289100997993955
1789658961.5412216,6.361502000800101
1789658961.541586,5.57500099967001
1789658961.5428138,3.080700000282377
1789658961.5429213,4.49580100030289
1789658961.5435915,3.684101000544615
1789658961.543799,5.156002000148874
1789658961.5440347,3.7822009981027804
1789658961.5445604,3.3317009983875323
1789658961.5453827,2.4499009996361565
1789658961.545751,4.65810099922237
1789658961.5460653,5.120701000123518
1789658961.5466268,3.8066009983594995
1789658961.5474374,7.252400999277597
1789658961.5476575,6.066101999749662
1789658961.547756,3.188301001500804
1789658961.54846,4.656000997783849
1789658961.548848,3.455300997302402
1789658961.5489612,4.92200099688489
1789658961.5494187,3.3437009988119826
1789658961.5496573,6.0579009987122845
1789658961.5504916,4.734900998300873
1789658961.5508273,3.0638999996881466
1789658961.5511289,3.466199999820674
1789658961.551914,2.946601001895033
1789658961.5521708,4.7269019996747375
1789658961.5522416,5.609002000710461
1789658961.553756,3.255101000831928
1789658961.553857,5.00400099917897
1789658961.553946,5.481700998643646
1789658961.5540273,4.365600998426089
1789658961.5542758,4.852600999583956
1789658961.5543654,3.532301001541782
1789658961.555504,3.327399997942848
1789658961.5556507,4.517100998782553
1789658961.5557904,3.543400998751167
1789658961.557115,5.194401001062943
1789658961.5577786,3.7459010018210392
1789658961.5578403,2.3307009978452697
1789658961.5582821,4.001901001174701
1789658961.5583682,4.604400997777702
1789658961.5588288,4.966401000274345
1789658961.5592916,3.4959999975399114
1789658961.5594094,3.7531009984377306
1789658961.560103,5.7259019995399285
1789658961.5605986,6.63520200032508
1789658961.5616825,4.5584010003949516
1789658961.5624042,4.618601000402123
1789658961.5628498,3.4340009988227393
1789658961.5633638,4.527801000222098
1789658961.5636177,5.771501000708668
1789658961.5642078,4.91010200130404
1789658961.5647068,3.015301001141779
1789658961.5647497,6.376001998432912
1789658961.5648735,6.58680199921946
1789658961.5659177,5.26290099878679
1789658961.5663986,6.282201000431087
1789658961.5667021,4.292801000701729
1789658961.5668883,3.5173010001017246
1789658961.5673018,4.444801001227461
1789658961.5679069,3.1942999994498678
1789658961.56825,4.037201000755886
1789658961.5684931,2.5671010007499717
1789658961.5685394,4.915002002235269
1789658961.5699592,3.5535009992599953
1789658961.5703628,5.4837009993207175
1789658961.5707152,3.8215009990381077
1789658961.5707917,4.085001000930788
1789658961.5709968,3.0837009981041774
1789658961.5712624,6.507400998088997
1789658961.5723557,3.8101009995443746
1789658961.5724664,5.15930199981085
1789658961.5731692,2.447400998789817
1789658961.5732367,4.737300998385763
1789658961.5738988,5.644100998324575
1789658961.5742724,3.004600999702234
1789658961.5746036,3.8072009992902167
1789658961.5753863,4.384101001051022
1789658961.5755525,5.588200998317916
1789658961.575949,5.581801000516862
1789658961.5762837,2.0046999998157844
1789658961.5765584,4.194800996629056
1789658961.577848,4.60210100209224
1789658961.5781324,5.660801001795335
1789658961.5782642,4.3602010009635706
1789658961.5785038,2.946701002656482
1789658961.5793273,3.933900999982143
1789658961.5793712,6.196100999659393
1789658961.5800114,5.402800998126622
1789658961.580054,4.100600999663584
1789658961.5802126,2.3579000007885043
1789658961.5808454,2.706800998566905
1789658961.5818973,3.626800997153623
1789658961.581979,5.415001000073971
1789658961.5824642,3.9551010013383348
1789658961.5828218,6.532201998197706
1789658961.5831695,3.793700998357963
1789658961.583379,4.045600999234011
1789658961.58396,3.9439009997295216
1789658961.5847511,4.6909020020393655
1789658961.585068,3.1580009999743197
1789658961.5853486,5.131101999722887
1789658961.5857127,4.861901001277147
1789658961.5858135,2.9782009987684432
1789658961.586491,4.506801000388805
1789658961.5866246,3.4494009996706154
1789658961.5875938,4.208800997730577
1789658961.587774,5.304400998284109
1789658961.5886545,4.689100998803042
1789658961.5886843,3.3304999997199047
1789658961.5893147,3.597101000195835
1789658961.5897844,2.184000997658586
1789658961.5902274,5.469800998980645
1789658961.5911405,6.06360100209713
1789658961.5914197,5.5995010006881785
1789658961.5918272,5.1962010002171155
1789658961.5921197,4.340401002991712
1789658961.5923378,5.842601000040304
1789658961.5925522,3.862700999889057
1789658961.5927012,4.041101001348579
1789658961.59277,3.4507000018493272
1789658961.5946739,4.880601001786999
1789658961.594953,2.824201001203619
1789658961.5956204,4.1903009987436235
1789658961.5958028,4.6519009993062355
1789658961.5960073,5.772700998932123
1789658961.5963216,3.764401000807993
1789658961.5970793,4.371801998786395
1789658961.5972211,5.388302000937983
1789658961.597363,4.588602001604158
1789658961.5982885,3.3273010012635496
1789658961.5984688,3.788001002249075
1789658961.5991023,3.4746009987429716
1789658961.5993946,7.052402001136215
1789658961.5995128,2.2872000008646864
1789658961.6002986,3.9715009988867678
1789658961.6004324,3.0646999985037837
1789658961.6009681,5.1586010013124906
1789658961.6013029,2.8293010000197683
1789658961.6014788,5.466902002808638
1789658961.6022677,5.1811010016535874
1789658961.6027184,3.2009010028559715
1789658961.603177,4.882501001702622
1789658961.6034584,3.0202009984350298
1789658961.604014,4.906701000436442
1789658961.6045156,5.116500997246476
1789658961.6047428,4.437901003257139
1789658961.6050937,4.119600998819806
1789658961.606141,4.833300998143386
1789658961.6063373,4.0637010024511255
1789658961.6069338,4.209301001537824
1789658961.6072705,5.785900997580029
1789658961.608055,4.0361009996559005
1789658961.6083362,3.5880010000255425
1789658961.6083815,4.91700099883019
1789658961.6084635,5.2818010008195415
1789658961.608555,4.035500998725183
1789658961.6097398,3.5931010024796706
1789658961.610958,4.016101000161143
1789658961.6112769,4.926301000523381
1789658961.611472,2.994600999954855
1789658961.6118248,3.7598010021611117
1789658961.6120982,3.75540100139915
1789658961.612576,4.185901001619641
1789658961.6130254,4.46450099843787
1789658961.6133215,3.573800000594929
1789658961.6141095,9.006403000967111
1789658961.614438,3.4719010000117123
1789658961.6148202,7.539801998063922
1789658961.6159267,4.634300999896368
1789658961.616183,4.350300998339662
1789658961.6169906,4.882100998656824
1789658961.6172075,2.7620000000752043
1789658961.6174011,4.816300999664236
1789658961.6180437,5.008301999623654
1789658961.6185312,7.041302000288852
1789658961.6188793,5.549202000111109
1789658961.6193533,3.420100998482667
1789658961.619388,3.1987010006560013
1789658961.6198978,5.0663009969866835
1789658961.6205022,6.383301002642838
1789658961.6208405,3.6260010019759648
1789658961.6210308,2.9797999995935243
1789658961.6212118,4.213701002299786
1789658961.622651,4.109501001948956
1789658961.6232839,2.7737009986594785
1789658961.6236262,4.233001000102377
1789658961.6239097,6.5020019974326715
1789658961.6240983,4.739100997539936
1789658961.6247356,5.849500998010626
1789658961.6251497,4.113101000257302
1789658961.625332,4.115700998227112
1789658961.625606,4.760001000249758
1789658961.6259658,6.059502000425709
1789658961.6262577,3.596300997742219
1789658961.6278756,3.956200998800341
1789658961.6280205,4.388900997582823
1789658961.6281729,3.0184010029188357
1789658961.6284032,5.112601000291761
1789658961.6286402,3.897900998708792
1789658961.6294453,4.106001000764081
1789658961.6303356,4.722301997389877
1789658961.6311078,3.0806009999650996
1789658961.631391,7.2864020003180485
1789658961.6315677,3.3895009983098134
1789658961.631864,5.599601001449628
1789658961.6319094,5.936801000643754
1789658961.6330736,5.187300997931743
1789658961.6332273,4.581901001074584
1789658961.6333442,4.935300999932224
1789658961.634739,3.6224010000296403
1789658961.63491,3.3361010027874727
1789658961.634972,3.1038009983603843
1789658961.635006,5.554401999688707
1789658961.635632,3.717400999448728
1789658961.6358092,5.467400998895755
1789658961.6365223,3.2905010011745617
1789658961.637143,4.062700998474611
1789658961.6375477,2.571200002421392
1789658961.6379402,4.589501000737073
1789658961.6381803,6.784401000913931
1789658961.638988,4.241500999341952
1789658961.6390831,4.07250100033707
1789658961.6397557,3.942201001336798
1789658961.6398845,4.2465010010346305
1789658961.6400003,5.085601002065232
1789658961.6409166,4.387600998597918
1789658961.641236,4.086501001438592
1789658961.6422367,3.1477000011364
1789658961.6423757,4.180900999926962
1789658961.642641,2.752201002294896
1789658961.6427133,4.76740199883352
1789658961.6432939,5.740601998695638
1789658961.6438148,2.8911010012961924
1789658961.6441104,5.1156009976693895
1789658961.644858,4.844101000344381
1789658961.64515,2.76830100119696
1789658961.6455014,4.259801000443986
1789658961.646885,7.1217019976757
1789658961.6473763,5.133302001922857
1789658961.6475937,4.293400997994468
1789658961.6476667,4.948600999341579
1789658961.6478367,5.1912010021624155
1789658961.647986,3.1222010002238676
1789658961.6485784,4.46210099835298
1789658961.6487234,4.902601001958828
1789658961.6498027,4.294500999094453
1789658961.6499324,3.0397999980777968
1789658961.650901,5.743701996834716
1789658961.6513665,3.692301001137821
1789658961.6515224,3.9227010020113084
1789658961.6516702,3.8292010031000245
1789658961.6523468,3.76280099953874
1789658961.6529727,5.590800999925705
1789658961.653245,5.254601001070114
1789658961.6537216,4.993500999262324
1789658961.6541495,4.212200998154003
1789658961.6543322,2.8057999988959637
1789658961.6544676,4.657700999814551
1789658961.6547773,3.8696999981766567
1789658961.6549258,3.552300997398561
1789658961.6562693,3.9179010018415283
1789658961.6575444,3.81600100081414
1789658961.6577134,2.782799998385599
1789658961.6578312,4.581401000905316
1789658961.6579227,6.248100999073358
1789658961.658374,4.219500999170123
1789658961.6584463,4.109901001356775
1789658961.6585937,5.6162010005209595
1789658961.658755,3.9731010001560207
1789658961.6600084,5.534702002478298
1789658961.660211,3.9368010002363008
1789658961.66184,4.118100998312002
1789658961.6621544,3.7026010031695478
1789658961.662662,4.823300998396007
1789658961.6628551,4.475000998354517
1789658961.6631966,4.598801999236457
1789658961.6633472,4.586901999573456
1789658961.6637797,5.852501999470405
1789658961.6638515,6.301601999439299
1789658961.6639216,3.907400998286903
1789658961.66449,2.642701001605019
1789658961.6657672,5.547901000682032
1789658961.6659043,2.7028999975300394
1789658961.666081,3.2210009994741995
1789658961.6675,3.572001001884928
1789658961.6677842,3.2892010021896567
1789658961.6679497,5.280101999233011
1789658961.6680772,4.220800998155028
1789658961.6682727,6.113201998232398
1789658961.668397,4.612601002008887
1789658961.6689606,5.6093009989126585
1789658961.6700857,4.310800999519415
1789658961.6701548,4.245901000103913
1789658961.6704128,2.9064999980619177
1789658961.6717215,2.754801000264706
1789658961.6719444,4.154801001277519
1789658961.672016,3.738701001566369
1789658961.6720998,6.014702001266414
1789658961.6723752,4.4214010013092775
1789658961.6733747,5.29190100132837
1789658961.673586,5.175000998860924
1789658961.6742692,4.176900998572819
1789658961.6749072,2.9567999990831595
1789658961.675075,4.915301000437466
1789658961.6751397,3.0355000017152634
1789658961.6757815,3.4015010023722425
1789658961.6763248,4.5976010005688295
1789658961.6764238,2.832100999512477
1789658961.6767757,6.3571020000381395
1789658961.6781685,3.892101001838455
1789658961.6783311,3.251100999477785
1789658961.6785054,6.4851010029087774
1789658961.679775,4.628501999832224
1789658961.6802778,6.8966020007792395
1789658961.6803238,1.9880010004271753
1789658961.6804528,4.023801000585081
1789658961.6808882,5.1016010002058465
1789658961.6813328,5.002600999432616
1789658961.6814938,4.711700999905588
1789658961.681643,6.731001998559805
1789658961.6822479,4.073400999914156
1789658961.6828501,4.339400999015197
1789658961.683671,3.2126000005519018
1789658961.6838486,4.066401001182385
1789658961.6846795,3.1799009993846994
1789658961.6848078,4.47880100182374
1789658961.6849875,4.705000999820186
1789658961.685096,3.757701000722591
1789658961.6859527,5.0592010011314414
1789658961.6861556,4.508001002250239
1789658961.6863718,4.119600998819806
1789658961.6874635,4.608200997608947
1789658961.6884913,3.677701002743561
1789658961.6893156,4.2142010024690535
1789658961.6896546,4.968500998074887
1789658961.68975,3.792400999373058
1789658961.6897895,4.797001001861645
1789658961.689831,6.155301998660434
1789658961.6899183,3.542000999004813
1789658961.6900325,6.178701001772424
1789658961.6903954,4.23450100061018
1789658961.6907382,3.269901000749087
1789658961.6919527,3.4551999997347593
1789658961.6924038,2.648200999828987
1789658961.6936145,3.573801001039101
1789658961.6938014,3.4009009978035465
1789658961.693897,4.237301000102889
1789658961.6944382,4.642601001251023
1789658961.6947958,4.959401001542574
1789658961.6952288,5.26270100090187
1789658961.6953702,3.410901001188904
1789658961.6961508,2.2453000019595493
1789658961.6967645,6.021201999828918
1789658961.6970818,7.760601998597849
1789658961.698061,3.6161009993520565
1789658961.6981266,4.3199009996897075
1789658961.698628,6.218000999069773
1789658961.6986935,5.071400999440812
1789658961.6990383,2.8795010002795607
1789658961.6991777,3.801701001066249
1789658961.6992104,4.410301000461914
1789658961.6992702,4.035701000248082
1789658961.7009752,4.20310100162169
1789658961.7021737,5.082900999695994
1789658961.7024724,3.7741010019090027
1789658961.7027013,4.5690010010730475
1789658961.70291,3.6950009998690803
1789658961.702982,4.915100998914568
1789658961.7032652,3.990901001088787
1789658961.704324,5.140601002494805
1789658961.704784,3.8005009992048144
1789658961.7049725,2.792701001453679
1789658961.705494,2.579400999820791
1789658961.7056918,7.058401999529451
1789658961.7057774,6.735102000675397
1789658961.7058642,2.8782010012946557
1789658961.7064843,3.777300997171551
1789658961.707578,3.2486010022694245
1789658961.7079198,4.650401002436411
1789658961.709036,6.554702002176782
1789658961.7093291,4.349900998931844
1789658961.709648,3.8657009972666856
1789658961.7099872,4.2889010001090355
1789658961.7102776,3.78690100114909
1789658961.7110338,5.163100999197923
1789658961.7113085,6.516801000543637
1789658961.711355,5.856100997334579
1789658961.7116609,3.7364010022429284
1789658961.711785,4.202300999168074
1789658961.7127562,3.4158009984821547
1789658961.7130167,3.0220009975892026
1789658961.7131317,4.087501001777127
1789658961.713822,4.168900999502512
1789658961.713988,3.705000999616459
1789658961.7150538,3.386200998647837
1789658961.715748,2.982200003316393
1789658961.7161412,5.0992010001209565
1789658961.7163348,4.9744009993446525
1789658961.717006,3.8697009986208286
1789658961.7170508,5.736602000979474
1789658961.7171724,3.1802010016690474
1789658961.717312,3.4852009994210675
1789658961.7177606,5.970702000922756
1789658961.71851,3.4505010007706005
1789658961.7192423,6.2177010004234035
1789658961.7196755,3.92230100260349
1789658961.7200928,3.081499999098014
1789658961.7202122,2.8961000025446992
1789658961.7202759,3.936100998544134
1789658961.7206705,3.614200002630241
1789658961.7209334,4.785801000252832
1789658961.7223604,3.844900998956291
1789658961.7226045,3.3548009996593464
1789658961.7228065,5.629601000691764
1789658961.7230768,2.8606009982468095
1789658961.723904,3.804900999966776
1789658961.724048,4.367001001810422
1789658961.7243114,3.6214010033290833
1789658961.7250469,7.27830100004212
1789658961.7252145,2.84830099917599
1789658961.725286,4.347801997937495
1789658961.7259989,5.71810200199252
1789658961.7266998,4.085101001692237
1789658961.7274933,2.4390010003116913
1789658961.727726,2.505399999790825
1789658961.7281444,5.332700999133522
1789658961.728272,2.9795999980706256
1789658961.7291093,6.02500099921599
1789658961.729663,5.6077019980875775
1789658961.729807,5.49090200001956
1789658961.7301123,2.3800009985279758
1789658961.730628,6.718901997373905
1789658961.7309437,3.444001002208097
1789658961.7316265,5.621101001452189
1789658961.7318828,5.172000997845316
1789658961.7320733,3.794800999457948
1789658961.732528,3.412801001104526
1789658961.7335713,5.420202000095742
1789658961.7340007,4.33120100205997
1789658961.7342937,3.6611010000342503
1789658961.734837,5.0237010000273585
1789658961.7355502,4.600800999469357
1789658961.735646,5.528500998480013
1789658961.7358243,3.7455010024132207
1789658961.7362235,4.589600997860543
1789658961.73645,4.562300997349666
1789658961.7369118,4.378801000711974
1789658961.737829,4.251201000442961
1789658961.73805,3.751401000045007
1789658961.7384338,2.7825010001834016
1789658961.7386177,4.61210099820164
1789658961.7389476,3.3925009993254207
1789658961.7401347,5.28940100048203
1789658961.7403014,3.8458009985333774
1789658961.7408578,5.0277010013815016
1789658961.7411532,4.922701002215035
1789658961.7414603,3.625800000008894
1789658961.7416978,3.6423009987629484
1789658961.7422087,3.256600997701753
1789658961.7423308,3.8925010012462735
1789658961.742553,5.636302001221338
1789658961.7426376,4.015900998638244
1789658961.7428505,2.544101000239607
1789658961.7442038,4.059500999574084
1789658961.7449553,4.090901002200553
1789658961.745506,2.6469999975233804
1789658961.7461174,3.4720010007731616
1789658961.7463684,4.66530099947704
1789658961.746821,4.262701000698144
1789658961.7469792,4.643901000235928
1789658961.7470436,5.883601999812527
1789658961.7472496,5.784902001323644
1789658961.7476804,5.465301001095213
1789658961.748465,4.2542010014585685
1789658961.748923,3.9600009986315854
1789658961.7502484,2.993000998685602
1789658961.7503893,4.2645009998523165
1789658961.7507677,5.254301999229938
1789658961.75105,4.223401003400795
1789658961.7520335,5.048401002568426
1789658961.7521148,5.740300999605097
1789658961.752294,4.6074009987933096
1789658961.7529702,4.499600996496156
1789658961.75339,2.995599999849219
1789658961.753453,4.52490099996794
1789658961.753769,3.5141000007570256
1789658961.7540882,3.0339010008901823
1789658961.7542727,7.224302000395255
1789658961.7552867,3.243900999223115
1789658961.7558992,3.77970100089442
1789658961.7566574,4.341800999100087
1789658961.757332,3.2385000013164245
1789658961.75744,3.982501002610661
1789658961.758036,5.059400999016361
1789658961.7583678,7.594401999085676
1789658961.7588494,2.944700998341432
1789658961.7592075,4.92900099925464
1789658961.7592509,5.855901999893831
1789658961.7593997,2.730201002123067
1789658961.760742,1.4793000009376556
1789658961.761035,7.260301998030627
1789658961.7611809,3.7346009994507767
1789658961.762086,6.791700998292072
1789658961.7623441,5.007402000046568
1789658961.7633395,5.295001999911619
1789658961.763663,4.255400999682024
1789658961.763828,5.454201000247849
1789658961.7643588,3.317900998808909
1789658961.7645838,5.729501001042081
1789658961.7652454,2.894900000683265
1789658961.7654433,6.230801001947839
1789658961.7658575,4.6710009992239065
1789658961.7664256,5.672701001458336
1789658961.7667441,4.651502000342589
1789658961.7669156,3.24480100243818
1789658961.7682703,4.922400999930687
1789658961.7686243,4.2592009995132685
1789658961.7688599,5.026500999520067
1789658961.7693756,4.785901001014281
1789658961.769946,4.692900998634286
1789658961.7700176,3.2688999999663793
1789658961.770322,3.401599999051541
1789658961.7706792,5.228401998465415
1789658961.7708137,4.951602000801358
1789658961.7715673,5.1366020015848335
1789658961.7721498,2.7694009986589663
1789658961.7721913,3.326000998640666
1789658961.7726703,4.3938009985140525
1789658961.772841,4.211601000861265
1789658961.7739317,3.9055009983712807
1789658961.7741199,3.433699999732198
1789658961.7744117,3.5929999976360705
1789658961.7747648,3.192300999216968
1789658961.7749877,5.034101999626728
1789658961.775189,4.862402001890587
1789658961.7764487,4.24900100188097
1789658961.7766473,4.490300998440944
1789658961.7777984,4.946700999425957
1789658961.7781866,4.059101000166265
1789658961.7785106,4.57080100022722
1789658961.7788856,6.2098020025587175
1789658961.7789748,4.204300999845145
1789658961.7794516,4.454600999451941
1789658961.7795663,5.149101998540573
1789658961.7808175,3.008601001056377
1789658961.7814045,6.210200997884385
1789658961.7815733,5.114001000038115
1789658961.7820363,3.143699999782257
1789658961.7821126,3.898701001162408
1789658961.7823489,5.694901003153063
1789658961.783015,4.497701997024706
1789658961.7838733,4.893801000434905
1789658961.7840285,4.5703010000579525
1789658961.7841527,4.5817009995516855
1789658961.7842636,3.4394009999232367
1789658961.7852044,3.086001001065597
1789658961.7858253,4.247001001203898
1789658961.7860906,4.048500999488169
1789658961.7863557,4.94610099849524
1789658961.7864416,4.088101002707845
1789658961.7875352,4.514200998528395
1789658961.7878232,3.5551010005292483
1789658961.788463,4.429201002494665
1789658961.7886012,4.723000998637872
1789658961.7889225,3.092400998866651
1789658961.789036,2.6760010005091317
1789658961.7893603,5.203400996833807
1789658961.790529,4.4317009997030254
1789658961.7908003,5.590000997472089
1789658961.7909095,3.3688999974401668
1789658961.7911336,4.687101001763949
1789658961.791732,3.083300998696359
1789658961.7921116,2.7467010004329495
1789658961.7924097,4.581501001666766
1789658961.7927322,3.8042009982746094
1789658961.7945871,5.542700997466454
1789658961.7950091,6.539701000292553
1789658961.7952933,4.488201000640402
1789658961.7954118,4.8748020017228555
1789658961.7955427,3.804300999036059
1789658961.7957208,4.581902001518756
1789658961.795979,5.065201999968849
1789658961.796843,2.2469010000349954
1789658961.7970486,4.632901000150014
1789658961.797562,5.445201000839006
1789658961.7980583,2.331899999262532
1789658961.798804,6.062401000235695
1789658961.7994545,4.035900001326809
1789658961.7997875,3.8038010025047697
1789658961.7999265,4.379401001642691
1789658961.8000638,5.049801999120973
1789658961.8007047,5.406301999755669
1789658961.8013787,4.323601002397481
1789658961.8016274,4.778000999067444
1789658961.8017907,3.728001000126824
1789658961.8022766,3.4661009995033965
1789658961.802322,2.8627009996853303
1789658961.8032222,5.65480099976412
1789658961.8034399,2.7297000015096273
1789658961.8040712,4.278601001715288
1789658961.8051996,5.266600997856585
1789658961.805473,3.8400009980250616
1789658961.8057203,3.4388010026304983
1789658961.80587,4.48620099996333
1789658961.8059847,4.189601000689436
1789658961.8067126,6.640501000219956
1789658961.8069515,4.624301000148989
1789658961.8076258,4.179800998826977
1789658961.8082542,4.176900998572819
1789658961.8086483,3.442100998654496
1789658961.808872,5.645102002745261
1789658961.8096476,4.166800998063991
1789658961.8100936,3.3721010004228447
1789658961.810257,4.5311009998840746
1789658961.8103318,4.4573009981832
1789658961.8106043,4.613301000063075
1789658961.8124642,1.8490010006644297
1789658961.8127704,5.802002000564244
1789658961.8129997,4.740001000755001
1789658961.8134148,5.783002001408022
1789658961.8136487,3.9943010015122127
1789658961.8138063,3.6980010008846875
1789658961.8142884,5.634600998746464
1789658961.8143935,4.131200999836437
1789658961.8149846,4.647301000659354
1789658961.8152876,2.8166000010969583
1789658961.815951,7.073701002809685
1789658961.8164358,3.6603010012186132
1789658961.8169808,3.325500998471398
1789658961.8171866,3.7648010002158117
1789658961.8179631,4.958600999088958
1789658961.8180811,3.68300099944463
1789658961.8185692,4.757901002449216
1789658961.819044,4.748701001517475
1789658961.8200035,3.56140000076266
1789658961.8202875,4.331701999035431
1789658961.8208458,3.653300998848863
1789658961.8210244,3.056600999116199
1789658961.8211036,4.11600100051146
1789658961.8215504,6.249401998502435
1789658961.8217046,6.714401999488473
1789658961.8230026,4.916400997899473
1789658961.8232706,4.696701002103509
1789658961.825472,5.455902002722723
1789658961.825769,5.468200997711392
1789658961.8259053,6.853502000012668
1789658961.8260298,5.179400999622885
1789658961.826457,5.3475009990506805
1789658961.8265982,4.888400999334408
1789658961.8269203,3.6453009997785557
1789658961.8270295,4.021200998977292
1789658961.827274,6.245000997296302
1789658961.8281817,6.620001000555931
1789658961.8283546,2.319200000783894
1789658961.8291388,3.655501001048833
1789658961.8295069,3.7260009994497523
1789658961.8301952,3.269401000579819
1789658961.830837,4.373300998850027
1789658961.831616,4.335901001468301
1789658961.8317091,5.106700999021996
1789658961.8317783,3.5909010002797004
1789658961.8319104,6.000401001074351
1789658961.8330972,4.736801998660667
1789658961.833772,4.259401001036167
1789658961.8341482,5.0030009988404345
1789658961.834326,4.125200997805223
1789658961.8346035,7.568402001197683
1789658961.8351789,3.46500100204139
1789658961.8357382,4.893700999673456
1789658961.8358405,4.057600999658462
1789658961.8363004,4.678600998886395
1789658961.836941,3.1632009995519184
1789658961.8371046,5.189102001168067
1789658961.8373244,4.222001000016462
1789658961.8383577,4.025501002615783
1789658961.8387818,4.628301001503132
1789658961.8390174,3.1710010007373057
1789658961.839446,4.837601001781877
1789658961.8395708,2.23329999789712
1789658961.8401675,4.4233010012249
1789658961.840303,5.119801000546431
1789658961.8408546,3.9076009998098016
1789658961.8410997,3.9897009992273524
1789658961.8411455,4.840402001718758
1789658961.8422892,3.2648010019329377
1789658961.8426125,4.248501001711702
1789658961.843189,3.0149010017339606
1789658961.8439732,4.519100999459624
1789658961.8443446,3.4832999990612734
1789658961.8444796,4.17180099975667
1789658961.8449934,5.416502001025947
1789658961.8450978,6.310201999440324
1789658961.8456924,3.393101000256138
1789658961.8464987,3.303301000414649
1789658961.8468506,5.696601001545787
1789658961.847354,4.735201000585221
1789658961.8475232,3.0395009998755995
1789658961.8476655,3.6866009977529757
1789658961.8482618,3.157800001645228
1789658961.848337,7.23220100189792
1789658961.848704,4.354100998170907
1789658961.8490498,4.049899998790352
1789658961.850059,4.357200999947963
1789658961.8509934,3.6336009980004746
1789658961.8511736,4.669100999308284
1789658961.8521523,2.0874000001640525
1789658961.8522995,3.5909010002797004
1789658961.8523452,4.817200999241322
1789658961.85264,4.371901002741652
1789658961.852841,4.498800997680519
1789658961.8528972,5.227500998444157
1789658961.8534904,6.6319020006631035
1789658961.854579,5.522302002646029
1789658961.8548841,3.70210100300028
1789658961.855584,3.232300998206483
1789658961.855654,2.8082009994250257
1789658961.855739,4.740601001685718
1789658961.8557827,2.8811010015488137
1789658961.856062,3.9044010009092744
1789658961.8566322,3.9592009998159483
1789658961.8569543,4.650400998798432
1789658961.8574448,3.9500009988842066
1789658961.8588946,4.309001000365242
1789658961.8593757,3.7846009981876705
1789658961.860196,4.4503010030894075
1789658961.8603795,4.31180100349593
1789658961.8605235,4.864501002884936
1789658961.8608365,5.945700999291148
1789658961.8609114,3.4617999990587123
1789658961.8609953,5.208000999118667
1789658961.8614585,4.820500998903299
1789658961.8624728,5.511202001798665
1789658961.862819,3.4352010006841738
1789658961.863281,4.380701000627596
1789658961.8634052,2.876401002140483
1789658961.8638651,3.0218009997042827
1789658961.8639796,3.777401001570979
1789658961.8649251,4.539700999885099
1789658961.8659246,4.9238020001212135
1789658961.8661559,4.6930019998399075
1789658961.8662498,3.7696010003855918
1789658961.8667874,3.96120100049302
1789658961.8671958,3.2096009999804664
1789658961.867415,6.477502000052482
1789658961.8681371,4.85120100347558
1789658961.8682222,4.342501000792254
1789658961.868286,4.876201001025038
1789658961.8685553,3.625200999522349
1789658961.869096,2.9349999967962503
1789658961.8702912,3.4976009992533363
1789658961.870509,4.578800999297528
1789658961.8707728,3.3524009995744564
1789658961.8710277,2.800600999762537
1789658961.8712673,5.011700999602908
1789658961.8717556,4.553101000055904
1789658961.8731334,4.028500999993412
1789658961.8735652,5.422201000328641
1789658961.873655,5.095800999697531
1789658961.87391,3.1330010024248622
1789658961.874182,5.891202003112994
1789658961.8745344,3.501201001199661
1789658961.8746567,4.36030100172502
1789658961.8749363,3.664700998342596
1789658961.875544,5.030401000112761
1789658961.8758788,4.117800999665633
1789658961.876149,3.007301002071472
1789658961.8788836,4.217100999085233
1789658961.8791015,5.185400998016121
1789658961.8791947,5.0073010024789255
1789658961.8793771,5.807001998618944
1789658961.8794112,3.862600999127608
1789658961.8795273,3.3717009973770473
1789658961.8796444,5.105401000037091
1789658961.8800979,5.15650099987397
1789658961.8803768,6.7175020012655295
1789658961.880996,5.111701000714675
1789658961.8824522,2.068701000098372
1789658961.88257,3.67580099918996
1789658961.8828897,3.4735010012809653
1789658961.8831494,3.950300997530576
1789658961.883686,4.036701000586618
1789658961.8841622,4.780500999913784
1789658961.8842711,4.1686010008561425
1789658961.8845081,3.5075009982392658
1789658961.8845737,5.466900998726487
1789658961.8853126,5.78080099876388
1789658961.8855908,3.0160000023897737
1789658961.8861334,3.6752000014530495
1789658961.886628,3.7335010019887704
1789658961.8880062,4.310501000873046
1789658961.8885322,4.25620100213564
1789658961.8885987,5.4450009993161075
1789658961.8887193,4.552801001409534
1789658961.8891792,3.8620010018348694
1789658961.8896847,5.171601002075477
1789658961.889814,3.1816999980947003
1789658961.8904185,4.821301001356915
1789658961.8905363,4.398002001835266
1789658961.8912885,6.710501998895779
1789658961.891396,2.8586010012077168
1789658961.891955,3.229100999305956
1789658961.8931608,3.974500999902375
1789658961.8935304,5.515401000593556
1789658961.8936768,5.073800999525702
1789658961.8937933,3.975301002355991
1789658961.894169,4.478601000300841
1789658961.8946702,3.2679010000720154
1789658961.8952138,4.789501999766799
1789658961.8954291,3.4678010015340988
1789658961.8957646,5.222601001150906
1789658961.8963876,5.093300998851191
1789658961.896923,3.3859010000014678
1789658961.8983302,4.52970100013772
1789658961.8984616,3.2430000028398354
1789658961.8989928,4.316301001381362
1789658961.8991284,5.446502000268083
1789658961.8995256,3.1320009984483477
1789658961.899839,2.90870100070606
1789658961.9,6.832002000010107
1789658961.9000642,4.630200997780776
1789658961.9001517,5.977501998131629
1789658961.90108,2.7433010000095237
1789658961.9011474,5.376601002353709
1789658961.9023168,2.471199997671647
1789658961.9026344,4.1667009973025415
1789658961.903085,3.5548009982449003
1789658961.9032066,4.073501000675606
1789658961.9038854,4.887700997642241
1789658961.9046977,4.540900998108555
1789658961.9048991,4.8944010013656225
1789658961.9049647,4.8957010003505275
1789658961.9052107,4.126501000428107
1789658961.9055426,3.219500998966396
1789658961.9062424,5.090100999950664
1789658961.9066744,4.033001001516823
1789658961.9074574,4.366600998764625
1789658961.9075582,2.8553010015457403
1789658961.907789,4.577501000312623
1789658961.9084332,3.527200999087654
1789658961.9094837,3.9301010001508985
1789658961.9095685,5.678301000443753
1789658961.909665,4.448001000127988
1789658961.9098828,3.203101001417963
1789658961.9116077,3.163100998790469
1789658961.911976,4.178200997557724
1789658961.91258,5.014201000449248
1789658961.913007,8.034602000407176
1789658961.913224,5.759501000284217
1789658961.9134746,7.225902001664508
1789658961.9138463,4.272100999514805
1789658961.9141035,4.2136009979003575
1789658961.9152422,5.749301999458112
1789658961.9153419,5.669602000125451
1789658961.9159596,3.3723010019457433
1789658961.916266,4.279501001292374
1789658961.9166672,5.046801001299173
1789658961.9172294,3.997200998128392
1789658961.91739,3.538600998581387
1789658961.9175222,4.507700999965891
1789658961.9182684,4.15950100068585
1789658961.9183846,3.037500002392335
1789658961.9186828,5.203000997425988
1789658961.9193854,3.1100009982765187
1789658961.9198122,2.5760009993973654
1789658961.9201803,2.7852010025526397
1789658961.9204295,5.181401000299957
1789658961.9213939,5.4267009982140735
1789658961.921587,2.898900998843601
1789658961.9218676,3.594200999941677
1789658961.9220498,4.523001000052318
1789658961.922209,5.53410099746543
1789658961.922524,4.135000999667682
1789658961.922822,3.4309000002394896
1789658961.9243727,2.7782010001828894
1789658961.9247153,4.28070099951583
1789658961.9249897,4.7884010018606205
1789658961.925169,5.3525009971053805
1789658961.9261909,4.134801001782762
1789658961.9264052,4.531900998699712
1789658961.926604,3.7772010000480805
1789658961.9272416,5.836800999531988
1789658961.9274774,2.3018000028969254
1789658961.9278648,5.334702000254765
1789658961.9285347,4.155900998739526
1789658961.9292467,4.2489010011195205
1789658961.9294565,4.736101000162307
1789658961.9300728,7.8426020008919295
1789658961.9303567,4.160200998740038
1789658961.9304004,3.7913010019110516
1789658961.9309535,2.4120000016409904
1789658961.9312673,3.7839010001334827
1789658961.9320548,4.183001001365483
1789658961.9323783,5.1302020001458
1789658961.9325182,6.1083020009391475
1789658961.932967,2.889100996981142
1789658961.9338431,4.382000999612501
1789658961.9340222,3.0623009988630656
1789658961.9351897,4.826701002457412
1789658961.9354336,6.1801010015187785
1789658961.9355338,3.1506000013905577
1789658961.9357445,4.472501001146156
1789658961.9362612,5.856602001585998
1789658961.9368029,4.740700998809189
1789658961.9370768,4.55400099963299
1789658961.9375749,3.548101001797477
1789658961.9378245,4.853400998399593
1789658961.9389331,5.082400999526726
1789658961.9399226,4.1723009999259375
1789658961.940129,4.6900019988243
1789658961.940267,5.070402003184427
1789658961.9404907,4.952801999024814
1789658961.9413579,5.090900998766301
1789658961.94142,3.5907010023947805
1789658961.9420846,5.276800999126863
1789658961.9421675,5.085800999950152
1789658961.9427288,5.148301002918743
1789658961.9432216,2.725400001509115
1789658961.9436371,3.7062010014778934
1789658961.9438472,4.905301000690088
1789658961.9443915,4.25660099790548
1789658961.9450524,3.689101002237294
1789658961.946517,6.242201001441572
1789658961.9466925,5.2667010022560135
1789658961.9468997,3.0451009988610167
1789658961.9469678,3.7390010002127383
1789658961.9471219,5.0327009994362015
1789658961.9477003,4.963600997143658
1789658961.947969,4.323901001043851
1789658961.948145,5.972400998871308
1789658961.9492004,4.14050099789165
1789658961.9497807,2.0731010008603334
1789658961.950454,6.048200997611275
1789658961.9506123,4.088801000762032
1789658961.9510832,3.9555009971081745
1789658961.9514015,4.703900998720201
1789658961.9514472,3.2981010008370504
1789658961.951605,4.632100997696398
1789658961.9519403,3.957300999900326
1789658961.9522395,5.334201003279304
1789658961.9525015,3.2960009993985295
1789658961.9533794,3.591101001802599
1789658961.9541094,2.4992010003188625
1789658961.954409,3.94930099719204
1789658961.9552183,4.127700998651562
1789658961.9555886,4.971100999682676
1789658961.9558787,4.472401000384707
1789658961.9565403,4.2955009994329885
1789658961.956582,4.075700999237597
1789658961.957736,5.789301998447627
1789658961.9580858,6.633802000578726
1789658961.9585516,2.6677009991544764
1789658961.9587681,5.383400999562582
1789658961.9590623,4.948401001456659
1789658961.9591374,3.9132009987952188
1789658961.959297,2.7090000003227033
1789658961.9593673,4.951601000357186
1789658961.9609687,5.372002000513021
1789658961.9617112,5.159701999218669
1789658961.9620075,3.915600998880109
1789658961.96205,4.308300998673076
1789658961.9623342,3.560801000276115
1789658961.9628432,3.700801000377396
1789658961.9634767,4.103200997633394
1789658961.963683,5.125401003169827
1789658961.964959,3.982201000326313
1789658961.9652522,5.948901998635847
1789658961.9656167,3.8962010003160685
1789658961.9658368,6.770101997972233
1789658961.9659877,3.974500999902375
1789658961.9663653,4.025100999569986
1789658961.966482,3.0002009989402723
1789658961.966667,4.61200100107817
1789658961.9672763,4.427800999110332
1789658961.968421,3.162599998177029
1789658961.9686885,2.8464000024541747
1789658961.9688532,3.8867000002937857
1789658961.9693935,5.705102001229534
1789658961.9696484,4.025401001854334
1789658961.9701192,3.446701000939356
1789658961.970157,4.165301001194166
1789658961.9702725,3.7862009994569235
1789658961.9708555,4.484600998694077
1789658961.9715016,4.22010100010084
1789658961.9721947,3.5001010000996757
1789658961.9724367,3.5793009992630687
1789658961.9733675,4.940102000546176
1789658961.9736824,3.4059009994962253
1789658961.9739912,4.591901000821963
1789658961.9749372,4.775001001689816
1789658961.9750605,3.5538010015443433
1789658961.9751935,4.333300999860512
1789658961.9756188,5.9657009987859055
1789658961.9756808,3.4818009989976417
1789658961.9758475,5.723300997487968
1789658961.9764066,3.031899999768939
1789658961.9771821,3.4929000030388124
1789658961.9777963,3.797700999712106
1789658961.97846,6.014302001858596
1789658961.979269,3.581001001293771
1789658961.9798899,4.690100999141578
1789658961.9800675,5.002701000194065
1789658961.980165,3.751101001398638
1789658961.9804785,4.855201001191745
1789658961.9806888,4.836601001443341
1789658961.9809334,3.1306000018958002
1789658961.9816241,6.681701997877099
1789658961.9820662,4.877102001046296
1789658961.982417,3.948500998376403
1789658961.9830308,2.8602010024769697
1789658961.983496,3.0112009990261868
1789658961.9836164,4.340501000115182
1789658961.9846964,4.6220010008255485
1789658961.9848828,3.94450099702226
1789658961.9852989,5.401900998549536
1789658961.9857852,5.09160200090264
1789658961.9862385,4.6093010023469105
1789658961.9864504,4.378600999189075
1789658961.9864945,3.458601000602357
1789658961.9866111,4.189601000689436
1789658961.9867046,3.203600997949252
1789658961.986999,3.3785010018618777
1789658961.988909,2.663100000063423
1789658961.989244,3.9389010016748216
1789658961.98963,3.839701003016671
1789658961.9899833,3.528500998072559
1789658961.990253,5.548701999941841
1789658961.9903705,3.755100999114802
1789658961.990453,5.565101997490274
1789658961.9906752,3.6720009993587155
1789658961.9911497,4.440601001988398
1789658961.9924703,3.2189010016736574
1789658961.992716,6.21360100194579
1789658961.9930449,3.4090999979525805
1789658961.9934525,4.536000997177325
1789658961.9936228,3.247700002248166
1789658961.9939222,3.933400999812875
1789658961.9948063,4.124701001273934
1789658961.9949949,4.736000999400858
1789658961.9959912,3.263301001425134
1789658961.9962654,3.2147009987966157
1789658961.996852,5.697600998246344
1789658961.9976625,4.202200998406624
1789658961.9978883,7.430601999658393
1789658961.9981136,4.486101999646053
1789658961.998175,3.174001001752913
1789658961.9984748,2.475801000400679
1789658961.9989283,4.116101001272909
1789658961.9990532,5.126700998516753
1789658961.9990964,6.62100199770066
1789658961.999562,3.2920010016823653
1789658962.0014193,4.557001000648597
1789658962.001846,4.176300997642102
1789658962.002203,3.1444010019185953
1789658962.0022671,4.373800999019295
1789658962.002535,3.6023009997734334
1789658962.0026238,3.523301002132939
1789658962.0027418,4.623001001164084
1789658962.0029483,4.769000999658601
1789658962.0039392,5.459400999825448
1789658962.0046492,3.217200999642955
1789658962.0054512,3.2429999992018566
1789658962.0055943,3.322700002172496
1789658962.005751,3.0029000008653384
1789658962.0059674,6.401100999937626
1789658962.0060809,4.230400998494588
1789658962.00743,4.475801000808133
1789658962.0074992,4.871201002970338
1789658962.0083663,4.421700999955647
1789658962.0085456,3.8895009965926874
1789658962.0092185,3.6167010002827737
1789658962.009585,3.8280009976006113
1789658962.0096254,3.5400009983277414
1789658962.0101676,7.6264010021986905
1789658962.010934,4.9614019990258384
1789658962.0111473,5.691302001650911
1789658962.0119877,3.4263009983988013
1789658962.0121803,3.807301000051666
1789658962.013307,5.868601001566276
1789658962.013529,3.89800100310822
1789658962.0135922,6.088401001761667
1789658962.0137475,3.5739009981625713
1789658962.0137947,4.569500997604337
1789658962.0144405,3.5016010006074794
1789658962.0148003,5.210401999647729
1789658962.0159485,4.79610099864658
1789658962.016468,3.1534010013274383
1789658962.0166526,2.852800997061422
1789658962.0169597,4.7725010008434765
1789658962.017975,5.975301002763445
1789658962.018162,4.5637010007339995
1789658962.0182571,4.723200996522792
1789658962.018683,1.7171009967569262
1789658962.0195868,5.833602001075633
1789658962.0197432,3.78930100123398
1789658962.0197885,5.344001001503784
1789658962.0199099,3.4367010011919774
1789658962.020143,3.4849010007746983
1789658962.0212798,6.473901001299964
1789658962.0221334,3.8700010009051766
1789658962.0224588,4.479201001231559
1789658962.0225935,3.9047000027494505
1789658962.0227818,2.9884010000387207
1789658962.0234983,5.329702002200065
1789658962.0237823,4.190501000266522
1789658962.023948,4.03400099821738
1789658962.0240335,3.886501002853038
1789658962.0245028,4.754600999149261
1789658962.0252311,3.945000997191528
1789658962.0258226,3.6837009974988177
1789658962.0262496,3.7857010029256344
1789658962.0274186,4.625800997018814
1789658962.027971,3.4624010004336014
1789658962.028146,4.639701000996865
1789658962.029001,4.956800999934785
1789658962.0293572,5.402601000241702
1789658962.0294101,5.623100998491282
1789658962.0294619,6.863602000521496
1789658962.0296297,4.394001000036951
1789658962.0299075,4.079100999661023
1789658962.0305126,3.085999996983446
1789658962.031156,3.179300998453982
1789658962.0313752,5.120202000398422
1789658962.032733,3.315801001008367
1789658962.0328634,2.942900999187259
1789658962.0329313,3.9182010004878975
1789658962.0334425,3.9759009996487293
1789658962.0335543,5.403700997703709
1789658962.0343084,4.6742010017624125
1789658962.0346565,5.292901001666905
1789658962.035106,3.725701000803383
1789658962.0351894,4.672801998822251
1789658962.03613,3.2611010028631426
1789658962.0370882,5.925501001911471
1789658962.037337,2.675800998986233
1789658962.0374832,4.745401001855498
1789658962.037888,4.952300998411374
1789658962.0380623,2.950600002805004
1789658962.0382903,3.9767009984643664
1789658962.0383606,3.166499998769723
1789658962.0389228,5.472901000757702
1789658962.039742,6.183102002978558
1789658962.040035,2.941101000033086
1789658962.0409794,2.9113009986758698
1789658962.0412226,2.857101000699913
1789658962.0415468,5.411101003119256
1789658962.0416822,4.340501000115182
1789658962.0423076,4.009600997960661
1789658962.0425954,5.106700999021996
1789658962.0427952,3.048099999432452
1789658962.0430827,3.0428999998548534
1789658962.043778,4.846602001634892
1789658962.0453112,4.322401000536047
1789658962.0455954,7.701501999690663
1789658962.0463665,4.677800996432779
1789658962.046676,5.124400999193313
1789658962.046719,2.932799998234259
1789658962.0468655,4.550001001916826
1789658962.047423,4.334801000368316
1789658962.0475278,6.299402000877308
1789658962.047957,2.6384010016045067
1789658962.048318,5.516101999091916
1789658962.0488994,6.297702002484584
1789658962.0496008,3.228800997021608
1789658962.049921,3.051001000130782
1789658962.0504029,3.679001001728466
1789658962.0506861,5.085401000542333
1789658962.051443,3.479999999399297
1789658962.052522,5.840202000399586
1789658962.0526543,5.226001998380525
1789658962.0528688,5.336001002433477
1789658962.052965,4.060300998389721
1789658962.0533051,3.3778009965317324
1789658962.053786,5.4633010004181415
1789658962.0540922,3.401901001780061
1789658962.0543532,4.74750099965604
1789658962.0551531,2.62279999878956
1789658962.055309,2.64910000259988
1789658962.0556667,5.259700999886263
1789658962.0559752,4.525701999227749
1789658962.0574472,3.6556010018102825
1789658962.0576007,4.631501000403659
1789658962.057744,4.870200998993823
1789658962.058542,4.443400997843128
1789658962.058793,3.4793009981513023
1789658962.0593667,3.694900999107631
1789658962.0597332,6.421300997317303
1789658962.0597932,5.435101000330178
1789658962.059961,3.9802009996492416
1789658962.0600035,4.845401999773458
1789658962.0615964,3.844400998787023
1789658962.061823,4.368400997918798
1789658962.0625882,4.03880099838716
1789658962.0627341,3.9368010002363008
1789658962.0632615,5.654801003402099
1789658962.063531,3.79170100131887
1789658962.0643344,4.367901001387509
1789658962.0644736,5.100802001834381
1789658962.064804,5.006002000300214
1789658962.0650544,3.4507009986555204
1789658962.065276,5.26770099895657
1789658962.065804,2.2673010025755502
1789658962.065939,2.671801001270069
1789658962.0660515,3.3130009978776798
1789658962.0671468,5.316900998877827
1789658962.0676572,3.1785999999556225
1789658962.0678651,5.269200999464374
1789658962.0688758,2.8172009988338687
1789658962.0689461,4.13770100203692
1789658962.0689814,4.642800999135943
1789658962.0695648,3.755100999114802
1789658962.069651,3.7075009968248196
1789658962.069773,2.6214009994873777
1789658962.070083,4.802501000085613
1789658962.071226,6.166101000417257
1789658962.072682,4.808202000276651
1789658962.0729277,4.046201000164729
1789658962.0731738,5.511701998329954
1789658962.0732317,4.2372009993414395
1789658962.0733137,3.7444010013132356
1789658962.0741367,4.481700998439919
1789658962.0741804,4.403201000968693
1789658962.0749516,3.7207009991107043
1789658962.0752149,5.126600997755304
1789658962.075502,6.550600999617018
1789658962.0766795,3.988300999480998
1789658962.0769763,3.7937010019959416
1789658962.0771928,4.259500998159638
1789658962.07727,3.128600998024922
1789658962.0776653,3.4796010004356503
1789658962.0783246,5.087201003334485
1789658962.0786214,3.398700999241555
1789658962.07889,3.9335010005743243
1789658962.079174,3.6673009999503847
1789658962.079357,6.038801002432592
1789658962.0811017,3.9022009987093043
1789658962.0814717,3.1389010000566486
1789658962.0818813,5.194601002585841
1789658962.0821908,4.519501002505422
1789658962.0823221,5.336801001249114
1789658962.0824368,5.162301000382286
1789658962.0827866,3.8917010024306364
1789658962.0831923,3.8297009996313136
1789658962.0833018,4.673000999900978
1789658962.0843613,3.252700000302866
1789658962.084581,5.400301000918262
1789658962.0854285,2.9857010013074614
1789658962.0856786,4.201200998068089
1789658962.0859,3.573301000869833
1789658962.08596,3.7647009994543623
1789658962.0872524,4.053800999827217
1789658962.0873768,4.584201000398025
1789658962.087462,5.575300998316379
1789658962.0876188,3.025600999535527
1789658962.0890834,5.775901998276822
1789658962.089533,4.097500997886527
1789658962.089768,3.8021010004740674
1789658962.090303,4.618601000402123
1789658962.0905013,4.596700997353764
1789658962.091191,6.824502001109067
1789658962.0914202,3.9539009994769003
1789658962.0920374,4.412900998431724
1789658962.092352,5.091900999104837
1789658962.0927162,3.625500001362525
1789658962.0927777,5.3963010032020975
1789658962.0929654,3.1906010008242447
1789658962.0934691,3.9292009969358332
1789658962.093767,3.261200999986613
1789658962.0944521,4.141901001275983
1789658962.094971,2.9256010020617396
1789658962.0954785,4.05310100177303
1789658962.0962663,3.4823009991669096
1789658962.0964632,5.266301002848195
1789658962.0970283,4.305201000533998
1789658962.0972896,3.5175010016246233
1789658962.0973384,4.367801000626059
1789658962.09753,5.170402000658214
1789658962.0979161,2.431200999126304
1789658962.0990744,5.598601001111092
1789658962.099499,5.039600997406524
1789658962.1001031,5.1252010016469285
1789658962.1007712,3.426499999477528
1789658962.101488,5.215201999817509
1789658962.1015515,4.257501001120545
1789658962.1017692,5.301101999066304
1789658962.1018467,3.9238010031112935
1789658962.1019013,4.366901001048973
1789658962.1022758,5.243201998382574
1789658962.1040397,4.52980100089917
1789658962.1042595,4.150800999923376
1789658962.104372,3.5959009983344004
1789658962.10486,3.0867000023135915
1789658962.105334,3.4822009984054603
1789658962.1059678,6.887902000016766
1789658962.1060872,4.594300997268874
1789658962.106174,4.617901002347935
1789658962.1064346,4.529000998445554
1789658962.106685,4.404201001307229
1789658962.1072423,3.1921010013320483
1789658962.1079373,3.672701001050882
1789658962.1086326,4.254701001627836
1789658962.1089716,4.105800999241183
1789658962.1092658,3.922299998521339
1789658962.1095343,3.3553009998286143
1789658962.109665,3.2260009975288995
1789658962.110778,4.683901002863422
1789658962.1116834,3.0418009991990402
1789658962.1119442,5.252701001154492
1789658962.1122568,2.9813010005455
1789658962.1128013,6.826501001341967
1789658962.1129296,4.986501000530552
1789658962.1131275,5.878601001313655
1789658962.113303,3.6329000031400938
1789658962.113363,4.3864010003744625
1789658962.1148152,4.031100997963222
1789658962.1150587,5.517301000509178
1789658962.1152973,3.606900998420315
1789658962.116033,2.664900999661768
1789658962.1161075,3.1733010000607464
1789658962.1173697,4.23700100145652
1789658962.1174998,4.191400999843609
1789658962.1175368,4.7301010017690714
1789658962.1177924,5.52950199926272
1789658962.1180968,2.7955010009463876
1789658962.118413,2.3749009997118264
1789658962.1187906,2.6786009984789416
1789658962.1193862,7.435901999997441
1789658962.1196246,4.804700998647604
1789658962.1205237,5.459101001179079
1789658962.1207438,2.9464999970514327
1789658962.1211448,3.6028009999427013
1789658962.122485,5.107802000566153
1789658962.1227236,3.3318009991489816
1789658962.1228018,4.384101001051022
1789658962.1230633,5.55860199892777
1789658962.123271,5.169901000044774
1789658962.123867,4.2369009970570914
1789658962.1244984,3.7496010008908343
1789658962.1248555,6.059900999389356
1789658962.125038,4.509500999120064
1789658962.1254244,2.933700001449324
1789658962.125667,4.5173010003054515
1789658962.1263955,3.326401001686463
1789658962.127109,4.37750099808909
1789658962.1283255,2.8906010011269245
1789658962.128485,5.677801000274485
1789658962.1286435,2.9693010001210496
1789658962.129116,4.6106010013318155
1789658962.1295092,6.233700998564018
1789658962.129886,4.843600996537134
1789658962.130384,5.523801999515854
1789658962.1306355,6.763001998479012
1789658962.13133,4.213501000776887
1789658962.1316674,5.265700998279499
1789658962.1322737,3.6235009974916466
1789658962.133086,3.570600998500595
1789658962.133386,5.051701002230402
1789658962.1334321,4.940900998917641
1789658962.1337457,3.855700997519307
1789658962.1339312,3.2916999989538454
1789658962.1342788,5.157902000064496
1789658962.1345026,3.1667010007367935
1789658962.1346014,4.212501000438351
1789658962.1358502,4.17680099781137
1789658962.1369524,3.5599010006990284
1789658962.1373248,5.04520100002992
1789658962.1374013,4.309800999180879
1789658962.137635,3.699401000631042
1789658962.1380572,3.5494999974616803
1789658962.1381605,4.410301000461914
1789658962.1383045,4.868001000431832
1789658962.1387193,4.43550099953427
1789658962.1392033,3.3484009982203133
1789658962.1398244,2.8660010029852856
1789658962.1405349,5.928900998696918
1789658962.1407945,3.3891010025399737
1789658962.1416786,3.595600999688031
1789658962.142559,4.911201998766046
1789658962.142771,5.439802000182681
1789658962.1429114,4.603002002113499
1789658962.1434247,5.258701999991899
1789658962.1437266,4.510601000220049
1789658962.143885,5.158700998435961
1789658962.1442194,4.389900997921359
1789658962.1448581,4.058400998474099
1789658962.145285,4.743301000416977
1789658962.1458602,4.1726010022102855
1789658962.1466088,3.6912000032316428
1789658962.1473377,4.76200100092683
1789658962.1475742,4.797301000508014
1789658962.147796,4.366001001471886
1789658962.1479366,3.0726009972568136
1789658962.148197,4.463901001145132
1789658962.1482596,4.370000999188051
1789658962.1488178,4.592100998706883
1789658962.149065,3.7722010019933805
1789658962.1509335,3.5878010021406226
1789658962.1510546,3.253701001085574
1789658962.151526,3.3244010010093916
1789658962.1517487,4.169701001956128
1789658962.151843,5.2293019980425015
1789658962.1520576,3.793501000473043
1789658962.1521864,4.245501000696095
1789658962.1523108,6.445502000133274
1789658962.1530938,4.02390100134653
1789658962.1544302,2.6762000015878584
1789658962.1550663,3.2168010002351366
1789658962.1551275,4.188301001704531
1789658962.1556554,4.595401002006838
1789658962.1557696,6.947001998923952
1789658962.156025,4.494800999964355
1789658962.1562521,3.153500998450909
1789658962.1564176,4.227300996717531
1789658962.1570654,4.75010099762585
1789658962.1572573,5.1938010001322255
1789658962.1581035,2.4424999974144157
1789658962.1591554,4.717002000688808
1789658962.1598656,4.731001001346158
1789658962.160287,3.0231009986891877
1789658962.1605673,5.493800999829546
1789658962.1606796,4.649701000744244
1789658962.1610057,3.9356009983748663
1789658962.1612432,5.468201001349371
1789658962.161474,5.216700999881141
1789658962.1616852,5.26300099954824
1789658962.1629715,2.6758999993035104
1789658962.163701,4.535101001238218
1789658962.1642563,3.570701002900023
1789658962.164473,6.364601998939179
1789658962.1645777,4.705400999228004
1789658962.1648407,3.829101002338575
1789658962.1660447,4.564800998196006
1789658962.16656,5.9840009998879395
1789658962.1666121,5.3637010023521725
1789658962.16699,3.283099998952821
1789658962.1672015,5.510800998308696
1789658962.1675975,3.014201000041794
1789658962.1680963,3.6187010009598453
1789658962.1686494,5.671901999448892
1789658962.1691606,4.314801000873558
1789658962.1693487,5.087100998935057
1789658962.169632,3.582301000278676
1789658962.1696963,3.0792010002187453
1789658962.1701965,2.989800999785075
1789658962.1716464,5.080102000647457
1789658962.171785,4.789501999766799
1789658962.1723344,4.2322010012867395
1789658962.1724086,3.7533009999606293
1789658962.173294,3.592100998503156
1789658962.1734202,4.066401001182385
1789658962.1734955,5.893200999707915
1789658962.1740742,4.907801001536427
1789658962.1743228,4.686401000071783
1789658962.1745,4.298501000448596
1789658962.1748652,3.213500000128988
1789658962.1757,3.9095009997254238
1789658962.1758564,3.4415009977237787
1789658962.1768012,3.372701001353562
1789658962.1769543,4.612601002008887
1789658962.1777835,3.276800998719409
1789658962.1784515,5.147601001226576
1789658962.1786528,4.5727010001428425
1789658962.1787052,3.835601000901079
1789658962.1791852,5.684400999598438
1789658962.1796398,3.934800002753036
1789658962.1801782,3.3667009993223473
1789658962.181361,4.398901000968181
1789658962.1814828,5.620100997475674
1789658962.1816297,7.302202000573743
1789658962.182357,3.8969009983702563
1789658962.182637,4.847401000006357
1789658962.1829505,4.289801003324101
1789658962.1835914,3.40660000074422
1789658962.183795,5.085200999019435
1789658962.1839206,2.5548009980411734
1789658962.1848357,5.1906019980378915
1789658962.184961,3.472601001703879
1789658962.1854975,3.8631010029348545
1789658962.1855323,6.34240200088243
1789658962.18601,3.647500998340547
1789658962.1867,2.9009009995206725
1789658962.186899,3.302801000245381
1789658962.187979,5.3345019987318665
1789658962.1880844,4.158701001870213
1789658962.1883562,5.399901998316636
1789658962.1888177,3.851301000395324
1789658962.1889997,3.46280099984142
1789658962.189549,4.706800998974359
1789658962.189925,3.910601000825409
1789658962.190776,5.271600999549264
1789658962.191494,2.6711999998951796
1789658962.191726,4.821601000003284
1789658962.1919534,5.248801000561798
1789658962.1922474,3.8864010020915885
1789658962.1927967,3.7907009973423555
1789658962.1937118,4.155800997978076
1789658962.1940098,6.0232010000618175
1789658962.1941507,6.0595009999815375
1789658962.1950824,5.150500997842755
1789658962.1957676,3.5114000020257663
1789658962.1961286,5.345801000657957
1789658962.196423,2.705201000935631
1789658962.196639,5.139201999554643
1789658962.196739,4.780602001119405
1789658962.1977866,3.6297010010457598
1789658962.1978338,6.102401999669382
1789658962.1982002,5.397000997618306
1789658962.1987667,2.9926009992777836
1789658962.200089,4.998200998670654
1789658962.2004645,6.4480020009796135
1789658962.201184,4.755600999487797
1789658962.2015147,4.760101001011208
1789658962.2015991,4.9543010027264245
1789658962.2018533,5.719201999454526
1789658962.2020845,4.293701000278816
1789658962.2021506,3.3797010000853334
1789658962.2024524,2.35700100165559
1789658962.2026432,4.437301002326421
1789658962.203022,2.5529999984428287
1789658962.203276,5.4379010034608655
1789658962.205131,2.4814009993860964
1789658962.2051787,3.989300999819534
1789658962.2056544,4.049601000588154
1789658962.2063131,4.454000998521224
1789658962.206417,3.3904009978869
1789658962.2066655,5.145800998434424
1789658962.206771,4.313101002480835
1789658962.2069366,4.847601001529256
1789658962.2075076,5.352601001504809
1789658962.2079868,4.705700997874374
1789658962.2085214,2.861100001609884
1789658962.2088497,3.665800999442581
1789658962.2091806,4.043200999149121
1789658962.2105484,3.7701010005548596
1789658962.2107286,4.409301000123378
1789658962.2109387,4.516701003012713
1789658962.211257,4.586500999721466
1789658962.2121124,5.168001000129152
1789658962.2122786,4.285101000277791
1789658962.21321,5.696902000636328
1789658962.2134936,4.965502001141431
1789658962.2137303,4.542100999969989
1789658962.2142751,5.421000998467207
1789658962.214877,4.321100997913163
1789658962.2150803,3.8175009976839647
1789658962.2151456,4.4121009996160865
1789658962.215797,3.6765010008821264
1789658962.2165856,3.3693999976094346
1789658962.2172668,6.322802000795491
1789658962.2173345,5.051001997344429
1789658962.2179105,4.174501002125908
1789658962.218357,4.076200999406865
1789658962.218508,1.9165009980497416
1789658962.218553,3.6715010028274264
1789658962.219424,3.621800999098923
1789658962.2195652,6.065900997782592
1789658962.219716,4.631701001926558
1789658962.2199392,4.789901002368424
1789658962.2210443,3.7051009967399295
1789658962.221723,3.1640009983675554
1789658962.222271,2.5495009977021255
1789658962.2224755,4.559101002087118
1789658962.2230031,4.490401002840372
1789658962.223072,3.643001000455115
1789658962.223185,5.911700998694869
1789658962.2234938,5.1313010008016136
1789658962.2241266,4.556601001240779
1789658962.2244933,4.549301000224659
1789658962.2254088,3.6794010011362843
1789658962.2256453,4.595900998538127
1789658962.226432,3.4200010013591964
1789658962.227065,4.579201002343325
1789658962.2275002,4.422501002409263
1789658962.2276068,4.417301002831664
1789658962.2279437,3.8127009975141846
1789658962.228558,4.058701000758447
1789658962.2287216,5.222501000389457
1789658962.2295163,3.865601000143215
1789658962.229862,7.584401999338297
1789658962.230531,5.11540099978447
1789658962.23102,3.0710009996255394
1789658962.2311676,4.093800998816732
1789658962.2321432,3.577000999939628
1789658962.2327087,5.09590100045898
1789658962.2329898,5.482800999743631
1789658962.233182,6.741401000908809
1789658962.2334397,3.9185009991342667
1789658962.23361,2.4367010009882506
1789658962.2339978,3.461001000687247
1789658962.2345045,3.4796010004356503
1789658962.2346005,5.874001999472966
1789658962.2360299,3.8797009983682074
1789658962.2363725,3.657901001133723
1789658962.2366695,2.6651000007404946
1789658962.2371886,4.19340100052068
1789658962.2377443,7.876201998442411
1789658962.2378223,4.20780100103002
1789658962.2380476,3.4420009978930466
1789658962.2382324,5.045301997597562
1789658962.2389028,4.392601000290597
1789658962.2399616,3.5832009998557623
1789658962.2401547,2.961201000289293
1789658962.24037,2.5432000002183486
1789658962.2405252,7.081201001710724
1789658962.2415378,3.7855000009585638
1789658962.2416422,5.606901002465747
1789658962.2422936,5.6162020009651314
1789658962.2424233,4.369100999610964
1789658962.2429116,4.000901000836166
1789658962.2431414,4.903700999420835
1789658962.2436986,3.3219010001630522
1789658962.2445755,4.41580100232386
1789658962.2448766,4.907900998659898
1789658962.245048,3.5043009993387386
1789658962.2456393,5.1085010018141475
1789658962.2463195,4.01930099906167
1789658962.2469115,5.262601996946614
1789658962.2470834,4.164400997979101
1789658962.247764,5.335801000910578
1789658962.2479575,4.252801001712214
1789658962.248255,3.2024009997257963
1789658962.2493286,6.180200998642249
1789658962.2495704,4.990200999600347
1789658962.2499495,4.3048010011261795
1789658962.2502058,3.8805010008218233
1789658962.250676,5.792102001578314
1789658962.2508118,3.0427009987761267
1789658962.2511098,4.1919010000128765
1789658962.2514637,4.375300999527099
1789658962.2525191,4.555900999548612
1789658962.2538376,5.576501000177814
1789658962.253883,4.52510099785286
1789658962.2540243,4.070401002536528
1789658962.2543116,4.737202001706464
1789658962.2544582,3.6421010008780286
1789658962.254632,4.421500998432748
1789658962.2552938,4.612900997017277
1789658962.255495,4.381000999273965
1789658962.2556145,3.0904009981895797
1789658962.2562475,4.77900099940598
1789658962.25771,3.80860100267455
1789658962.258366,4.337102000135928
1789658962.258612,2.9929009979241528
1789658962.2586572,4.194801000267034
1789658962.2587059,3.4062010017805733
1789658962.259349,5.50510200264398
1789658962.2596223,5.304001002514269
1789658962.2600098,5.372201001591748
1789658962.2605524,4.2979009995178785
1789658962.2608237,3.1031010003061965
1789658962.2614691,5.969200999970781
1789658962.2623153,3.9426000003004447
1789658962.262424,3.7128010008018464
1789658962.2627773,2.218501002062112
1789658962.2630515,4.38950099851354
1789658962.2634962,3.4812009980669245
1789658962.2641344,1.7059999991033692
1789658962.2646658,5.309001000568969
1789658962.265171,6.553500999871176
1789658962.265832,5.00160099909408
1789658962.2659025,6.2728009979764465
1789658962.2660947,3.7738009996246547
1789658962.2663553,4.880201002379181
1789658962.266828,4.045200999826193
1789658962.2679882,3.3156010031234473
1789658962.2682366,2.1378010023909155
1789658962.2682753,4.773700999066932
1789658962.2688713,5.813900999783073
1789658962.2692163,5.07660099901841
1789658962.2699485,4.7722009985591285
1789658962.270326,3.4916000004159287
1789658962.2704058,4.4990009992034175
1789658962.2705455,4.708300999482162
1789658962.2710984,2.221400998678291
1789658962.271782,5.42060199950356
1789658962.2725296,4.285300998162711
1789658962.2730992,5.103801002405817
1789658962.2732785,4.056901001604274
1789658962.2733676,2.95720099893515
1789658962.2739966,4.042901000502752
1789658962.2742224,5.942101000982802
1789658962.2748702,3.766701000131434
1789658962.275226,4.675502001191489
1789658962.2758718,5.5404019985871855
1789658962.2760077,2.9028009994362947
1789658962.2766702,2.665700998477405
1789658962.2772338,4.695701001764974
1789658962.2775857,4.30230100027984
1789658962.2783196,3.4434000008332077
1789658962.2790174,7.227402002172312
1789658962.2791498,3.918301001249347
1789658962.279222,4.994401999283582
1789658962.279536,6.163802001537988
1789658962.2798023,3.923101001419127
1789658962.2802541,4.242101000272669
1789658962.2803004,3.624201002821792
1789658962.2820446,3.01969999782159
1789658962.2822354,3.9098010020097718
1789658962.282348,4.758000999572687
1789658962.2832553,4.099600999325048
1789658962.2837832,4.5560010003100615
1789658962.2839816,6.741802000760799
1789658962.2841992,3.894501001923345
1789658962.2844367,4.628500999388052
1789658962.285027,4.767600999912247
1789658962.2853446,3.293001002020901
1789658962.2855513,3.311700998892775
1789658962.2859113,6.370401002641302
1789658962.2868736,3.084699997998541
1789658962.287315,4.962202001479454
1789658962.2876563,4.395200998260407
1789658962.2885814,4.592800996761071
1789658962.2888985,4.694301002018619
1789658962.2892325,4.790101000253344
1789658962.2895045,4.1556010000931565
1789658962.2898033,4.247200999088818
1789658962.289849,4.816601001948584
1789658962.2907352,3.0724000025657006
1789658962.291282,5.364802000258351
1789658962.291356,4.478101996937767
1789658962.2913902,4.070500999659998
1789658962.2917519,2.8479009997681715
1789658962.292431,3.843000999040669
1789658962.2924876,3.250101002777228
1789658962.2935493,3.740001000551274
1789658962.2942557,4.398601002321811
1789658962.294897,5.384601001424016
1789658962.2952454,3.956500000640517
1789658962.295442,4.081101000338094
1789658962.2956889,4.947802000970114
1789658962.2962291,4.833701001189183
1789658962.2970436,5.285800998535706
1789658962.2975035,2.598900999146281
1789658962.2978325,5.395300999225583
1789658962.2979746,4.419700999278575
1789658962.2982993,5.806101002235664
1789658962.2984238,2.9770000001008157
1789658962.2986665,3.4163010022894014
1789658962.2990918,4.829101002542302
1789658962.2998304,2.781601000606315
1789658962.3001008,4.407401000207756
1789658962.3010511,4.815000997041352
1789658962.3012571,3.276800998719409
1789658962.3015587,3.7208009998721536
1789658962.3023388,4.032600998471025
1789658962.3025868,4.157000999839511
1789658962.3030162,5.508400998223806
1789658962.3033924,4.295601000194438
1789658962.3038573,5.186701997445198
1789658962.3047526,4.64580100015155
1789658962.305272,5.436600997200003
1789658962.3053377,4.074800999660511
1789658962.3056016,2.2026009974069893
1789658962.3058467,4.789500999322627
1789658962.3064497,3.857900999719277
1789658962.306517,3.49650100179133
1789658962.306896,5.332501001248602
1789658962.307758,5.413500999566168
1789658962.3085406,3.188801001670072
1789658962.3091316,3.519501002301695
1789658962.3097157,3.2549010029470082
1789658962.309969,4.688801000156673
1789658962.3106165,5.856601001141826
1789658962.3107724,4.245300999173196
1789658962.3109276,5.076200999610592
1789658962.3111525,3.388301000086358
1789658962.311532,4.63120100175729
1789658962.3116813,7.818801001121756
1789658962.3136742,3.0467010001302697
1789658962.313967,3.032700999028748
1789658962.314492,4.765301000588806
1789658962.3149111,5.768900999100879
1789658962.3153143,4.537201002676738
1789658962.3159575,5.979500998364529
1789658962.3160658,4.379000998596894
1789658962.316652,2.9698010002903175
1789658962.3167918,5.634902001474984
1789658962.317261,3.288200998213142
1789658962.3173757,8.829102000163402
1789658962.3176577,6.120402002125047
1789658962.3180354,2.716300998145016
1789658962.3184495,3.5326010001881514
1789658962.3188632,4.364401000202633
1789658962.319257,3.294801001175074
1789658962.3199003,3.2427000005554873
1789658962.3205504,3.168100996845169
1789658962.3208349,3.56930099951569
1789658962.3213954,3.3556010021129623
1789658962.3217556,5.685002000973327
1789658962.3222857,3.828801000054227
1789658962.3226383,5.84120100029395
1789658962.3229299,3.0233010002120864
1789658962.3231013,5.43960099821561
1789658962.3232157,3.9543010025226977
1789658962.323276,1.875600002676947
1789658962.3235846,4.717201001767535
1789658962.3243988,3.5591009982454125
1789658962.3249333,4.376501001388533
1789658962.3258402,3.5427010006969795
1789658962.3261693,2.886001002480043
1789658962.3264046,4.642801002773922
1789658962.3268704,3.7550010019913316
1789658962.3277962,4.858600997977192
1789658962.3282173,5.572801001108019
1789658962.3291242,4.181800999504048
1789658962.3293452,3.4937009986606427
1789658962.3298965,2.0938010020472575
1789658962.3300817,5.676000997482333
1789658962.3306947,7.10470199919655
1789658962.3308213,7.601402001455426
1789658962.3308694,4.692801001510816
1789658962.3313258,4.446200997335836
1789658962.331629,2.498000001651235
1789658962.3324077,4.184600998996757
1789658962.3334067,6.993802002398297
1789658962.333473,3.5719009974855
1789658962.3335912,1.9496010027069133
1789658962.334102,4.751300999487285
1789658962.3349276,4.226700999424793
1789658962.335052,4.965600997820729
1789658962.335112,3.7817010015714914
1789658962.3359687,3.556101000867784
1789658962.3362818,2.6852000009967014
1789658962.3365889,5.763101002230542
1789658962.3371723,6.297801999608055
1789658962.3377795,3.6715009991894476
1789658962.3379135,2.981600999191869
1789658962.3381724,4.760001000249758
1789658962.3383818,4.904200999590103
1789658962.3399193,3.3243010002479423
1789658962.340161,4.186500998912379
1789658962.340228,3.9328010025201365
1789658962.3407917,5.6742009983281605
1789658962.3411577,3.9784010004950687
1789658962.3415196,6.463101999543142
1789658962.3417573,3.8392009992094245
1789658962.3419147,4.130301000259351
1789658962.342219,4.042100998049136
1789658962.3435736,3.403400998649886
1789658962.3438878,5.500500999914948
1789658962.3445318,3.7332009997044224
1789658962.3446724,4.746601000078954
1789658962.3454432,3.9139010004873853
1789658962.3455913,5.358001999411499
1789658962.3458285,4.0674010015209205
1789658962.346125,4.9601009995967615
1789658962.3464787,4.2542010014585685
1789658962.3474526,5.532900999241974
1789658962.3488617,5.2794010007346515
1789658962.349068,3.470999999990454
1789658962.3492267,3.0922010009817313
1789658962.349395,5.501002000528388
1789658962.34946,4.922801999782678
1789658962.3495858,4.90770200121915
1789658962.3497322,3.899200997693697
1789658962.350322,3.837200998532353
1789658962.3510287,5.577200998232001
1789658962.3517916,2.9221009972388856
1789658962.3524547,2.717200000915909
1789658962.3528013,3.4016999998129904
1789658962.3532312,4.155701000854606
1789658962.3534443,3.9801009988877922
1789658962.353728,2.694401002372615
1789658962.3543515,5.119301000377163
1789658962.3547747,7.316401999560185
1789658962.355004,3.2077010000648443
1789658962.355124,2.6645010002539493
1789658962.3560963,2.8571009970619343
1789658962.3563073,5.977101001917617
1789658962.3563936,3.587900999264093
1789658962.3565714,6.981400998483878
1789658962.3577278,4.277600997738773
1789658962.357972,4.239701000187779
1789658962.3591242,4.763001001265366
1789658962.3594387,3.3347009994031396
1789658962.3597145,4.931900999508798
1789658962.3598645,3.4661009995033965
1789658962.3600178,5.0089010001102
1789658962.3603559,3.780000999540789
1789658962.3604226,5.293701000482542
1789658962.3613567,5.044500998337753
1789658962.3627408,4.757800998049788
1789658962.3631012,3.6572009994415566
1789658962.3637197,5.986501000734279
1789658962.3637643,4.043601002194919
1789658962.363828,3.9582009994774126
1789658962.3639493,3.5207010005251504
1789658962.3641517,5.017301002226304
1789658962.365189,5.1655010029207915
1789658962.3653154,4.954600997734815
1789658962.3653927,4.030600997793954
1789658962.3657079,2.9584009971586056
1789658962.3659823,2.8766010000254028
1789658962.3668437,3.119201002846239
1789658962.3672163,3.2631009999022353
1789658962.368304,4.4694009993691
1789658962.3687527,3.432000998145668
1789658962.369148,3.7505010004679207
1789658962.3692462,5.477401002281113
1789658962.3694046,5.247100998531096
1789658962.3696203,4.426300998602528
1789658962.3700716,4.359301001386484
1789658962.3704066,4.420200999447843
1789658962.3706055,3.7573010013147723
1789658962.3707678,3.546800999174593
1789658962.3719697,3.2109009989653714
1789658962.372468,3.2166010023502167
1789658962.3736086,3.981401001510676
1789658962.3738418,5.5306009999185335
1789658962.3741648,4.087700999662047
1789658962.3743947,3.784800999710569
1789658962.3744357,5.026701997849159
1789658962.3746555,4.244501000357559
1789658962.375431,6.2789019975753035
1789658962.3757617,4.988600998331094
1789658962.376305,2.6889010005106684
1789658962.3764927,4.018300998723134
1789658962.376723,4.747000999486772
1789658962.3775828,3.1406999987666495
1789658962.3781278,3.7287009981810115
1789658962.3782837,4.437401999894064
1789658962.3788261,4.653501000575488
1789658962.3796613,4.2245010008628014
1789658962.3800042,3.692500999022741
1789658962.3804343,5.7747010032471735
1789658962.3810751,5.30410099963774
1789658962.381207,4.478700997424312
1789658962.3812685,3.136299998004688
1789658962.3818028,3.5142999986419454
1789658962.3820522,5.554800998652354
1789658962.3828104,5.220601997280028
1789658962.3833706,3.3612009974604007
1789658962.3835406,4.707400999905076
1789658962.384143,4.476000998693053
1789658962.3843875,3.9486009991378523
1789658962.3846366,3.5554009991756175
1789658962.3858178,4.543300998193445
1789658962.3859658,4.754301000502892
1789658962.3862734,3.457800001342548
1789658962.3864195,4.612302000168711
1789658962.3865592,3.183800999977393
1789658962.3875973,5.540901998756453
1789658962.3878226,4.277300999092404
1789658962.3888228,4.6729010027775075
1789658962.3891518,4.50810099937371
1789658962.3896415,3.817901000729762
1789658962.3897038,3.1321999995270744
1789658962.3899124,3.9423009984602686
1789658962.3906949,6.302601999777835
1789658962.3911242,3.521100999932969
1789658962.3916597,5.234401000052458
1789658962.392264,2.555000999564072
1789658962.3924947,4.666701002861373
1789658962.3925672,6.289402001129929
1789658962.3928611,2.9442010018101428
1789658962.3932734,4.115501000342192
1789658962.3946826,3.013901001395425
1789658962.3953335,4.199900999083184
1789658962.395441,6.612201999814715
1789658962.395928,6.281302001298172
1789658962.3961291,3.860001001157798
1789658962.3963375,5.63800099916989
1789658962.3967314,4.159001000516582
1789658962.3969285,3.6491009996098
1789658962.3970556,4.555900999548612
1789658962.3983858,3.0450999984168448
1789658962.3984463,5.580500997893978
1789658962.3992844,3.35130100211245
1789658962.3994987,4.808901001524646
1789658962.3999898,4.540801000985084
1789658962.4002001,3.8583009991270956
1789658962.4007854,3.7253009977575857
1789658962.4008782,4.74500100244768
1789658962.4010181,4.085001000930788
1789658962.4012103,4.4728009997925255
1789658962.4029517,2.7448009968793485
1789658962.4030027,3.4988010011147708
1789658962.4035206,5.069101996923564
1789658962.4035878,3.591600998333888
1789658962.4037704,5.380301998229697
1789658962.4038863,4.596900998876663
1789658962.4047503,3.7271010005497374
1789658962.4049335,3.7176010009716265
1789658962.405364,4.481100997509202
1789658962.4057994,5.009600998164387
1789658962.4067938,2.036699999734992
1789658962.4071102,4.101801001525018
1789658962.4073753,3.5994010031572543
1789658962.408643,5.680600999767194
1789658962.4089506,5.055500998423668
1789658962.4091191,4.178701001364971
1789658962.4095938,4.223000996717019
1789658962.4100397,6.447401003242703
1789658962.4101744,4.3692010003724135
1789658962.41028,6.753800997103099
1789658962.4107072,3.59050000042771
1789658962.4110174,3.6361999991640914
1789658962.4117877,2.8262010018806905
1789658962.4119139,2.7867010030604433
1789658962.4130619,4.4071010015613865
1789658962.4132268,6.42480199894635
1789658962.4141572,3.130301000055624
1789658962.4144788,3.7632009989465587
1789658962.4146225,5.022301000281004
1789658962.415182,4.896300997643266
1789658962.415394,3.5999009996885434
1789658962.4164019,4.4794009991164785
1789658962.416808,2.319101000466617
1789658962.4178941,4.8191009991569445
1789658962.418195,4.959600999427494
1789658962.4184582,8.272301998658804
1789658962.419783,4.574701997626107
1789658962.420126,10.079403000418097
1789658962.4203033,6.135701998573495
1789658962.420651,3.8352010014932603
1789658962.421048,5.645700999593828
1789658962.4221606,5.731600998842623
1789658962.4226325,4.421700999955647
1789658962.423347,8.714902000065194
1789658962.4237084,3.9094010026019532
1789658962.424004,6.097001998568885
1789658962.42458,4.43810099750408
1789658962.4249268,4.267401000106474
1789658962.4251697,4.858700998738641
1789658962.4256883,7.218602000648389
1789658962.4268012,5.742500998167088
1789658962.4276102,2.4301000012201257
1789658962.4281259,4.40880099995411
1789658962.428402,5.042701999627752
1789658962.4288738,4.28540099892416
1789658962.4290996,6.919801999174524
1789658962.4292345,6.590601999050705
1789658962.4298317,4.899001000012504
1789658962.429908,3.0978009999671485
1789658962.4306407,4.943800999171799
1789658962.4307775,6.76790099896607
1789658962.4314377,3.8183010001375806
1789658962.4316542,3.522400002111681
1789658962.432856,3.7491009970835876
1789658962.4331787,3.2660010001563933
1789658962.4332452,4.836800999328261
1789658962.4334757,4.597000999638112
1789658962.434088,3.4404010002617724
1789658962.4344072,4.570600998704322
1789658962.4346218,3.839401000732323
1789658962.4352193,3.7724009998783004
1789658962.4353068,3.6482010000327136
1789658962.4357743,2.5246000004699454
1789658962.4364235,7.182502002251567
1789658962.4365199,3.658100999018643
1789658962.437275,3.7944010000501294
1789658962.4378412,3.7406009978440125
1789658962.4386604,4.246800999681
1789658962.4388618,5.676901000697399
1789658962.439156,3.8448009981948417
1789658962.439201,3.975200997956563
1789658962.4396417,3.1165999971562997
1789658962.4399533,5.327601000317372
1789658962.4406393,4.2096009965462144
1789658962.4410803,5.301201999827754
1789658962.4417922,2.924000997154508
1789658962.442219,4.93870100035565
1789658962.4425492,3.881800999806728
1789658962.442887,3.681701000459725
1789658962.4429362,5.0857009991887026
1789658962.443295,4.133301001274958
1789658962.4445605,4.910401999950409
1789658962.4448783,4.919001999951433
1789658962.445207,4.120100998989074
1789658962.4455783,3.3508009983052034
1789658962.4459872,4.189801002212334
1789658962.4471028,6.45570100095938
1789658962.4474776,4.536200998700224
1789658962.4476697,4.777900998305995
1789658962.4483023,5.745600999944145
1789658962.4485013,5.201701998885255
1789658962.4485652,3.352001000166638
1789658962.4486465,3.060301001823973
1789658962.4491937,4.308201001549605
1789658962.449902,3.909601000486873
1789658962.450814,3.13830100276391
1789658962.4508624,2.35669999892707
1789658962.4516082,4.497901001741411
1789658962.4518898,7.321500997932162
1789658962.4521697,3.8630009985354263
1789658962.4522061,3.006999999342952
1789658962.452367,4.884100999333896
1789658962.453158,4.588200998114189
1789658962.453222,4.5703010000579525
1789658962.4542775,2.6617010007612407
1789658962.454924,4.0560010020271875
1789658962.4558856,2.7229000006627757
1789658962.4560738,6.164400998386554
1789658962.4561741,5.355301000236068
1789658962.4565063,4.134101000090595
1789658962.4568186,4.9238020001212135
1789658962.457039,2.1102009995956905
1789658962.4575474,5.334601999493316
1789658962.4578032,5.628301998513052
1789658962.457894,4.667801000323379
1789658962.4583313,4.047300997626735
1789658962.4594998,3.316000998893287
1789658962.4603527,3.5264999969513156
1789658962.4609547,4.873601999861421
1789658962.4611177,3.562701000191737
1789658962.4615762,4.53210100022261
1789658962.461625,5.113301998790121
1789658962.46175,3.9426010007446166
1789658962.461785,3.8858010011608712
1789658962.4628978,7.004002000030596
1789658962.4636827,4.172500997810857
1789658962.463779,3.4198009998362977
1789658962.4638524,5.515100998309208
1789658962.4654384,3.6465009980020113
1789658962.4657469,4.623001001164084
1789658962.4658732,2.969600998767419
1789658962.4662597,4.678301000240026
1789658962.466334,4.579501000989694
1789658962.4669397,3.2510009987163357
1789658962.4669852,6.023701000231085
1789658962.4673617,3.5045010008616373
1789658962.4674993,2.0557999996526632
1789658962.4675686,5.939201000728644
1789658962.4678297,4.045800997118931
1789658962.469403,3.647801000624895
1789658962.46971,3.3691009994072374
1789658962.4700985,4.220401002385188
1789658962.470288,3.2978009985527024
1789658962.4704876,4.2232010018778965
1789658962.4712522,3.6784010007977486
1789658962.4716978,4.7529010007565375
1789658962.4724576,4.6230009975261055
1789658962.4727526,5.384800999308936
1789658962.473278,3.866601000481751
1789658962.473926,6.421302001399454
1789658962.4743183,4.601501001161523
1789658962.4745176,4.025201000331435
1789658962.4746447,3.3877010027936194
1789658962.47468,4.387700999359367
1789658962.4748871,4.783201002283022
1789658962.4752574,3.5533010013750754
1789658962.4777575,4.992101999960141
1789658962.4781928,3.5422010005277116
1789658962.478403,3.879600997606758
1789658962.47852,6.056202000763733
1789658962.4787166,5.424701001174981
1789658962.4788685,3.6060010024812073
1789658962.4789608,4.637501002434874
1789658962.4793904,5.457101000502007
1789658962.4797068,4.815401000087149
1789658962.4810033,6.316101000265917
1789658962.4812162,2.7885999988939147
1789658962.4815705,3.8016010003047995
1789658962.4823701,3.648500998679083
1789658962.4826686,4.468601000553463
1789658962.482985,3.5893009990104474
1789658962.4835472,4.673501000070246
1789658962.4838712,5.3454010012501385
1789658962.484403,3.393400998902507
1789658962.4851236,6.157701001939131
1789658962.4853823,3.00749999951222
1789658962.4855816,4.359201997431228
1789658962.4859142,4.338901002483908
1789658962.4860327,6.321501998172607
1789658962.4863443,3.6701009994430933
1789658962.4864435,3.453500998148229
1789658962.4877563,4.203401000268059
1789658962.4881225,3.713400998094585
1789658962.488672,3.5422010005277116
1789658962.4899006,6.023302001267439
1789658962.4900827,4.0454010013490915
1789658962.4901507,3.702900998177938
1789658962.4902234,4.836402000364615
1789658962.4906595,5.073300999356434
1789658962.4907763,4.856601000938099
1789658962.4911711,3.409801000088919
1789658962.491312,4.963501000020187
1789658962.4921887,4.059500999574084
1789658962.4924223,3.7430010015668813
1789658962.4932845,3.3764999971026555
1789658962.4936883,3.0218000028980896
1789658962.4939706,3.8138010022521485
1789658962.4941537,4.0663010004209355
1789658962.4947436,3.9614009983779397
1789658962.495699,2.0000009972136468
1789658962.4960752,3.8811010017525405
1789658962.4965217,3.2308010013366584
1789658962.4966347,5.428901000414044
1789658962.4967678,5.450700999062974
1789658962.4978204,5.390501002693782
1789658962.498199,4.222201001539361
1789658962.4983482,3.5989009993500076
1789658962.4985294,4.371500999695854
1789658962.4992166,8.989101999759441
1789658962.5001426,3.614900997490622
1789658962.500384,3.609800998674473
1789658962.5008857,4.245501000696095
1789658962.5011861,5.478800998389488
1789658962.5015683,5.488201000844128
1789658962.5016117,3.7860010015720036
1789658962.5018032,3.5993999990751036
1789658962.5026617,4.1270010005973745
1789658962.5031526,3.9309010026045144
1789658962.5036361,2.445500998874195
1789658962.504535,6.181501001265133
1789658962.5047424,4.592800996761071
1789658962.505403,5.0139010018028785
1789658962.5054843,4.584801001328742
1789658962.5058208,4.247200999088818
1789658962.5065186,3.849700999126071
1789658962.5066023,4.98520199835184
1789658962.5072784,4.119001001527067
1789658962.5075684,3.9275010021810886
1789658962.5077848,5.976201999146724
1789658962.5087998,4.2579010005283635
1789658962.509058,4.3085010001959745
1789658962.5094352,3.9442009983758908
1789658962.5101476,3.619099999923492
1789658962.5104134,4.586401999404188
1789658962.5105193,3.9110010002332274
1789658962.5108194,3.534900999511592
1789658962.5117056,3.912200998456683
1789658962.5121155,6.707001997710904
1789658962.5128105,5.235800999798812
1789658962.5132327,3.0767010030103847
1789658962.513372,4.305701000703266
1789658962.5139444,3.5257000017736573
1789658962.5140898,4.647000998375006
1789658962.5142078,5.401201000495348
1789658962.5144281,3.6037009995197877
1789658962.5156882,2.311201002157759
1789658962.5165524,6.025900998793077
1789658962.5167553,3.9381009992212057
1789658962.517072,5.354500997782452
1789658962.5178432,5.722101002902491
1789658962.5180879,3.6536999978125095
1789658962.5183682,4.156401002546772
1789658962.5185094,4.414400998939527
1789658962.5186102,4.6617019979748875
1789658962.5187004,5.462902001454495
1789658962.5194812,3.787200999795459
1789658962.5209732,3.892300999723375
1789658962.5213838,4.6193009984563105
1789658962.5223372,4.487700996833155
1789658962.5224915,4.398901000968181
1789658962.5225585,6.000200999551453
1789658962.5226097,4.096201002539601
1789658962.5226743,3.9699000008113217
1789658962.5234962,5.122901999129681
1789658962.5237648,5.150200999196386
1789658962.524649,5.161601002328098
1789658962.5250819,2.5856009997369256
1789658962.525228,4.247200999088818
1789658962.525793,3.1116009995457716
1789658962.526458,5.06460099859396
1789658962.5270116,4.4458020020101685
1789658962.527561,4.946002001815941
1789658962.5277593,5.417102001956664
1789658962.5281138,4.611401000147453
1789658962.5287342,4.07750099839177
1789658962.5289042,3.671100999781629
1789658962.5295713,4.484801000216976
1789658962.5297759,6.00600099642179
1789658962.5306067,4.805701002624119
1789658962.5306518,2.531699999963166
1789658962.5315104,5.045901998528279
1789658962.5321558,5.1372009984334
1789658962.5322948,4.530901001999155
1789658962.532525,4.9596010030654725
1789658962.5332427,3.6662010024883784
1789658962.5335214,4.77900099940598
1789658962.5340195,5.102000999613665
1789658962.5345867,4.805800999747589
1789658962.5348191,4.161300999840023
1789658962.5349755,2.676100000826409
1789658962.5360353,3.5045010008616373
1789658962.5361693,5.55610200171941
1789658962.5370836,4.921201001707232
1789658962.537163,2.1833009996043984
1789658962.537654,4.4062010019843
1789658962.5379255,6.410100999346469
1789658962.538113,4.08910100304638
1789658962.5385096,3.6839010026596952
1789658962.5390885,5.562001002545003
1789658962.5393107,4.719201999250799
1789658962.5398474,3.8059010003053118
1789658962.5401165,2.4568010012444574
1789658962.5409229,4.748000999825308
1789658962.5411773,4.010001001006458
1789658962.542354,3.251600999647053
1789658962.542982,5.8893010027532
1789658962.5431838,5.065500998171046
1789658962.5432808,4.765200999827357
1789658962.5436676,5.73750200055656
1789658962.5440152,4.16190100077074
1789658962.5456142,6.295400999078993
1789658962.546124,5.194301000301493
1789658962.546438,6.315100999927381
1789658962.5464852,3.1990010029403493
1789658962.5466998,3.0279000020527747
1789658962.5468168,3.8275009974313434
1789658962.5473568,4.168000999925425
1789658962.5474827,5.115001000376651
1789658962.5480464,4.025000998808537
1789658962.5489476,7.765201997244731
1789658962.5495558,3.4248009978909977
1789658962.5497012,3.210301001672633
1789658962.549845,3.4028009977191687
1789658962.549901,4.278601001715288
1789658962.5509841,3.495900000416441
1789658962.551333,3.2815000013215467
1789658962.5515478,4.726000999653479
1789658962.5521908,4.829002002225025
1789658962.5522363,2.6744010028778575
1789658962.5524108,2.705201000935631
1789658962.554241,7.533301999501418
1789658962.554396,4.4900009997945745
1789658962.55452,3.5297009999339934
1789658962.5546734,5.721700999856694
1789658962.5549886,5.138801003340632
1789658962.5556881,4.1347010010213125
1789658962.5557573,4.420001998369116
1789658962.5560002,3.585301001294283
1789658962.5562935,4.052101001434494
1789658962.556537,4.340000999945914
1789658962.557204,2.678200999071123
1789658962.5593607,4.9527010014571715
1789658962.559654,5.404501000157325
1789658962.5598805,4.187201000604546
1789658962.5600624,4.300001000956399
1789658962.560198,5.205001998547232
1789658962.560244,5.566201998590259
1789658962.560568,4.563500999211101
1789658962.5607648,4.222400999424281
1789658962.5614905,5.192201002500951
1789658962.5620987,4.888801002380205
1789658962.562923,2.8548000009323005
1789658962.563902,4.2399010017106775
1789658962.5642345,4.03120100236265
1789658962.56435,4.10160100000212
1789658962.5645356,3.0398010021599475
1789658962.5649045,5.530401998839807
1789658962.5649686,4.395800999191124
1789658962.5652146,4.444301001058193
1789658962.5655985,5.713300997740589
1789658962.5669022,2.6609000015014317
1789658962.5673945,5.287700998451328
1789658962.5677352,3.1947999996191356
1789658962.5679436,3.589200001442805
1789658962.5684643,5.535801999940304
1789658962.5685759,3.665800999442581
1789658962.5689077,3.3047010001610033
1789658962.569441,4.220701001031557
1789658962.5696743,5.76680199810653
1789658962.5697358,4.76200100092683
1789658962.5699387,3.031600997928763
1789658962.571733,3.260600002249703
1789658962.5722218,2.4800999999570195
1789658962.572597,5.19560199973057
1789658962.5732224,3.2790009972814005
1789658962.573577,4.664300999138504
1789658962.5736144,5.033201003243448
1789658962.573657,5.917102000239538
1789658962.5740016,4.556101001071511
1789658962.5745707,6.622402001084993
1789658962.57582,6.137601001682924
1789658962.576064,3.8352010014932603
1789658962.5762951,4.553500999463722
1789658962.5769281,3.344600998389069
1789658962.5773046,4.077200999745401
1789658962.5777886,5.186301001231186
1789658962.5781486,4.485601002670592
1789658962.5789404,5.318400999385631
1789658962.5794892,3.1877010005700868
1789658962.5796657,5.090300997835584
1789658962.580032,3.9610010026081
1789658962.5805202,3.5858999981428497
1789658962.5808353,5.0078019994543865
1789658962.5810416,7.035902002826333
1789658962.5812876,3.977701002440881
1789658962.5822124,3.2632010006636847
1789658962.5826848,4.528901001322083
1789658962.5834105,3.3713010016072076
1789658962.5836864,5.891700999200111
1789658962.5837655,4.270100998837734
1789658962.5843074,4.637500998796895
1789658962.5843692,3.843600999971386
1789658962.5847535,3.9132009987952188
1789658962.5848505,3.8039009996282402
1789658962.5851302,3.8376010015781503
1789658962.5859368,3.718001000379445
1789658962.587754,3.9818010009184945
1789658962.5880291,2.8931999986525625
1789658962.5881195,3.26399999903515
1789658962.5883374,3.96360100057791
1789658962.588543,5.126901000039652
1789658962.5889776,5.286101997626247
1789658962.5890193,6.329601998004364
1789658962.5891485,4.391100999782793
1789658962.590321,4.375501001049997
1789658962.590433,6.120901998656336
1789658962.591131,2.788401001453167
1789658962.5917542,3.9908010003273375
1789658962.5920112,3.977600998041453
1789658962.5927706,3.7855000009585638
1789658962.5932999,2.9693010001210496
1789658962.5933516,4.198900998744648
1789658962.5933924,4.845102001127088
1789658962.5936384,4.614701003447408
1789658962.5943406,6.215601999429055
1789658962.5945544,4.116501000680728
1789658962.5951667,3.4028009977191687
1789658962.5956311,1.9848000010824762
1789658962.596234,5.097000997920986
1789658962.5964737,3.6961009973310865
1789658962.5968866,4.8708009999245405
1789658962.5982533,3.904500998032745
1789658962.5983725,4.975400999683188
1789658962.5988748,5.56780099941534
1789658962.5991619,5.805300999782048
1789658962.5992026,3.564601000107359
1789658962.599705,3.2269010007439647
1789658962.5997474,4.57330100107356
1789658962.6008818,6.321701002889313
1789658962.601022,2.7614999999059364
1789658962.601199,4.958700999850407
1789658962.602282,3.9047009995556436
1789658962.6027548,5.863202000909951
1789658962.6031065,3.8986009967629798
1789658962.603271,4.391700997075532
1789658962.603512,4.344901000877144
1789658962.6041617,3.1346009964181576
1789658962.6043844,4.632301002857275
1789658962.6047955,3.908301001501968
1789658962.6051295,3.926001001673285
1789658962.6052434,5.53390099958051
1789658962.6059344,3.173700999468565
1789658962.6061442,3.0332010028359946
1789658962.6071568,4.869901000347454
1789658962.6072729,3.105600997514557
1789658962.6077983,4.522800998529419
1789658962.6087599,3.623101001721807
1789658962.609427,5.907601000217255
1789658962.6098135,5.422402002295712
1789658962.6101465,5.344402001355775
1789658962.6105394,4.60010099777719
1789658962.6107419,5.494001998158637
1789658962.6117558,4.592901001160499
1789658962.6121328,5.9819010020873975
1789658962.6123333,3.5673009988386184
1789658962.6130946,5.815600998175796
1789658962.6134121,2.665700001671212
1789658962.613679,3.5260010008641984
1789658962.614014,6.209901999682188
1789658962.6142712,4.836702002648963
1789658962.6146247,4.804901000170503
1789658962.6152008,3.4396010014461353
1789658962.6153696,2.2684010000375565
1789658962.6166906,3.2647010011714883
1789658962.616817,4.67730099990149
1789658962.6168523,2.5758000010682736
1789658962.617106,6.56200100274873
1789658962.6183057,5.965601998468628
1789658962.6186075,3.977600998041453
1789658962.618894,3.5204010018787812
1789658962.6191652,5.4813009992358275
1789658962.6197693,5.751201002567541
1789658962.6198819,3.0609009991167113
1789658962.6200495,4.8435009994136635
1789658962.620505,3.648600999440532
1789658962.6210861,2.7745000006689224
1789658962.6211655,4.469700998015469
1789658962.6217055,4.594300997268874
1789658962.6231353,3.9617010006622877
1789658962.623375,4.762401000334648
1789658962.6235142,3.627901001891587
1789658962.6236582,4.760201001772657
1789658962.62439,3.87910099743749
1789658962.6250126,3.921000999980606
1789658962.6251917,4.0218009999080095
1789658962.625232,3.521300997817889
1789658962.6258645,5.807700999866938
1789658962.6268234,7.0405020014732145
1789658962.6273584,4.214700999000343
1789658962.6274176,3.7541009987762664
1789658962.627489,3.970000998378964
1789658962.627993,3.597400998842204
1789658962.6285057,5.124601000716211
1789658962.6291614,3.290101001766743
1789658962.6294475,4.429401000379585
1789658962.6301155,4.878400999587029
1789658962.6305535,3.7176010009716265
1789658962.630957,3.46280099984142
1789658962.6311505,3.786000997934025
1789658962.6319196,2.750301002379274
1789658962.63215,4.727400999399833
1789658962.632589,7.392401999823051
1789658962.6331618,5.161701003089547
1789658962.6334496,2.889899998990586
1789658962.6340895,5.5775010005163494
1789658962.634156,4.703701000835281
1789658962.634375,3.4134009983972646
1789658962.634695,2.768801001366228
1789658962.6348,4.679101999499835
1789658962.6357205,4.565701001411071
1789658962.6359155,3.7613010026689153
1789658962.6372962,4.126800999074476
1789658962.6374888,3.327701000671368
1789658962.637686,3.5914010004489683
1789658962.6381779,5.583801001193933
1789658962.6384988,3.7984009977662936
1789658962.6385314,2.806401000270853
1789658962.6387992,5.345302000932861
1789658962.6393337,4.952900999342091
1789658962.6395261,4.72110099872225
1789658962.640889,2.3521000002801884
1789658962.641615,4.311601001973031
1789658962.6419086,4.412400998262456
1789658962.6420882,3.5847999970428646
1789658962.6422367,6.315701000858098
1789658962.6426387,4.455402002349729
1789658962.643256,4.449100997589994
1789658962.6433766,4.037601000163704
1789658962.6440458,3.147801002342021
1789658962.6449907,7.296902000234695
1789658962.64526,5.728901000111364
1789658962.6459928,4.073601001437055
1789658962.6470964,4.850702000112506
1789658962.6475823,4.200100996968104
1789658962.647994,5.901201999222394
1789658962.6480615,4.797200999746565
1789658962.6481676,3.1688009985373355
1789658962.6482978,5.653300999256317
1789658962.6486878,4.63140099964221
1789658962.649269,3.268300999479834
1789658962.6501184,3.0152999970596284
1789658962.6503296,8.70880200091051
1789658962.650678,3.090800000791205
1789658962.6513867,6.119202000263613
1789658962.651631,3.6317010017228313
1789658962.6521204,3.8167009988683276
1789658962.652323,4.150800999923376
1789658962.6525934,3.9004009995551314
1789658962.6529324,4.8658010018698405
1789658962.6529963,3.7224010011414066
1789658962.6541204,2.7231000021856744
1789658962.6550744,4.738302002806449
1789658962.6551588,4.476402002183022
1789658962.6558762,3.5474010001053102
1789658962.656163,6.039701998815872
1789658962.6566815,4.083400999661535
1789658962.656765,5.1289010007167235
1789658962.6570115,2.8808009992644656
1789658962.657822,4.82000100237201
1789658962.65854,2.3704000013822224
1789658962.6593893,6.444501999794738
1789658962.6597428,3.8591010015807115
1789658962.6601167,4.9524009991728235
1789658962.6603994,5.31850100014708
1789658962.6608226,4.134900998906232
1789658962.6612828,9.153602000878891
1789658962.6619146,4.897101000096882
1789658962.662129,4.300701002648566
1789658962.6624184,2.2947000034037046
1789658962.6626985,2.948500001366483
1789658962.6627614,3.361600000062026
1789658962.6634648,6.695002000924433
1789658962.6639948,5.4474019998451695
1789658962.664588,4.1837009994196706
1789658962.6652417,3.322101001685951
1789658962.6652825,4.45470100021339
1789658962.6659682,3.2003009982872754
1789658962.6667078,4.0021010026976
1789658962.6670709,5.780000999948243
1789658962.6671896,3.7195999975665472
1789658962.6677277,5.591401997662615
1789658962.6681042,5.6782020001264755
1789658962.6682174,4.216501001792494
1789658962.6688247,4.230400998494588
1789658962.6697845,4.535201001999667
1789658962.6701443,4.855601000599563
1789658962.6706762,2.566099999967264
1789658962.6709125,4.198601000098279
1789658962.6712909,5.317200997524196
1789658962.6715543,4.359602000477025
1789658962.6717227,3.5009010025532916
1789658962.671854,4.779001999850152
1789658962.6721296,4.396300999360392
1789658962.672462,2.670500998647185
1789658962.6737978,4.965800999343628
1789658962.6744442,3.761400999792386
1789658962.6747723,4.61920100133284
1789658962.6749277,3.2000999999581836
1789658962.6750724,3.512400002364302
1789658962.6752994,4.381301001558313
1789658962.6764011,4.53940100123873
1789658962.6767771,4.308700998080894
1789658962.6772792,3.4748009966278914
1789658962.677529,5.394800999056315
1789658962.678153,3.7025010024080984
1789658962.6785028,7.2037019999697804
1789658962.6796765,4.896400998404715
1789658962.6797957,3.011800999956904
1789658962.6798725,2.3389009984384757
1789658962.6801221,5.045302001235541
1789658962.6804125,4.003301000921056
1789658962.6810336,6.1019019995001145
1789658962.681297,5.992801998218056
1789658962.6815214,4.237301000102889
1789658962.682479,3.966800999478437
1789658962.6827474,4.587601000821451
1789658962.6829557,2.538499997172039
1789658962.683404,3.603500001190696
1789658962.683796,4.113300998142222
1789658962.6849105,5.0327009994362015
1789658962.6851735,5.046900998422643
1789658962.6853974,4.357900998002151
1789658962.6856225,2.870600997994188
1789658962.685892,4.590401000314159
1789658962.686158,2.749201001279289
1789658962.686627,5.101000999275129
1789658962.6877596,5.273000999295618
1789658962.6880524,4.251202000887133
1789658962.6882992,2.895801000704523
1789658962.688364,3.447700997639913
1789658962.6885056,5.545402000279864
1789658962.6888816,3.253801001847023
1789658962.6895554,3.6577010032488033
1789658962.6902683,5.089100999612128
1789658962.690562,3.9307010010816157
1789658962.6912205,5.056501002400182
1789658962.6918855,4.11860099848127
1789658962.692752,4.239100999257062
1789658962.6930487,4.744400997878984
1789658962.6934233,5.3647009990527295
1789658962.693632,4.741700999147724
1789658962.693988,4.426800998771796
1789658962.694621,6.247001001611352
1789658962.6949887,3.7627010024152696
1789658962.6951587,4.88550099908025
1789658962.6952443,3.3535010006744415
1789658962.6961782,5.611800999758998
1789658962.6964207,3.6609009985113516
1789658962.697016,1.8506010019336827
1789658962.6975405,4.485901001316961
1789658962.6985605,3.926301000319654
1789658962.698743,5.312001001584576
1789658962.6988728,3.623600998253096
1789658962.6997685,6.131100999482442
1789658962.6999097,3.4842000022763386
1789658962.7000484,6.056201000319561
1789658962.7001998,3.1779999990249053
1789658962.7002878,5.2940010027668905
1789658962.7018757,4.328800998337101
1789658962.7020974,3.348000998812495
1789658962.703267,4.388100998767186
1789658962.7033405,3.4266010006831493
1789658962.7035313,7.348701998125762
1789658962.7036154,5.048700997576816
1789658962.7036588,3.3667009993223473
1789658962.7038202,3.615700999944238
1789658962.7038603,3.807101002166746
1789658962.7045689,4.7942019991751295
1789658962.7054706,3.589001000364078
1789658962.7060053,3.9015009970171377
1789658962.7070417,3.5045010008616373
1789658962.7073371,2.7627999988908414
1789658962.7073827,3.719601001648698
1789658962.7075334,3.708700998686254
1789658962.7076123,4.266700998414308
1789658962.7085688,4.703800997958751
1789658962.7090054,5.384701998991659
1789658962.7095325,6.258602003072156
1789658962.7103155,4.3032009998569265
1789658962.7106209,3.079701000388013
1789658962.7108612,5.385601001762552
1789658962.711002,3.6595009987649973
1789658962.7113035,3.6868009992758743
1789658962.711779,4.728001000330551
1789658962.7125633,5.175001002498902
1789658962.7128189,4.245402000378817
1789658962.7130876,4.075900997122517
1789658962.7143998,4.860501001530793
1789658962.7145576,3.928100999473827
1789658962.7146335,3.626000998337986
1789658962.7149098,4.588501000398537
1789658962.7154663,4.598900999553734
1789658962.716117,4.330800999014173
1789658962.716484,5.174800997338025
1789658962.7165194,3.426499999477528
1789658962.7170577,4.23450100061018
1789658962.7171447,4.575602000841172
1789658962.7182064,3.289801003120374
1789658962.7188807,2.7583010014495812
1789658962.718969,4.406901000038488
1789658962.7193708,4.964601001120172
1789658962.7194762,4.837501001020428
1789658962.7204103,3.8827009993838146
1789658962.7207913,5.320300999301253
1789658962.7210796,4.59060200228123
1789658962.722027,4.876301001786487
1789658962.7221577,3.2722010000725277
1789658962.7224672,3.493601001537172
1789658962.7227004,5.638100999931339
1789658962.7227912,4.578800999297528
1789658962.7236886,3.270501001679804
1789658962.7242613,4.885900998488069
1789658962.7245336,5.051200998423155
1789658962.7248774,4.081500999745913
1789658962.725267,3.2321010003215633
1789658962.726444,4.278800999600207
1789658962.7267063,3.910100997018162
1789658962.7269137,4.441700999450404
1789658962.7270339,5.949701000645291
1789658962.7283792,3.0999000009614974
1789658962.7287045,5.010000997572206
1789658962.7289174,6.212200998561457
1789658962.729839,5.298701998981414
1789658962.7301195,3.4078009994118474
1789658962.7303736,6.106602002546424
1789658962.7308037,5.921602001762949
1789658962.7312207,4.769900999235688
1789658962.7312927,2.904400997067569
1789658962.731938,5.01850100044976
1789658962.7325435,2.4176000006264076
1789658962.7326746,3.9643009986320976
1789658962.7334244,2.1978999975544866
1789658962.7334688,4.546301999653224
1789658962.733901,6.852702001197031
1789658962.7345355,4.157000999839511
1789658962.734761,3.463601002295036
1789658962.7358942,5.084401000203798
1789658962.7360814,4.138401000091108
1789658962.7362175,3.6693010006274562
1789658962.736429,6.584101000044029
1789658962.73658,3.900301002431661
1789658962.7367036,3.2292000032612123
1789658962.7367945,3.3639009998296387
1789658962.7383003,4.393801002152031
1789658962.7385824,3.8169010003912263
1789658962.739626,3.724401001818478
1789658962.7399068,5.366400997445453
1789658962.7404127,3.977700998802902
1789658962.7405853,4.363400999864098
1789658962.7407565,4.047600999911083
1789658962.7408218,4.735701000754489
1789658962.7410576,4.472601001907606
1789658962.7414236,3.1178999997791834
1789658962.7417095,4.9108009989140555
1789658962.7424586,3.870601001835894
1789658962.7437599,4.124301001866115
1789658962.7439394,4.025801001262153
1789658962.7449331,4.3339009971532505
1789658962.7453258,4.499501003010664
1789658962.7454517,4.023001001769444
1789658962.7455533,5.134500999702141
1789658962.7457447,4.983601000276394
1789658962.7464585,4.744301000755513
1789658962.7470167,4.550200999801746
1789658962.7471745,6.111501999839675
1789658962.7473168,3.5499010009516496
1789658962.7489192,3.9723010013403837
1789658962.7492638,5.319201001839247
1789658962.749409,3.659401001641527
1789658962.74952,2.497000001312699
1789658962.749769,4.312901000957936
1789658962.7499683,4.6376009995583445
1789658962.7509227,3.742701002920512
1789658962.751304,5.745402002503397
1789658962.7518935,2.480000999639742
1789658962.7521775,4.854300997976679
1789658962.7529497,3.6802009999519214
1789658962.7531693,3.3962009983952157
1789658962.7535493,7.082800999341998
1789658962.7538912,4.365901000710437
1789658962.754268,5.342601998563623
1789658962.7544975,3.568200998415705
1789658962.7550306,2.847301002475433
1789658962.7551253,5.152401998202549
1789658962.7564118,5.099100999359507
1789658962.7564776,3.3037009998224676
1789658962.757304,3.7470010029210243
1789658962.7578716,3.5972999976365827
1789658962.7579553,6.056800997612299
1789658962.7582078,5.25330099844723
1789658962.7585313,4.02900100016268
1789658962.7587152,4.818802000954747
1789658962.759011,3.976100997533649
1789658962.759699,3.2777010019344743
1789658962.7599394,4.809701000340283
1789658962.760744,4.260401001374703
1789658962.7621737,4.858500997215742
1789658962.7623782,3.3619009991525672
1789658962.7625906,3.870600998197915
1789658962.7629113,4.951302002154989
1789658962.7638748,5.9967019988107495
1789658962.7639441,5.40820099922712
1789658962.7641003,4.393601000629133
1789658962.7643855,6.173702000523917
1789658962.7649066,4.961900998750934
1789658962.765083,4.331901000114158
1789658962.7665458,3.6297010010457598
1789658962.7665846,4.401602000143612
1789658962.7674477,3.497500998491887
1789658962.7674992,5.115701002068818
1789658962.7676163,3.5114010024699382
1789658962.7683227,4.443301000719657
1789658962.7684371,3.525101001287112
1789658962.7691464,6.549100999109214
1789658962.7693846,4.994800998247229
1789658962.7697349,4.646900997613557
1789658962.7703476,2.8929000000061933
1789658962.7703915,3.803100000368431
1789658962.7705486,3.9973999992071185
1789658962.7714415,3.113500999461394
1789658962.7716997,4.078800997376675
1789658962.772686,2.945500997157069
1789658962.7729023,3.511301001708489
1789658962.773045,5.541200996958651
1789658962.774036,3.681201000290457
1789658962.7741442,4.992401001800317
1789658962.7748418,6.399501999112545
1789658962.7750297,3.324500998132862
1789658962.7753906,2.4827009983710013
1789658962.775878,4.430001001310302
1789658962.7765841,6.02570199771435
1789658962.7771697,6.769701998564415
1789658962.7777758,5.077000998426229
1789658962.7781382,5.086800996650709
1789658962.778311,4.267700998752844
1789658962.778951,4.799702001037076
1789658962.779301,2.705500999582
1789658962.7800436,5.005800998333143
1789658962.7805257,5.677501001628116
1789658962.781167,3.9891009982966352
1789658962.7812488,5.851301000802778
1789658962.7814846,3.6993009998695925
1789658962.7815475,5.661600996972993
1789658962.7821844,3.8671010006510187
1789658962.7824965,3.189400002156617
1789658962.7830791,4.122500999073964
1789658962.7831411,4.996902000129921
1789658962.7841828,2.6290009991498664
1789658962.7842755,3.7441009990288876
1789658962.7846372,3.1471010006498545
1789658962.784943,4.89290099721984
1789658962.7853112,4.05800099906628
1789658962.785634,3.44350099840085
1789658962.7860858,3.5848010011250153
1789658962.7862012,5.028100997151341
1789658962.7864964,3.351000003021909
1789658962.7873023,4.218200996547239
1789658962.7889078,4.717501000413904
1789658962.7891965,4.916001002129633
1789658962.7892895,4.3408009987615515
1789658962.789426,3.7865010017412715
1789658962.7900674,3.5658010019687936
1789658962.7902808,5.638400998577708
1789658962.790348,5.032401000789832
1789658962.7905154,4.425000999617623
1789658962.7906759,4.470301002584165
1789658962.7907531,3.446099999564467
1789658962.7929912,3.693300997838378
1789658962.793315,3.2408009974460583
1789658962.7935195,4.088701000000583
1789658962.793967,5.050801002653316
1789658962.7941267,3.8414010014093947
1789658962.7941604,3.640101000200957
1789658962.7942483,3.8964009982009884
1789658962.7950304,5.827901000884594
1789658962.7952743,4.5939010014990345
1789658962.7956598,4.902501998003572
1789658962.7962685,2.9476009985955898
1789658962.7968678,2.7027010000892915
1789658962.7978053,3.6722009972436354
1789658962.7980332,5.034900997998193
1789658962.798125,4.600101001415169
1789658962.7983012,4.328201001044363
1789658962.7984788,3.1990009993023705
1789658962.799609,5.355601999326609
1789658962.7999494,4.28300099883927
1789658962.8004363,5.398502002208261
1789658962.8008816,4.604800997185521
1789658962.8019047,3.5976010003651027
1789658962.8020327,5.159501000889577
1789658962.80219,2.575599999545375
1789658962.8022382,3.7544010010606144
1789658962.8025753,4.763900997204473
1789658962.8030515,5.014100999687798
1789658962.8043616,4.403000999445794
1789658962.804742,3.8525010022567585
1789658962.805115,4.672100996685913
1789658962.8052266,3.315801001008367
1789658962.805867,7.7374020002025645
1789658962.8060548,4.017900999315316
1789658962.806402,4.206600999168586
1789658962.8067365,4.156900999078061
1789658962.8068912,3.8355010001396295
1789658962.8073347,5.091800998343388
1789658962.8075907,3.2208000011451077
1789658962.8084834,3.2514009981241543
1789658962.8086445,3.524300998833496
1789658962.8091629,4.41100100215408
1789658962.8098943,3.4838009996747132
1789658962.8102307,4.358201000286499
1789658962.8114994,5.435000999568729
1789658962.8117764,2.5950999988708645
1789658962.8121736,5.276001997117419
1789658962.8127604,4.271401001460617
1789658962.8128211,4.170701002294663
1789658962.8130596,3.1585010001435876
1789658962.8132493,5.909602001338499
1789658962.8138785,7.1372019992850255
1789658962.8140397,6.443301997933304
1789658962.814379,2.8718009998556226
1789658962.8152702,5.032501001551282
1789658962.8159606,4.177800998149905
1789658962.8160493,3.2232999983534683
1789658962.8162022,3.1378009989566635
1789658962.8173184,5.136101000971394
1789658962.8176105,4.3562009996094275
1789658962.8182745,4.229901001963299
1789658962.8184104,4.52730100005283
1789658962.8187609,4.3777010032499675
1789658962.8190691,6.304400998487836
1789658962.8192263,3.950400998292025
1789658962.820257,4.2892020028375555
1789658962.8206687,3.053401000215672
1789658962.821014,4.959302001225296
1789658962.8211272,3.802500999881886
1789658962.821252,5.043801000283565
1789658962.8230195,3.785101001994917
1789658962.8231366,4.370700997242238
1789658962.8237145,3.451099997619167
1789658962.824088,5.807600999105489
1789658962.8241625,5.747801002144115
1789658962.824349,5.27510099709616
1789658962.8245869,3.9126009978645016
1789658962.8249612,3.829601002507843
1789658962.8250873,4.068800997629296
1789658962.8257494,2.7218010000069626
1789658962.827376,3.6530010002024937
1789658962.8276563,3.0633999995188788
1789658962.8278763,3.7083010029164143
1789658962.828193,5.051500997069525
1789658962.82823,3.877000999636948
1789658962.8291464,4.0532009988965
1789658962.829463,4.497201000049245
1789658962.8297293,5.635501998767722
1789658962.8298292,8.57100199937122
1789658962.830249,4.492500997002935
1789658962.8312116,3.548100998159498
1789658962.8312762,3.8920010010770056
1789658962.8317327,3.850700999464607
1789658962.8319745,2.5067999995371792
1789658962.8320203,3.7857009992876556
1789658962.8338027,4.649701000744244
1789658962.8339133,5.7153019988618325
1789658962.8343666,4.531201000645524
1789658962.83441,4.676001000916585
1789658962.8345115,3.2309010020981077
1789658962.8346694,3.452700999332592
1789658962.8356209,3.8827009993838146
1789658962.835855,5.601701002888149
1789658962.8365476,4.521300998021616
1789658962.8369823,3.1733010000607464
1789658962.8371665,3.248200999223627
1789658962.8373578,2.841700999852037
1789658962.8374665,5.487701997481054
1789658962.8385878,4.170701002294663
1789658962.8396957,5.02090100053465
1789658962.8399994,4.372800998680759
1789658962.8400555,5.6848009990062565
1789658962.8405497,3.5616000022855587
1789658962.841075,5.2153020005789585
1789658962.8411996,4.645402001187904
1789658962.8412592,4.087800996785518
1789658962.8413777,4.0141009994840715
1789658962.842141,4.6676010024384595
1789658962.8425198,2.8182009991724044
1789658962.8430727,4.479101000470109
1789658962.8448653,4.799400998308556
1789658962.84531,4.228701000101864
1789658962.8454206,4.2163010002695955
1789658962.8455641,5.559802000789205
1789658962.8456516,4.269301000022097
1789658962.8457224,5.168102001334773
1789658962.8457892,3.641101000539493
1789658962.8469224,4.3978009998681955
1789658962.8469875,5.723901002056664
1789658962.847284,4.205001001537312
1789658962.8481746,3.2986010010063183
1789658962.84948,3.820800997345941
1789658962.8498178,4.248500998073723
1789658962.8503716,4.946001001371769
1789658962.850645,3.717400999448728
1789658962.8507912,5.064200999186141
1789658962.8509269,5.133401002240134
1789658962.8509917,3.703100999700837
1789658962.8520381,2.5495000008959323
1789658962.8520854,3.9062010000634473
1789658962.852206,5.214101001911331
1789658962.85227,6.953700998565182
1789658962.8539636,3.312001001177123
1789658962.8544695,4.092400999070378
1789658962.854537,4.714301001513377
1789658962.854607,3.8117010008136276
1789658962.854825,3.8935010015848093
1789658962.8554275,3.1513009998889174
1789658962.8558395,3.7477009973372333
1789658962.8559997,3.788500998780364
1789658962.856467,5.469800998980645
1789658962.8569067,4.862801000854233
1789658962.857456,3.4855010017054155
1789658962.8587325,4.107101001864066
1789658962.8594608,4.913800999929663
1789658962.8598096,3.9608010010852013
1789658962.8603697,5.5386010026268195
1789658962.8607757,4.30230100027984
1789658962.8611116,5.106200998852728
1789658962.8612576,6.781800999306142
1789658962.8616223,4.159400999924401
1789658962.861869,6.435502000385895
1789658962.8627763,2.40050100182998
1789658962.8632784,6.365201999869896
1789658962.863826,5.075301000033505
1789658962.8639235,4.4537009998748545
1789658962.8641284,2.4978000001283363
1789658962.8652802,4.497500998695614
1789658962.8658977,4.776901998411631
1789658962.8660498,4.1755010024644434
1789658962.8662539,3.4719010000117123
1789658962.8665457,3.261200999986613
1789658962.8670309,7.215001998702064
1789658962.8671753,3.2474009967700113
1789658962.867632,6.36930199834751
1789658962.8679872,4.156000999500975
1789658962.8685253,4.391501002828591
1789658962.8686676,2.76319999829866
1789658962.8704443,5.153701997187454
1789658962.8707118,4.6572009996452834
1789658962.8711493,3.5117010011163075
1789658962.871504,4.3236009987595025
1789658962.871643,2.9706009991059545
1789658962.8717325,5.473400997288991
1789658962.8722906,5.25570099853212
1789658962.872357,4.365401000541169
1789658962.8724368,3.907001002517063
1789658962.8727267,6.173701000079745
1789658962.8732047,2.7506000005814712
1789658962.8742378,2.4999009983730502
1789658962.874463,3.746300997590879
1789658962.87543,3.7699010026699398
1789658962.8756318,3.335901001264574
1789658962.8757288,4.572800997266313
1789658962.8762963,4.784200998983579
1789658962.8772416,4.797100998985115
1789658962.8775506,4.8175009978876915
1789658962.8777318,5.3692009969381616
1789658962.8787842,3.334500997880241
1789658962.8788638,5.651401999784866
1789658962.8797686,4.131300996959908
1789658962.8800926,5.849600998772075
1789658962.8803318,4.028500999993412
1789658962.8813734,5.6379009984084405
1789658962.8814802,4.231200997310225
1789658962.8819346,7.4671010006568395
1789658962.8819988,4.443200999958208
1789658962.8821533,3.282099998614285
1789658962.8822901,4.553101996862097
1789658962.8831031,3.0042010002944153
1789658962.883394,4.600701002345886
1789658962.8837974,4.023600999062182
1789658962.8841968,3.859800999634899
1789658962.8850794,3.593200999603141
1789658962.8854005,4.020501000923105
1789658962.8856165,3.613000997575
1789658962.885677,3.38269999701879
1789658962.887049,3.24280099812313
1789658962.887402,4.292100999009563
1789658962.8876204,4.222201001539361
1789658962.8877354,5.576801999268355
1789658962.8881316,3.9307010010816157
1789658962.8888483,3.7640010014001746
1789658962.8896008,7.6612019984168
1789658962.8901894,4.566800998873077
1789658962.8904443,4.7621009980503
1789658962.890733,3.107801003352506
1789658962.891006,3.59820100129582
1789658962.8911018,5.697101998521248
1789658962.8912182,2.3654010001337156
1789658962.8913805,4.32420099969022
1789658962.8918157,4.075800999999046
1789658962.8920612,3.9242009988811333
1789658962.8943286,4.7195010010909755
1789658962.8944018,3.178999999363441
1789658962.8952286,4.774101998918923
1789658962.8954096,4.6710009992239065
1789658962.8955762,5.381801998737501
1789658962.8959525,4.9410009996790905
1789658962.8964863,4.666300999815576
1789658962.8965192,5.134400998940691
1789658962.8968165,4.7492010016867425
1789658962.8974597,6.350900999677833
1789658962.897654,3.247100998123642
1789658962.8981776,2.9402999971352983
1789658962.8983722,2.9577000022982247
1789658962.8984356,4.100701000425033
1789658962.9005358,4.57570100115845
1789658962.9005954,4.10410099721048
1789658962.9008758,3.2167009994736873
1789658962.9012814,4.45950100038317
1789658962.9013305,4.807201003131922
1789658962.90164,3.457301001617452
1789658962.902599,5.131300997163635
1789658962.9029155,4.475402001844486
1789658962.9029806,7.39970200083917
1789658962.903561,2.9597009997814894
1789658962.904116,3.5742010004469194
1789658962.9043806,3.500001002976205
1789658962.9047408,6.364701999700628
1789658962.905411,4.075500997714698
1789658962.906234,4.947101002471754
1789658962.9065983,3.994601000158582
1789658962.9075978,4.676800999732222
1789658962.9077504,6.106201999500627
1789658962.907921,3.535701001965208
1789658962.9080868,2.670301000762265
1789658962.9085963,4.474901001231046
1789658962.908711,5.144101000041701
1789658962.9091053,6.117700999311637
1789658962.9095979,4.85160099924542
1789658962.9097579,3.1547010003123432
1789658962.9099405,3.694701001222711
1789658962.9109883,3.231399998185225
1789658962.9118843,3.9566009982081596
1789658962.9121177,3.004100999532966
1789658962.91268,5.076000998087693
1789658962.913002,4.911001000436954
1789658962.9131,3.3373010010109283
1789658962.9135816,4.979401001037331
1789658962.9143467,4.3938009985140525
1789658962.9147067,2.816199998051161
1789658962.9152634,6.546700999024324
1789658962.9155014,2.494101001502713
1789658962.9160237,6.420102003175998
1789658962.9162621,2.6749009994091466
1789658962.9165964,4.474700999708148
1789658962.9167988,2.4456009996356443
1789658962.9169698,5.975902000500355
1789658962.917138,4.033100998640293
1789658962.9184415,5.7558009975764435
1789658962.9186568,3.1495000002905726
1789658962.9193323,3.0643999998574145
1789658962.9194977,4.786501998751191
1789658962.9198425,4.574001999571919
1789658962.9201107,4.082301002199529
1789658962.9206855,3.8816009982838295
1789658962.9210885,4.487601003347663
1789658962.921677,4.524600997683592
1789658962.9220054,3.5584010001912247
1789658962.9222395,5.26540099963313
1789658962.9231226,3.0073000016273
1789658962.9234147,4.07470100253704
1789658962.9239185,5.257102002360625
1789658962.9244096,4.906000998744275
1789658962.9246624,4.813601000932977
1789658962.9249983,4.308401003072504
1789658962.9255877,3.3413010023650713
1789658962.9265783,4.886300997895887
1789658962.9270852,5.990801000734791
1789658962.9273694,4.241601000103401
1789658962.9281242,6.1083020009391475
1789658962.928462,4.5380010014923755
1789658962.9287574,4.089001002284931
1789658962.9288158,5.395801999839023
1789658962.929159,4.138700998737477
1789658962.929437,2.8522009997686837
1789658962.9300997,5.683000999852084
1789658962.930634,5.038300998421619
1789658962.9313054,3.171799999108771
1789658962.9315338,4.442901001311839
1789658962.9325485,3.384400999493664
1789658962.9326944,4.226501001539873
1789658962.933098,4.334500998083968
1789658962.9331906,3.7494009993679356
1789658962.9334495,4.629401002603117
1789658962.9340127,6.638102000579238
1789658962.9342124,3.573600999516202
1789658962.9349353,3.6235010011296254
1789658962.9351435,5.0393009987601545
1789658962.9358423,3.28819999776897
1789658962.9362414,4.701702000602381
1789658962.9375374,4.836700998566812
1789658962.9376872,3.6686009989352897
1789658962.9378533,4.399301000375999
1789658962.9379761,2.828100998158334
1789658962.938603,4.385201002151007
1789658962.9389453,5.842800997925224
1789658962.9393203,3.472601001703879
1789658962.93973,4.789000999153359
1789658962.9399931,6.798001002607634
1789658962.940536,4.286700997909065
1789658962.940806,2.825001000019256
1789658962.9413447,3.486100998998154
1789658962.9416087,4.06510100219748
1789658962.9418297,4.136700998060405
1789658962.942445,3.494100998068461
1789658962.9425948,3.270401000918355
1789658962.942772,2.2269999972195365
1789658962.9433832,4.772100997797679
1789658962.943788,1.336299999820767
1789658962.944253,1.6528009982721414
1789658962.9445887,2.973601000121562
1789658962.9450772,3.724900998349767
1789658962.945919,5.103601000882918
1789658962.946326,6.587402000150178
1789658962.9465654,3.7876009992032778
1789658962.9466999,4.862600999331335
1789658962.9470677,3.677700999105582
1789658962.9480872,3.8263000024016947
1789658962.9483774,8.378402999369428
1789658962.9488711,3.7849010004720185
1789658962.949887,5.291100998874754
1789658962.950045,6.250401998840971
1789658962.9501123,3.779201000725152
1789658962.950246,3.5406009992584586
1789658962.950392,3.821800997684477
1789658962.9505372,2.4438010004814714
1789658962.9517963,3.412199999729637
1789658962.9520495,6.123700997704873
1789658962.9533098,2.910601000621682
1789658962.9534352,6.36180199944647
1789658962.9537108,3.5938010005338583
1789658962.9540246,4.131101002712967
1789658962.9542332,3.9826009997341316
1789658962.9543445,4.294801001378801
1789658962.9544535,2.65220100118313
1789658962.9545114,5.633600998407928
1789658962.9547486,4.207201000099303
1789658962.9572232,3.191700998286251
1789658962.9575331,4.216400997393066
1789658962.9575868,5.532301998755429
1789658962.9581163,3.8787009980296716
1789658962.9581604,4.444201000296744
1789658962.958437,3.920900999219157
1789658962.9585223,4.064200998982415
1789658962.9585924,4.243701001541922
1789658962.9586504,5.210201001318637
1789658962.960173,2.940799997304566
1789658962.9603345,5.581001001701225
1789658962.9613633,3.23780100006843
1789658962.9616973,3.252401002100669
1789658962.962178,3.5763009982474614
1789658962.9622896,3.7634010004694574
1789658962.962678,4.022700999485096
1789658962.9629207,4.7555009987263475
1789658962.9631338,2.9544009994424414
1789658962.963936,6.397100998583483
1789658962.9640706,6.479101000877563
1789658962.9641557,3.8167009988683276
1789658962.9656942,3.985900999396108
1789658962.9660077,4.637301000911975
1789658962.966541,3.4012010000878945
1789658962.9668446,4.550600999209564
1789658962.967121,4.93370100230095
1789658962.9677367,2.0320000003266614
1789658962.9678297,3.669500998512376
1789658962.9685452,5.862300997250713
1789658962.9687653,5.839101002493408
1789658962.969019,5.078101999970386
1789658962.9690905,5.015702001401223
1789658962.969843,3.296201000921428
1789658962.9703898,3.539700999681372
1789658962.9716802,4.551501002424629
1789658962.971789,3.954400999646168
1789658962.9721785,6.165800998132909
1789658962.972704,3.9338010028586723
1789658962.9728136,5.071400999440812
1789658962.9732444,4.1487009984848555
1789658962.973803,4.778900998644531
1789658962.9738348,3.987201002018992
1789658962.9739795,3.58390099790995
1789658962.9741874,5.637501999444794
1789658962.976098,3.3604010022827424
1789658962.9767094,5.022501001803903
1789658962.9770403,4.221500999847194
1789658962.9773605,5.564201997913187
1789658962.9777045,5.521002000023145
1789658962.978029,4.189601000689436
1789658962.9782789,4.294100999686634
1789658962.9787166,4.523601000983035
1789658962.979617,3.5096009996777866
1789658962.9796991,5.891700999200111
1789658962.980042,6.792901000153506
1789658962.981019,2.7334000005794223
1789658962.9812872,4.57110099887359
1789658962.9814806,2.7584009985730518
1789658962.9817095,4.000401000666898
1789658962.9822857,4.250900998158613
1789658962.982541,5.1729010010603815
1789658962.983244,3.5390010016271845
1789658962.9834292,6.382802002917742
1789658962.9839263,4.304000998672564
1789658962.984486,3.4619010002643336
1789658962.9850507,5.002901001716964
1789658962.985622,4.1357009977218695
1789658962.9859788,4.264601000613766
1789658962.9861927,4.9002019986801315
1789658962.9862523,3.706900999532081
1789658962.9878354,3.343101001519244
1789658962.9880438,5.750001000706106
1789658962.9882896,4.855601000599563
1789658962.9884677,2.8400000010151416
1789658962.988584,4.652501000236953
1789658962.9890518,5.802200998004992
1789658962.989214,2.957300002890406
1789658962.989516,4.459801002667518
1789658962.9903064,4.10880100025679
1789658962.9909713,4.987601001630537
1789658962.9920447,2.521301001252141
1789658962.9923475,4.296900999179343
1789658962.9923904,4.095600997970905
1789658962.9927034,4.86130100034643
1789658962.9929676,4.3785010020656046
1789658962.9932973,4.824400999495992
1789658962.9942431,5.183901997952489
1789658962.9947505,4.436301001987886
1789658962.9949303,5.711202000384219
1789658962.995022,4.045301000587642
1789658962.9957023,3.3484009982203133
1789658962.9959688,3.9153010002337396
1789658962.9965885,3.877201001159847
1789658962.9968972,3.9251009984582197
1789658962.997252,2.3138999968068674
1789658962.997547,4.244501000357559
1789658962.9985218,6.126101998233935
1789658962.998709,4.460500997083727
1789658962.9993072,4.54680099937832
1789658962.999841,4.13320099687553
1789658963.0000048,4.0311010016012006
1789658963.0001142,5.084701002488146
1789658963.000754,3.2023010026023258
1789658963.0008929,3.635301000031177
1789658963.001224,4.630800998711493
1789658963.0014157,4.514200998528395
1789658963.0025625,4.032700999232475
1789658963.0031307,3.0106010017334484
1789658963.0038257,4.5128009987820406
1789658963.0040932,3.3339010005875025
1789658963.004234,4.388001001643715
1789658963.0045784,3.152000997943105
1789658963.0051568,5.146501000126591
1789658963.0053496,4.4524010008899495
1789658963.0053952,6.682101000478724
1789658963.0060115,4.782100997545058
1789658963.0061848,3.616000998590607
1789658963.0083263,3.1625010014977306
1789658963.0086894,4.099600999325048
1789658963.0088184,5.682900999090634
1789658963.0092034,5.104501000460004
1789658963.0093944,5.5635010030528065
1789658963.0096962,3.679601002659183
1789658963.0098479,5.60870100161992
1789658963.009999,4.599501000484452
1789658963.0103173,4.1283009995822795
1789658963.0113251,5.969601999822771
1789658963.011939,3.116001000307733
1789658963.0125775,3.3649010001681745
1789658963.0129864,2.9823010008840356
1789658963.0131888,4.491600997425849
1789658963.0135362,4.134000999329146
1789658963.0140982,5.7638010002847295
1789658963.0144954,4.173700999672292
1789658963.0150378,5.184202000236837
1789658963.0151749,5.47380200077896
1789658963.0154707,2.8864010018878616
1789658963.0162733,4.942001000017626
1789658963.016845,3.3021010021911934
1789658963.01728,4.086401000677142
1789658963.0175016,2.4588999986008275
1789658963.0180564,3.9503010011685546
1789658963.0183668,3.8668000015604775
1789658963.018443,6.498900998849422
1789658963.0190861,6.093701998906909
1789658963.0194538,3.9765010005794466
1789658963.0196526,2.8029009990859777
1789658963.0206413,5.459400999825448
1789658963.0206833,4.405301002407214
1789658963.0213008,4.016101000161143
1789658963.0215268,4.018900999653852
1789658963.0219789,3.9158010004030075
1789658963.022544,4.1723009999259375
1789658963.0230024,3.9115010004024953
1789658963.0231175,4.669902002206072
1789658963.023542,2.2355010005412623
1789658963.023648,3.990900997450808
1789658963.0238743,4.413900998770259
1789658963.0243747,3.7276010007190052
1789658963.0259376,4.402401002153056
1789658963.026195,3.186699999787379
1789658963.0263085,5.619800998829305
1789658963.0272105,4.660701997636352
1789658963.0272713,4.1490010007692035
1789658963.0275033,3.6235010011296254
1789658963.0284724,4.920200997730717
1789658963.0287778,6.793201999244047
1789658963.0294592,5.805300999782048
1789658963.0300672,4.121600999496877
1789658963.0301015,3.7870009982725605
1789658963.0302575,2.749099996435689
1789658963.0303936,4.193800999928499
1789658963.031073,3.797501001827186
1789658963.0316565,7.27650199769414
1789658963.03172,2.937000997917494
1789658963.032657,4.173701003310271
1789658963.0327797,5.563601000176277
1789658963.0333953,3.929001002688892
1789658963.0337386,3.6657009986811318
1789658963.0341237,4.017601000668947
1789658963.0342267,3.965001000324264
1789658963.0342727,3.194900000380585
1789658963.035085,3.4234999984619208
1789658963.0351543,3.429401000175858
1789658963.035351,4.953202002070611
1789658963.036924,4.138200998568209
1789658963.0369868,3.585201000532834
1789658963.0375514,3.807801000220934
1789658963.038171,3.8933010000619106
1789658963.0387485,4.618401002517203
1789658963.0388818,4.650101000152063
1789658963.0393882,4.297301999031333
1789658963.039533,1.9764009994105436
1789658963.0398495,2.8567010012920946
1789658963.0402067,5.047900998761179
1789658963.0404973,5.14180100071826
1789658963.0408967,3.967100998124806
1789658963.0410135,8.352002001629444
1789658963.0429025,3.503499996440951
1789658963.0431583,4.981500998837873
1789658963.0434248,4.67060200026026
1789658963.0439813,3.767001002415782
1789658963.0443158,4.460501000721706
1789658963.045392,6.5023019997170195
1789658963.0455246,5.98630099921138
1789658963.0462232,5.720801000279607
1789658963.0465171,5.615201000182424
1789658963.046666,3.7532010028371587
1789658963.0469294,3.7661009992007166
1789658963.0471773,6.159501001093304
1789658963.0476024,3.2819010011735372
1789658963.0478792,4.449501000635792
1789658963.0482476,4.259101002389798
1789658963.0485115,2.982701000291854
1789658963.0499644,3.0286010005511343
1789658963.0503128,4.912601001706207
1789658963.0512822,4.757500999403419
1789658963.0515118,4.837901000428246
1789658963.05172,3.467901002295548
1789658963.0517905,4.18380100018112
1789658963.0519357,4.753702000016347
1789658963.0523615,4.477500999200856
1789658963.0524514,6.223701999260811
1789658963.0527759,4.260301000613254
1789658963.0539234,3.6039010010426864
1789658963.0549748,5.0017009998555295
1789658963.055072,3.3471999995526858
1789658963.0555696,4.051501000503777
1789658963.0556307,4.341701001976617
1789658963.0556643,3.208899997844128
1789658963.05578,3.984801001934102
1789658963.0564673,3.6861010012216866
1789658963.057316,4.947801000525942
1789658963.057522,3.590501000871882
1789658963.0578954,5.954700998699991
1789658963.0589132,3.1242999975802377
1789658963.0594375,4.357600999355782
1789658963.0598083,4.172700999333756
1789658963.0600243,3.5522010002750903
1789658963.0600696,5.089001999294851
1789658963.060719,5.049301998951705
1789658963.0610123,5.437402000097791
1789658963.0613952,3.8667009976052213
1789658963.062403,3.4801009969669394
1789658963.0627658,2.9515010028262623
1789658963.0629294,2.900499999668682
1789658963.0633867,5.486401001689956
1789658963.0636709,4.22730100035551
1789658963.0638974,6.575300998520106
1789658963.064595,4.52010099979816
1789658963.0650332,4.308900999603793
1789658963.0654066,4.003701000328874
1789658963.0658236,4.805600998224691
1789658963.065944,3.173401000822196
1789658963.0661404,3.731200999027351
1789658963.0670125,4.078101002960466
1789658963.0671325,3.7409010001283605
1789658963.0685706,4.667601999244653
1789658963.0686696,4.069500999321463
1789658963.0693634,3.950901002099272
1789658963.0697224,6.045602000085637
1789658963.070021,4.982500999176409
1789658963.0705116,4.36550099766464
1789658963.0708978,3.879300998960389
1789658963.071182,2.508100002160063
1789658963.0714626,5.514300999493571
1789658963.0716565,4.519500998867443
1789658963.0727308,3.3615009997447487
1789658963.0727715,4.195500998321222
1789658963.0729892,7.16030200055684
1789658963.0737538,2.8508010000223294
1789658963.0744047,4.378400997666176
1789658963.0746179,4.887901002803119
1789658963.0749214,3.2591009985480923
1789658963.075384,4.191101001197239
1789658963.0757992,5.282301000988809
1789658963.0759988,3.262199999880977
1789658963.07673,3.9514010022685397
1789658963.0773134,5.843502000061562
1789658963.078013,3.601901000365615
1789658963.0783484,4.588400999637088
1789658963.0785162,2.7110010014439467
1789658963.078798,4.174801000772277
1789658963.0791566,6.161701003293274
1789658963.079666,4.2708010005299
1789658963.0802794,4.275000999768963
1789658963.080797,4.059601000335533
1789658963.0810044,6.078202000935562
1789658963.0817451,4.422600999532733
1789658963.0823178,3.7952009988657665
1789658963.0826125,4.593101002683397
1789658963.083127,4.773300999659114
1789658963.083544,4.380900998512516
1789658963.0841255,4.453401001228485
1789658963.0842965,4.012600998976268
1789658963.084381,5.577900999924168
1789658963.0850537,4.252200997143518
1789658963.0853736,3.622601001552539
1789658963.085508,4.499201000726316
1789658963.0866723,3.538901000865735
1789658963.087252,4.632800999388564
1789658963.0876386,2.258500000607455
1789658963.0881937,3.1350999997812323
1789658963.0885177,4.968500998074887
1789658963.0886467,6.32270099958987
1789658963.0888443,4.457601997273741
1789658963.089184,5.053202003182378
1789658963.0894444,2.1873010009585414
1789658963.0901332,3.4536009989096783
1789658963.0907815,5.2672009987873025
1789658963.090938,6.637302001763601
1789658963.0914383,3.794800999457948
1789658963.0921836,3.656801000033738
1789658963.093179,4.522502000327222
1789658963.0938528,5.00150100197061
1789658963.093988,4.538400997262215
1789658963.0942645,5.074501001217868
1789658963.0944674,4.327400998590747
1789658963.0948665,3.9230010006576777
1789658963.0951214,4.334401000960497
1789658963.0956445,3.4515010011091363
1789658963.096312,8.112202001939295
1789658963.0967672,1.6405000023951288
1789658963.097276,5.832501999975648
1789658963.097521,3.5279010007798206
1789658963.0977445,3.473100998235168
1789658963.0983574,4.498801001318498
1789658963.0986469,5.4593009990639985
1789658963.0987093,3.83780099946307
1789658963.0987797,4.306400998757454
1789658963.099967,3.6479010013863444
1789658963.1001995,2.918499998486368
1789658963.1004627,4.813001000002259
1789658963.1015804,4.0523010029573925
1789658963.1022964,5.523502000869485
1789658963.102649,4.90000100035104
1789658963.1026824,4.03130099948612
1789658963.1027722,3.9882010023575276
1789658963.1029058,4.192401000182144
1789658963.1043375,5.9747009981947485
1789658963.1044781,2.891999996791128
1789658963.1047437,4.275801002222579
1789658963.1048942,4.922101001284318
1789658963.1053011,5.096900997159537
1789658963.105913,3.258200998971006
1789658963.105987,3.68540099952952
1789658963.1067243,3.9458009996451437
1789658963.106918,4.007600997283589
1789658963.1076705,4.982600999937858
1789658963.1079667,3.6243009999452624
1789658963.1084445,3.137900999718113
1789658963.1086488,3.8993009984551463
1789658963.1090667,4.582600999128772
1789658963.1092303,4.331200998421991
1789658963.1096852,2.7594010025495663
1789658963.1100237,4.104301002371358
1789658963.1108134,4.821300997718936
1789658963.1110246,2.5747009967744816
1789658963.1111786,3.5021010007767472
1789658963.1125317,2.8378999995766208
1789658963.11274,3.665501000796212
1789658963.1128898,4.918201000691624
1789658963.1132765,4.041101001348579
1789658963.113718,6.986001997574931
1789658963.1141841,5.529401998501271
1789658963.1150908,5.061501000454882
1789658963.1153805,4.561501002172008
1789658963.1157594,4.574100999889197
1789658963.116402,2.679199998965487
1789658963.1165237,3.6288010014686733
1789658963.117213,6.182700999488588
1789658963.1174393,4.693601000326453
1789658963.1177223,3.533600000082515
1789658963.1179042,5.3655019983125385
1789658963.118131,4.849501998251071
1789658963.1186101,3.2253009994747117
1789658963.1191697,4.074200998729793
1789658963.1204553,4.047600999911083
1789658963.1206427,3.4238010011904407
1789658963.1210337,5.269000997941475
1789658963.1215014,3.591900000174064
1789658963.122272,4.544501996861072
1789658963.1225746,6.045501999324188
1789658963.122743,5.298602001857944
1789658963.122897,3.7232009999570437
1789658963.123094,4.479800998524297
1789658963.1237087,3.248200999223627
1789658963.1242034,3.554200997314183
1789658963.1242807,6.145201001345413
1789658963.1254818,4.438400999788428
1789658963.125627,3.04619999951683
1789658963.1262221,3.473600998404436
1789658963.1264863,3.386001000762917
1789658963.1266756,4.398501001560362
1789658963.1274765,3.265900999394944
1789658963.127748,6.240202001208672
1789658963.1281018,4.38710099842865
1789658963.1285214,4.236401000525802
1789658963.129257,6.353300999762723
1789658963.1300893,3.596099999413127
1789658963.1303854,2.629400998557685
1789658963.13068,4.4511010019050445
1789658963.1308498,5.2179019985487685
1789658963.1312838,5.79350199768669
1789658963.13173,3.621800999098923
1789658963.1320314,3.505001001030905
1789658963.132535,5.854601000464754
1789658963.133234,2.8434000014385674
1789658963.1337135,4.448601001058705
1789658963.1340146,6.530801001645159
1789658963.1340775,3.9833009977883194
1789658963.1348114,3.5205009990022518
1789658963.1352034,4.349201000877656
1789658963.1353567,3.320700998301618
1789658963.135861,5.175600999791641
1789658963.1369822,3.262500998971518
1789658963.1370459,4.506301000219537
1789658963.1374445,5.70800100103952
1789658963.1384153,3.2069999979285058
1789658963.138494,4.412102000060258
1789658963.1387386,4.719402000773698
1789658963.1388335,5.59470200096257
1789658963.1393085,4.49120099801803
1789658963.1400027,4.136400999414036
1789658963.1408806,5.518201000086265
1789658963.1410563,4.06780099729076
1789658963.1419256,4.869501000939636
1789658963.1420882,3.6673009999503847
1789658963.1423934,3.553500002453802
1789658963.1427982,4.297400999348611
1789658963.1431384,4.3938009985140525
1789658963.1434371,5.986601998301921
1789658963.1437693,3.761700998438755
1789658963.1440403,2.9785010010527913
1789658963.1443188,5.005201001040405
1789658963.1453798,2.9738010016444605
1789658963.1459892,3.89360099870828
1789658963.1466434,5.754200999945169
1789658963.1470094,5.074802000308409
1789658963.1472578,3.815001000475604
1789658963.1479475,4.172600998572307
1789658963.1480234,4.877501000009943
1789658963.1485162,5.710101002478041
1789658963.1497219,5.674001000443241
1789658963.1500018,4.612601002008887
1789658963.1505969,6.271500998991542
1789658963.1506653,3.6509999990812503
1789658963.1508813,2.928301000792999
1789658963.1509936,4.99730199953774
1789658963.1513357,4.68520199865452
1789658963.151462,4.186900998320198
1789658963.1519299,3.9007010018394794
1789658963.1525888,2.8612009991775267
1789658963.1534712,2.583800000138581
1789658963.154009,3.3381009998265654
1789658963.154105,4.098500998225063
1789658963.1544306,3.4317000026931055
1789658963.1545796,6.058401002519531
1789658963.1547985,4.196701000182657
1789658963.15601,4.633501001080731
1789658963.1566427,5.174801000976004
1789658963.1570005,2.5633009972807486
1789658963.1571538,4.560301000310574
1789658963.1576462,4.169001000263961
1789658963.1577103,5.7760010022320785
1789658963.1578753,3.8617009995505214
1789658963.1583288,3.744700999959605
1789658963.158481,3.678000997751951
1789658963.1607196,3.557600997737609
1789658963.1610188,6.90850200044224
1789658963.161386,3.6710010026581585
1789658963.1615095,5.49260100160609
1789658963.1616375,3.9866010010882746
1789658963.162458,5.8088009973289445
1789658963.1628752,4.388600998936454
1789658963.1630473,5.168100997252623
1789658963.163111,6.106001001171535
1789658963.1637228,5.388002002291614
1789658963.1650121,4.281900997739285
1789658963.1652396,3.7247010004648473
1789658963.165616,4.5910010012448765
1789658963.1656506,3.187201000400819
1789658963.16584,4.197000998829026
1789658963.16628,3.3991010022873525
1789658963.1665773,2.8488999996625353
1789658963.167069,5.6767009991745
1789658963.167614,4.561602003377629
1789658963.1677692,2.7496010006871074
1789658963.167927,4.811901999346446
1789658963.1688087,2.522601000237046
1789658963.1692545,3.598301002057269
1789658963.1694746,4.230201000609668
1789658963.1701,3.0236009988584556
1789658963.17054,4.918601000099443
1789658963.1712615,5.416801002866123
1789658963.1714134,4.831500998989213
1789658963.1717873,2.9735009993601125
1789658963.1724536,4.833201001019916
1789658963.1726785,3.41910100178211
1789658963.1727433,3.264300998125691
1789658963.173088,5.31390099786222
1789658963.173312,2.766401001281338
1789658963.1741374,6.205000998306787
1789658963.1748972,3.629500999522861
1789658963.1752853,3.4911999973701313
1789658963.1753662,5.260501002339879
1789658963.1755586,3.0975000008766074
1789658963.1760275,4.6053020014369395
1789658963.1769834,2.8397009991749655
1789658963.1774285,4.67740100066294
1789658963.1775851,4.902100998151582
1789658963.1784692,5.374600998038659
1789658963.178605,3.7009010011388455
1789658963.1797464,3.7095999978191685
1789658963.1798103,6.493902001238894
1789658963.180101,4.809701997146476
1789658963.1805816,5.016301998693962
1789658963.180765,5.394102001446299
1789658963.1809812,3.3916009997483343
1789658963.1813042,4.315300997404847
1789658963.1820679,4.633300999557832
1789658963.1829193,4.441901000973303
1789658963.1837986,3.0273000011220574
1789658963.1839452,5.3348020010162145
1789658963.1842575,4.505801000050269
1789658963.1843023,4.487501002586214
1789658963.1844022,3.092701001150999
1789658963.184574,3.9869010033726227
1789658963.1856978,3.625301000283798
1789658963.1858404,4.853600999922492
1789658963.1858728,5.7678010016388725
1789658963.187424,4.494501001317985
1789658963.1879983,4.047299997182563
1789658963.1884105,4.606802001944743
1789658963.1884573,4.194901001028484
1789658963.1886704,4.09190099890111
1789658963.1889408,4.633300999557832
1789658963.1894388,5.031001001043478
1789658963.1903963,1.7202999988512602
1789658963.1905441,4.699100998550421
1789658963.1912572,3.8249009994615335
1789658963.191329,5.626600999676157
1789658963.1915748,3.5721009990083985
1789658963.1919558,6.077301000914304
1789658963.1923203,3.9039010007400066
1789658963.1924522,3.5069010009465273
1789658963.1944842,2.8998009984206874
1789658963.1947994,5.354000997613184
1789658963.1954565,5.051300999184605
1789658963.1955805,4.318601000704803
1789658963.1957302,4.396901000291109
1789658963.1957765,7.314900998608209
1789658963.1969512,6.402202001481783
1789658963.1969948,5.033101999288192
1789658963.1973352,4.876901002717204
1789658963.197491,5.164701000467176
1789658963.1989598,4.463600998860784
1789658963.1990635,3.3283009979641065
1789658963.1992843,4.468601000553463
1789658963.1994052,3.6132010027358774
1789658963.1995323,3.947200999391498
1789658963.2008035,3.4619010002643336
1789658963.200925,5.458602001453983
1789658963.2010958,4.095801003131783
1789658963.2011309,4.174901001533726
1789658963.201376,3.8797009983682074
1789658963.2022283,3.2618010009173304
1789658963.2036855,4.268300999683561
1789658963.2038145,4.745600999740418
1789658963.2039928,4.680400998040568
1789658963.204101,3.1715000004624017
1789658963.2043748,3.2742999974288978
1789658963.2048907,4.080000999238109
1789658963.2053564,5.818202000227757
1789658963.2056909,4.555800998787163
1789658963.2058911,3.656001001218101
1789658963.206011,2.3161009994510096
1789658963.2062123,4.831700996874133
1789658963.2066648,2.8456010004447307
1789658963.2077496,2.053400003205752
1789658963.2079136,3.534601000865223
1789658963.208268,4.27100099841482
1789658963.2093759,4.009800999483559
1789658963.2096317,3.6137010029051453
1789658963.210537,5.636301000777166
1789658963.2106578,4.440401000465499
1789658963.2107875,6.681702001515077
1789658963.211003,3.084201001911424
1789658963.2119563,6.057601000065915
1789658963.2128308,3.4465009994164575
1789658963.2130773,5.321701999491779
1789658963.2131343,6.465602000389481
1789658963.213606,5.333302000508411
1789658963.2142284,3.565900999092264
1789658963.2142627,3.720100998179987
1789658963.2144399,3.647801000624895
1789658963.2150369,4.027601000416325
1789658963.2158492,6.210301002283813
1789658963.2165768,4.61180100319325
1789658963.2170677,3.4555009988253005
1789658963.2172964,4.45970099826809
1789658963.2175796,3.312101001938572
1789658963.217761,3.52820099942619
1789658963.2185733,5.4877010006748606
1789658963.2187867,5.647801001032349
1789658963.2189248,3.883100998791633
1789658963.2194867,2.904801000113366
1789658963.2201798,5.73480099774315
1789658963.2205303,4.676500997447874
1789658963.2216876,4.102000999409938
1789658963.2218764,4.803800999070518
1789658963.2222962,4.530201000306988
1789658963.2223506,3.5591010018833913
1789658963.222659,5.3568010007438716
1789658963.2230208,3.529800997057464
1789658963.223337,4.758701001264853
1789658963.223872,3.3373010010109283
1789658963.224115,3.9301010001508985
1789658963.2243161,5.3870010015089065
1789658963.2251918,3.3059999987017363
1789658963.2261856,3.827401000307873
1789658963.2267056,3.6752009982592426
1789658963.2270393,2.7175010000064503
1789658963.2271178,5.424800998298451
1789658963.227848,5.181601001822855
1789658963.2281687,5.867001000297023
1789658963.2283485,5.0070010001945775
1789658963.228502,3.2946999999694526
1789658963.2285368,4.417600997840054
1789658963.2298408,3.123600999970222
1789658963.23044,6.560702000570018
1789658963.2307558,2.9007010016357526
1789658963.2309191,4.726801002107095
1789658963.230991,3.9465010013373103
1789658963.2312462,4.123800998058869
1789658963.231811,3.637900998000987
1789658963.23298,3.1321999995270744
1789658963.2334654,4.9238009996770415
1789658963.2343657,6.011802001012256
1789658963.2344592,3.5334010026417673
1789658963.2346575,3.8967010004853364
1789658963.2348146,6.308301999524701
1789658963.2349155,3.09980100064422
1789658963.2359369,4.94110100044054
1789658963.236223,5.777201000455534
1789658963.2362924,3.3074009988922626
1789658963.2365701,5.319300998962717
1789658963.237644,3.2718009970267303
1789658963.238671,5.199400999117643
1789658963.23887,2.641400998982135
1789658963.2391644,4.502101000980474
1789658963.2393541,4.535400999884587
1789658963.2395234,4.602601002261508
1789658963.2396948,5.2301010000519454
1789658963.239814,3.873001001920784
1789658963.2404792,3.904000997863477
1789658963.2406802,4.383701001643203
1789658963.241051,3.4019999984593596
1789658963.2425692,3.887101000145776
1789658963.2433987,4.522900999290869
1789658963.2434502,4.0917009973782115
1789658963.243628,4.4593010024982505
1789658963.2437127,4.183500997896772
1789658963.2439501,2.89440099732019
1789658963.2446022,4.899200997897424
1789658963.2453873,5.566001000261167
1789658963.2457356,5.050400999607518
1789658963.246174,2.4571009998908266
1789658963.2464294,2.9743009981757496
1789658963.2471728,3.2186009993893094
1789658963.2476788,5.100901002151659
1789658963.2477393,7.255901997268666
1789658963.2478237,4.420100998686394
1789658963.2496326,3.195199999026954
1789658963.250099,6.466401999205118
1789658963.2504008,5.76640200233669
1789658963.2505162,5.1236020008218475
1789658963.2507532,4.573801001242828
1789658963.2510066,3.8292009994620457
1789658963.251079,3.3962010020331945
1789658963.2512589,5.518101999768987
1789658963.2514145,3.5867009974026587
1789658963.2517807,4.036701000586618
1789658963.2527382,3.0988010003056843
1789658963.2530842,2.9802000026393216
1789658963.254256,2.8350010034046136
1789658963.2546043,3.585201000532834
1789658963.2548833,4.476701000385219
1789658963.255228,4.469501000130549
1789658963.2554219,4.338400998676661
1789658963.2556148,4.351800998847466
1789658963.2565424,2.2802999992563855
1789658963.2567606,3.672101000120165
1789658963.2568052,6.284201001108158
1789658963.2568905,5.10550100079854
1789658963.2579484,5.204700999456691
1789658963.2590787,3.4552010001789313
1789658963.259257,4.023601002700161
1789658963.259532,4.641700998035958
1789658963.2596443,4.217200999846682
1789658963.259789,2.9780010008835234
1789658963.2598479,5.239201000222238
1789658963.2611773,4.4087010028306395
1789658963.2616317,5.082300998765277
1789658963.261698,3.744801000721054
1789658963.2622457,5.3501009970204905
1789658963.2625546,3.292501001851633
1789658963.2627003,3.6140010015515145
1789658963.2637026,4.1636010028014425
1789658963.2642808,3.095800999290077
1789658963.264535,4.7396009977092035
1789658963.2646897,4.8374010002589785
1789658963.2649748,5.324501002178295
1789658963.2655125,3.8745009987906087
1789658963.2662685,4.5653010020032525
1789658963.2671328,4.881501998170279
1789658963.267446,2.904700999351917
1789658963.267596,5.0364009985059965
1789658963.2681634,4.452200999367051
1789658963.268343,3.3633010025369003
1789658963.2683988,5.69330100188381
1789658963.2686763,4.391500999190612
1789658963.2687984,4.104400999494828
1789658963.2694306,3.9131009980337694
1789658963.270921,3.7799009987793397
1789658963.2711368,4.862601999775507
1789658963.2711744,3.7234009978419635
1789658963.2713652,3.7643010000465438
1789658963.2716057,3.4385010003461502
1789658963.2717698,3.422001002036268
1789658963.2737494,4.94110100044054
1789658963.274215,2.4371999970753677
1789658963.2745872,5.150801000127103
1789658963.274872,3.5006010002689436
1789658963.2749472,4.0181010008382145
1789658963.2751496,6.467201998020755
1789658963.2754803,7.076001998939319
1789658963.2757504,4.608400999131845
1789658963.2757967,4.6180009994714055
1789658963.276639,5.026101000112249
1789658963.2780852,3.858400999888545
1789658963.2783585,4.600201002176618
1789658963.2789319,4.337602000305196
1789658963.2791789,3.6916009994456545
1789658963.2797768,4.899501000181772
1789658963.2799444,4.187601000012364
1789658963.2799783,4.17660099992645
1789658963.2802155,5.264101000648225
1789658963.2810364,5.88000099742203
1789658963.2815652,4.918301001453074
1789658963.282144,3.7796010001329705
1789658963.2826319,4.538601002423093
1789658963.282777,2.9949999989185017
1789658963.2830095,3.8241000002017245
1789658963.2836683,3.718800999195082
1789658963.2843628,5.42260099973646
1789658963.284411,4.428201002156129
1789658963.2848978,3.32740099838702
1789658963.2855942,5.3737009984615725
1789658963.2858393,4.797700999915833
1789658963.286732,3.716401002748171
1789658963.2867746,3.991700999904424
1789658963.2874126,5.2638020024460275
1789658963.287726,4.051500996865798
1789658963.288209,5.571902001975104
1789658963.288865,4.4964010012336075
1789658963.2891574,4.741800999909174
1789658963.2894297,3.8308010007312987
1789658963.289601,4.698700999142602
1789658963.2897396,3.89580100090825
1789658963.290606,3.8258010026765987
1789658963.291834,4.093900999578182
1789658963.292502,4.284801001631422
1789658963.29266,3.7868010003876407
1789658963.2927492,3.587101000448456
1789658963.292921,3.4870009985752404
1789658963.2929912,6.2545019973185845
1789658963.2937613,6.342600998323178
1789658963.2944052,3.7920009999652393
1789658963.294597,4.852101003052667
1789658963.2946856,5.080000999441836
1789658963.2956696,3.0008009998709895
1789658963.2961874,3.259801000240259
1789658963.2966971,2.9285010023158975
1789658963.297015,5.16850100029842
1789658963.2972763,4.522601000644499
1789658963.2980025,5.006300998502411
1789658963.29808,3.4768010009429418
1789658963.2985728,6.060400999558624
1789658963.2995694,5.157900999620324
1789658963.2996433,2.941000999271637
1789658963.2997594,5.069201997685013
1789658963.2999172,4.241400998580502
1789658963.3008676,3.5861010001099203
1789658963.3009336,3.914600998541573
1789658963.3011105,4.916901001706719
1789658963.3022752,4.188300998066552
1789658963.3025038,4.495501001656521
1789658963.30296,4.3811010000354145
1789658963.3039067,3.9838009979575872
1789658963.304488,4.722600999230053
1789658963.3046591,3.7857009992876556
1789658963.3049347,5.2868009988742415
1789658963.3055012,4.3851010013895575
1789658963.3063664,3.8577009981963784
1789658963.3064404,4.160700998909306
1789658963.3066778,5.738700998335844
1789658963.3069959,7.4213020016031805
1789658963.3073766,2.7106000015919562
1789658963.3075511,3.63919999654172
1789658963.3079736,3.0349009975907393
1789658963.3093483,6.377302001055796
1789658963.30976,5.2638010020018555
1789658963.3101282,4.620101000909926
1789658963.3107765,4.327601000113646
1789658963.311267,3.2873000018298626
1789658963.3114774,4.095201002201065
1789658963.3116472,4.6466009989671875
1789658963.311875,4.317900999012636
1789658963.3119998,2.641101000335766
1789658963.3120964,5.414102000941057
1789658963.3125868,6.215702000190504
1789658963.3133092,3.5427010006969795
1789658963.314674,4.5380010014923755
1789658963.3152895,4.015000999061158
1789658963.3154366,3.953800998715451
1789658963.315652,4.8655009995854925
1789658963.31572,4.0684009982214775
1789658963.3162234,4.219600999931572
1789658963.316582,3.9905009980429895
1789658963.317071,4.970000998582691
1789658963.3180108,6.129002002126072
1789658963.3182518,2.593900997453602
1789658963.3186626,5.347301001165761
1789658963.3188646,3.1399010003951844
1789658963.3189814,3.687200998683693
1789658963.3197997,5.119201003253693
1789658963.3201687,4.727701001684181
1789658963.320273,3.6855010002909694
1789658963.320795,4.567001000395976
1789658963.3209324,2.9149010006221943
1789658963.3210266,3.9499009981227573
1789658963.3219788,2.992701000039233
1789658963.3228118,3.9404010021826252
1789658963.3232396,3.4333010007685516
1789658963.3241699,3.89069999800995
1789658963.324419,5.751402000896633
1789658963.324698,3.7606010009767488
1789658963.32485,2.866601000278024
1789658963.3250027,4.203201002383139
1789658963.3252897,4.255700998328393
1789658963.325824,5.649001999699976
1789658963.3259904,3.171901000314392
1789658963.3263113,8.054601999901934
1789658963.3270507,3.8039009996282402
1789658963.3276122,2.602900000056252
1789658963.3287437,3.886200996930711
1789658963.3294463,4.742401000839891
1789658963.329545,5.368301997805247
1789658963.32973,3.4134009983972646
1789658963.3298597,4.028201001347043
1789658963.330121,5.6975009974848945
1789658963.3303587,3.3019010006682947
1789658963.3306894,5.3941009973641485
1789658963.3319774,5.979700999887427
1789658963.332222,2.672099999472266
1789658963.3325806,4.962201001035282
1789658963.3332105,4.45970099826809
1789658963.3334262,3.3003009993990418
1789658963.3338618,4.410301000461914
1789658963.3340945,4.230301001371117
1789658963.335438,5.702100999769755
1789658963.335549,5.184501002077013
1789658963.3356164,4.921501000353601
1789658963.3364353,4.451100998267066
1789658963.3365555,3.969900997617515
1789658963.3368018,2.7024010014429223
1789658963.3370578,4.8313019979104865
1789658963.3371272,3.6967010018997826
1789658963.3372955,3.4292009986529592
1789658963.3381732,4.95790100103477
1789658963.3397584,4.1360010000062175
1789658963.3399472,3.506801000185078
1789658963.3403463,3.78430100317928
1789658963.340446,4.892100998404203
1789658963.34121,4.075101001944859
1789658963.3413382,4.268001001037192
1789658963.341454,6.010302000504453
1789658963.3417995,4.4961009989492595
1789658963.3424113,5.602600998827256
1789658963.342753,4.574100999889197
1789658963.344452,4.495600998779992
1789658963.345064,4.707902000518516
1789658963.3453484,4.13060099890572
1789658963.3454132,4.962302002240904
1789658963.345769,4.4264009993639775
1789658963.345892,6.128401997557376
1789658963.3460958,4.636901001504157
1789658963.3464866,4.675201002100948
1789658963.3467429,4.3240010018053
1789658963.3481169,3.0428999998548534
1789658963.348205,3.7467010006366763
1789658963.3485656,5.806001001474215
1789658963.3488638,3.5096000028715935
1789658963.3496594,3.7629010003001895
1789658963.3498275,4.4092009993619286
1789658963.3499036,4.1302010031358805
1789658963.3512938,4.8019009991548955
1789658963.3515422,4.794700998900225
1789658963.3519413,5.8393010003783274
1789658963.3521,3.9772009986336343
1789658963.3525987,2.6896999988821335
1789658963.3529632,4.095001000678167
1789658963.3534982,3.665601001557661
1789658963.353559,4.988402000890346
1789658963.3539143,5.704601997422287
1789658963.3544607,4.796200999408029
1789658963.3554575,3.5094010017928667
1789658963.3560123,3.405000999919139
1789658963.3562467,4.141901001275983
1789658963.3563344,5.03550099892891
1789658963.3568296,3.8606009984505363
1789658963.357602,3.1348009979410563
1789658963.3578005,6.2535020006180275
1789658963.357927,4.008501000498654
1789658963.358099,4.596300997945946
1789658963.3596447,3.6240009976609144
1789658963.3601472,4.680600999563467
1789658963.3609366,4.683900999225443
1789658963.3613186,3.7118000000191387
1789658963.3617094,5.365902001358336
1789658963.3618646,8.300702000269666
1789658963.3620412,5.2039020010852255
1789658963.3627493,4.815001000679331
1789658963.362949,3.2974010027828626
1789658963.3635235,5.42000100176665
1789658963.3638022,5.997401000058744
1789658963.3641305,3.9778009995643515
1789658963.3647718,3.0513999990944285
1789658963.3654647,4.140901000937447
1789658963.3662724,3.3169010021083523
1789658963.366804,4.93150100010098
1789658963.366906,4.859300999669358
1789658963.3670273,6.085002001782414
1789658963.3677232,4.19340100052068
1789658963.368078,5.322000997693976
1789658963.3683474,3.568200998415705
1789658963.3686953,4.559901000902755
1789658963.3688953,5.081200997665292
1789658963.3692057,3.736301001481479
1789658963.3696349,3.3560999982000794
1789658963.3701777,3.366300999914529
1789658963.3709915,2.6394009983050637
1789658963.3712223,4.311800999857951
1789658963.3723052,4.218701000354486
1789658963.3727653,4.063400996528799
1789658963.373071,4.170801003056113
1789658963.3732362,5.507900998054538
1789658963.3733082,4.0973010000016075
1789658963.373607,6.5752010013966355
1789658963.3737493,4.110101002879674
1789658963.374189,2.961200996651314
1789658963.3747835,3.78710099903401
1789658963.3750975,4.912901000352576
1789658963.376281,3.963701001339359
1789658963.377155,2.957500000775326
1789658963.3772268,4.445000999112381
1789658963.3775969,4.356100998847978
1789658963.3777127,4.637100999389077
1789658963.3781505,4.837501997826621
1789658963.3783782,4.766802001540782
1789658963.378754,4.999001997930463
1789658963.3788285,3.724600999703398
1789658963.3800561,5.2672009987873025
1789658963.3802738,2.5568010023562238
1789658963.380987,2.602200002002064
1789658963.3813188,5.029701002058573
1789658963.3821912,4.034900000988273
1789658963.3822439,4.642301999410847
1789658963.3824744,5.312801997206407
1789658963.3832767,6.044601999747101
1789658963.3838177,2.8246010006114375
1789658963.3838682,3.5902010022255126
1789658963.3839095,5.150101002072915
1789658963.3839562,5.123200997331878
1789658963.3849752,4.913200998998946
1789658963.3861048,3.6245999981474597
1789658963.3863363,4.086799999640789
1789658963.3865223,4.325402001995826
1789658963.3867679,3.4844010006054305
1789658963.3869574,5.632701999275014
1789658963.3874729,3.5999009996885434
1789658963.387582,3.6678010001196526
1789658963.3881514,4.19100100043579
1789658963.388348,4.525101001490839
1789658963.3887653,3.7857009992876556
1789658963.3899167,3.5740010025619995
1789658963.3905458,3.77020099767833
1789658963.3908057,4.695602001447696
1789658963.391479,2.706601000681985
1789658963.3917584,3.601701002480695
1789658963.3918228,3.469900999334641
1789658963.3921287,5.600800999673083
1789658963.3921776,5.215700999542605
1789658963.392777,2.854900998499943
1789658963.3930979,5.509700997208711
1789658963.3945928,7.11130100171431
1789658963.3949232,4.1119010020338465
1789658963.3950622,4.509001002588775
1789658963.395525,4.036501002701698
1789658963.3962624,4.0790009988995735
1789658963.3965364,4.708801003289409
1789658963.39658,4.814300998987164
1789658963.3967438,3.638501002569683
1789658963.3971238,4.342001000622986
1789658963.3973813,5.247301000053994
1789658963.3988395,4.2367019996163435
1789658963.3991654,4.236800999933621
1789658963.3997645,3.222201001335634
1789658963.3999104,4.842801001359476
1789658963.400027,4.497100999287795
1789658963.4006417,4.373301002488006
1789658963.4007418,3.612200998759363
1789658963.4014568,4.069000999152195
1789658963.4017835,5.197601003601449
1789658963.4026206,5.869401000381913
1789658963.4029522,4.103700997802662
1789658963.403489,4.315801001212094
1789658963.4039085,3.157601000566501
1789658963.404309,4.27300100272987
1789658963.4045675,4.795101001946023
1789658963.4051986,5.279101002088282
1789658963.4061224,5.470001000503544
1789658963.4069974,4.364101001556264
1789658963.4075015,5.7039019993680995
1789658963.4082057,2.990300999954343
1789658963.4086616,4.73550099923159
1789658963.4095128,8.0432020004082
1789658963.4097695,6.804501001170138
1789658963.4100096,6.509601000288967
1789658963.4101877,5.867001000297023
1789658963.413405,5.885500999283977
1789658963.4136384,9.061701999598881
1789658963.413807,7.669101996725658
1789658963.4141965,5.975201002001995
1789658963.4145653,5.886000999453245
1789658963.4159322,6.404701998690143
1789658963.416089,9.07960299809929
1789658963.4164586,6.437502001062967
1789658963.4169338,7.150802000978729
1789658963.4175985,7.3975019986392
1789658963.4179204,4.2708010005299
1789658963.4186542,4.073501000675606
1789658963.4190643,5.246901000646176
1789658963.4201326,5.9215020010015
1789658963.4206514,4.547101001662668
1789658963.4215457,3.6132009990978986
1789658963.4218886,8.467102001304738
1789658963.4223466,5.876801002159482
1789658963.4224384,3.773701002501184
1789658963.422972,6.025801001669606
1789658963.4232333,7.29050099835149
1789658963.4235663,5.956601999059785
1789658963.424448,4.302200999518391
1789658963.4254375,3.877301001921296
1789658963.4258852,5.216700999881141
1789658963.4262247,7.1462019986938685
1789658963.426383,3.934200998628512
1789658963.4267871,4.890700998657849
1789658963.4284863,5.242702001851285
1789658963.4293556,2.9545010002038907
1789658963.429749,7.391501996607985
1789658963.430342,4.10380100220209
1789658963.4307346,7.159200999012683
1789658963.4311502,8.158601998729864
1789658963.4313006,5.846301002748078
1789658963.431903,6.005102000926854
1789658963.4324267,7.962102001329185
1789658963.4327614,5.96490200041444
1789658963.4332337,3.8607010028499644
1789658963.4336882,2.942600996902911
1789658963.434537,4.75980099872686
1789658963.4352355,6.731901001330698
1789658963.4353151,3.9977010019356385
1789658963.4358656,5.510000999493059
1789658963.4376247,6.450901997595793
1789658963.4380333,6.068900998798199
1789658963.4393559,6.912300999829313
1789658963.440061,6.35920099739451
1789658963.4404042,5.856902000232367
1789658963.4407287,5.40620199899422
1789658963.4412012,7.956601999467239
1789658963.441543,5.66750199868693
1789658963.4417439,6.4957020003930666
1789658963.4424403,9.665902001870563
1789658963.442973,5.323000998032512
1789658963.444402,5.028401999879861
1789658963.4448256,6.7654019985639025
1789658963.4456139,5.1833009965776
1789658963.446166,4.409500998008298
1789658963.4465163,4.963601000781637
1789658963.4470096,5.799900998681551
1789658963.447156,7.083502001478337
1789658963.447586,6.849401001090882
1789658963.4480476,5.063300999609055
1789658963.4482057,5.752600998675916
1789658963.4487414,2.565800998127088
1789658963.4492047,4.3594010021479335
1789658963.4498014,3.271801000664709
1789658963.4507093,3.5387009993428364
1789658963.4516332,5.997401000058744
1789658963.4518414,4.248700999596622
1789658963.4519742,7.563700997707201
1789658963.4528792,4.665002001274843
1789658963.4534867,6.464202000643127
1789658963.4537868,1.9353009993210435
1789658963.4543824,4.567201001918875
1789658963.4545455,3.8263010028458666
1789658963.4545865,6.532202001835685
1789658963.455103,5.890300999453757
1789658963.4564726,4.827200998988701
1789658963.4565532,1.9608999973570462
1789658963.4567685,4.789201997482451
1789658963.4570124,8.26360200153431
1789658963.4573178,3.821401001914637
1789658963.457514,3.1237009970936924
1789658963.458864,5.972500999632757
1789658963.4591954,5.399101002694806
1789658963.459328,4.77660099932109
1789658963.460676,4.192901000351412
1789658963.461028,4.252000999258598
1789658963.462016,4.683101000409806
1789658963.462379,7.2676020026847254
1789658963.4624424,5.423501002951525
1789658963.4626727,6.114002000686014
1789658963.463117,4.243501000019023
1789658963.4644728,6.94920100067975
1789658963.4656234,6.285302002652315
1789658963.4657385,3.2881010010896716
1789658963.465888,5.202201999054523
1789658963.4660614,3.67580099918996
1789658963.4662175,7.015202001639409
1789658963.4666634,3.985101000580471
1789658963.466958,5.921300999034429
1789658963.4675019,5.469500996696297
1789658963.4680495,4.919000999507261
1789658963.4698527,5.368802001612494
1789658963.4704974,4.854800998145947
1789658963.4708974,5.149700999027118
1789658963.4713583,5.289901000651298
1789658963.4716833,5.460101001517614
1789658963.472068,6.173600999318296
1789658963.472397,5.727701001887908
1789658963.4729328,4.869201002293266
1789658963.473071,6.079800998122664
1789658963.4733222,5.812301998957992
1789658963.4742725,3.361301001859829
1789658963.4752312,3.857900999719277
1789658963.4758663,6.00100099836709
1789658963.4760642,3.9897010028653312
1789658963.476725,6.215200999577064
1789658963.476831,5.139901000802638
1789658963.4784203,3.171300999383675
1789658963.4790077,6.063101998734055
1789658963.4792535,5.9233009997115005
1789658963.4794583,7.053501998598222
1789658963.4799576,4.078401001606835
1789658963.4802387,5.9546010015765205
1789658963.4811854,8.08700199922896
1789658963.4812403,4.385300999274477
1789658963.4818895,5.813201998535078
1789658963.4828916,6.149202003143728
1789658963.4833658,3.8194010012375657
1789658963.4834616,3.4985009988304228
1789658963.483704,1.8041000002995133
1789658963.4844096,5.3923010018479545
1789658963.4847534,5.491200998221757
1789658963.4855506,7.118202000128804
1789658963.4859061,5.660001999785891
1789658963.4868984,3.182501000992488
1789658963.4872606,6.013201997120632
1789658963.487536,3.1185010011540726
1789658963.4887912,5.885601000045426
1789658963.489067,3.5075000014330726
1789658963.4891381,7.9462020003120415
1789658963.489324,5.951800998445833
1789658963.489494,4.734800997539423
1789658963.490294,6.8237019986554515
1789658963.4910922,4.183101002126932
1789658963.4913306,5.414600997028174
1789658963.4915228,4.254701001627836
1789658963.4928057,3.997801002697088
1789658963.493126,3.9723010013403837
1789658963.4938095,6.2630009997519664
1789658963.494096,4.763701999763725
1789658963.4941583,5.085402000986505
1789658963.4953253,4.221801002131542
1789658963.4958797,5.575601000600727
1789658963.4961805,6.676802000583848
1789658963.4970477,5.511201001354493
1789658963.497256,5.915701000049012
1789658963.4981484,5.329002000507899
1789658963.4986634,5.515302000276279
1789658963.4988604,4.7555009987263475
1789658963.4993148,3.9762010019330774
1789658963.4993663,5.550101002882002
1789658963.4995809,5.416001000412507
1789658963.5000298,2.7626009978121147
1789658963.5009944,4.804901000170503
1789658963.5020933,5.031902001064736
1789658963.502711,6.823602001531981
1789658963.5028503,4.175201000180095
1789658963.5030687,3.6961009973310865
1789658963.504349,6.181300999742234
1789658963.5049326,5.343600998457987
1789658963.5050938,6.22580100025516
1789658963.505154,5.116200998600107
1789658963.5053627,4.359701000794303
1789658963.5054054,2.6885999977821484
1789658963.5057034,6.382101000781404
1789658963.5065393,3.46020100187161
1789658963.5069108,4.0520010006730445
1789658963.508117,3.008900999702746
1789658963.5089934,2.4382000010518823
1789658963.5103536,5.98180200177012
1789658963.5107896,5.374402000597911
1789658963.5111327,9.025401999679161
1789658963.511456,6.291302001045551
1789658963.5117352,4.813901003217325
1789658963.512184,7.238501999381697
1789658963.5124989,6.785501998820109
1789658963.5141432,8.772002001933288
1789658963.514795,6.660301998635987
1789658963.5157642,4.618900999048492
1789658963.5161402,7.13620199894649
1789658963.5170276,6.657801000983454
1789658963.5171049,5.361400999390753
1789658963.5173194,6.520101000205614
1789658963.517411,5.943200998444809
1789658963.5182688,5.756701000791509
1789658963.5185623,3.7569999985862523
1789658963.5194027,5.246901997452369
1789658963.519752,3.6055009986739606
1789658963.5198486,7.650301999092335
1789658963.5202532,2.9263010001159273
1789658963.5208395,2.2694010003760923
1789658963.521035,5.262300997856073
1789658963.5224984,5.457800998556195
1789658963.5230324,3.2467009987158235
1789658963.5231411,5.723702000977937
1789658963.5236626,6.548502002260648
1789658963.524384,4.526501001237193
1789658963.52447,5.059101000369992
1789658963.5253649,7.083802000124706
1789658963.5254424,5.182300999877043
1789658963.5267634,3.712400000949856
1789658963.5269072,5.864901999302674
1789658963.5277305,3.250001002015779
1789658963.5279331,7.084802000463242
1789658963.5280924,4.945800999848871
1789658963.5297842,6.106200999056455
1789658963.530358,5.963001000054646
1789658963.5310645,8.484002999466611
1789658963.532378,5.460101001517614
1789658963.5325248,4.582500998367323
1789658963.5327852,7.330902000830974
1789658963.533135,7.759502001135843
1789658963.5332742,5.535200998565415
1789658963.5343,7.519501999922795
1789658963.5347219,3.6452000022109132
1789658963.5348358,5.036500999267446
1789658963.5350432,4.678600998886395
1789658963.5359929,7.883001999289263
1789658963.5398283,6.545402000483591
1789658963.5400271,7.636902002559509
1789658963.5405042,6.194601999595761
1789658963.5412998,8.494501998939086
1789658963.5419183,8.77140200100257
1789658963.542204,7.151702000555815
1789658963.5423765,9.842102001130115
1789658963.542803,6.794900997192599
1789658963.543132,8.288701999845216
1789658963.5432694,8.538901998690562
1789658963.5434475,3.6105010003666393
1789658963.5457425,5.214300999796251
1789658963.5473447,5.386100998293841
1789658963.5488796,6.477201997768134
1789658963.5492005,5.741501001466531
1789658963.5495687,6.425401999877067
1789658963.5509033,8.089702001598198
1789658963.5510292,9.711901999253314
1789658963.5515976,11.561002000235021
1789658963.5526595,6.842301998403855
1789658963.5529783,9.700402999442304
1789658963.5534127,11.19870299953618
1789658963.5544703,3.429201002290938
1789658963.5549781,3.368700999999419
1789658963.5552628,7.7774019991920795
1789658963.5557191,6.136700998467859
1789658963.5560124,3.3358010005031247
1789658963.5572307,6.314202000794467
1789658963.5575836,8.370502000616398
1789658963.558012,4.588800999044906
1789658963.5588663,9.9596020008903
1789658963.5592866,6.294500999501906
1789658963.5605056,4.4781010001315735
1789658963.5610092,6.016901999828406
1789658963.5613213,3.2955010028672405
1789658963.5618703,6.138102002296364
1789658963.562374,5.123701001139125
1789658963.5631,8.61190199793782
1789658963.5634387,8.163402002537623
1789658963.563607,4.724600999907125
1789658963.5640795,6.483901997853536
1789658963.5659108,4.5743010014120955
1789658963.5667052,3.079400998103665
1789658963.5671718,4.7778010011825245
1789658963.5680008,8.696301996678812
1789658963.5688686,5.748902000050293
1789658963.569696,9.174702001473634
1789658963.5704422,6.974701998842647
1789658963.5705707,8.688901998539222
1789658963.5707483,4.030300999147585
1789658963.5714474,4.256501000782009
1789658963.5717924,10.769201999210054
1789658963.5728807,8.78400199871976
1789658963.5744631,8.533201998943696
1789658963.5760045,7.1147010021377355
1789658963.5765686,6.1083020009391475
1789658963.5769126,6.33050199758145
1789658963.5773108,9.290403002523817
1789658963.5777223,6.962202001886908
1789658963.5783381,8.596201998443576
1789658963.57886,7.050801999866962
1789658963.580882,7.983301999047399
1789658963.5812094,9.747803000209387
1789658963.581275,6.799501999921631
1789658963.5818527,5.830401998537127
1789658963.5841613,6.418801000108942
1789658963.585007,6.647101999988081
1789658963.5851052,0.9283010003855452
1789658963.5855722,3.7022010001237504
1789658963.5866737,7.6624020002782345
1789658963.5879347,11.005401996953879
1789658963.5880914,6.867601001431467
1789658963.588884,7.984502000908833
1789658963.5893502,4.327701000875095
1789658963.591632,14.270403000409715
1789658963.594467,13.174702999094734
1789658963.5948765,6.897302002471406
1789658963.5950084,8.316202001878992
1789658963.5953717,18.78660399961518
1789658963.596561,10.952701999485726
1789658963.5985157,9.612802001356613
1789658963.600004,10.619402000884293
1789658963.600397,5.868401000043377
1789658963.6005764,5.691401001968188
1789658963.6007488,5.731900997488992
1789658963.6012764,16.157903999555856
1789658963.6015759,9.90920299955178
1789658963.6030872,14.984003999416018
1789658963.604295,3.5348010023881216
1789658963.6046743,7.723701997747412
1789658963.6051612,6.625001002248609
1789658963.606404,11.008302997652208
1789658963.606582,5.997701999149285
1789658963.606754,5.465801001264481
1789658963.6071658,2.8606010018847883
1789658963.6074884,7.082002000970533
1789658963.6076474,7.612002002133522
1789658963.6091304,7.538701000157744
1789658963.6097567,3.3350010016874876
1789658963.609928,6.8293020012788475
1789658963.6102872,3.691801000968553
1789658963.6107452,5.56590199994389
1789658963.6122973,7.609602002048632
1789658963.6133537,6.178001000080258
1789658963.6144242,6.7641019995789975
1789658963.615005,7.50620200051344
1789658963.6153958,3.084701002080692
1789658963.6158555,6.0839010002382565
1789658963.6162791,9.518102000583895
1789658963.616873,7.726102001470281
1789658963.6170962,7.15960100205848
1789658963.6176386,4.255400999682024
1789658963.6184125,8.087502003036207
1789658963.6190164,2.132101002644049
1789658963.619293,4.8575009968772065
1789658963.6195414,8.781001997704152
1789658963.6200132,4.998401000193553
1789658963.6202996,4.896900998573983
1789658963.62185,4.743801000586245
1789658963.622103,2.5487009988864884
1789658963.6222548,6.391202001395868
1789658963.6223748,3.348600999743212
1789658963.623034,3.7334009975893423
1789658963.6232986,7.011702000454534
1789658963.6236334,5.9877019994019065
1789658963.6239555,3.6498010013019666
1789658963.6242511,4.230100999848219
1789658963.6251075,6.673700998362619
1789658963.626963,4.557001000648597
1789658963.6274412,4.119001001527067
1789658963.628392,4.422500998771284
1789658963.6287317,6.871801997476723
1789658963.62888,5.837800999870524
1789658963.6292021,5.563101000007009
1789658963.6296322,7.371700998191955
1789658963.6302407,8.12820200007991
1789658963.630614,6.352802000037627
1789658963.6311343,6.009902001096634
1789658963.6319788,4.499200997088337
1789658963.6328666,3.6511010002868716
1789658963.6330397,2.4174999998649582
1789658963.633227,4.341300998930819
1789658963.6334627,5.057500999100739
1789658963.633661,6.653700998867862
1789658963.635358,2.4616010014142375
1789658963.635524,5.886901999474503
1789658963.6356173,6.878201998915756
1789658963.6360605,4.034400997625198
1789658963.6372623,4.2123009989154525
1789658963.6376214,4.152401001192629
1789658963.6378038,2.421700002742
1789658963.6379566,6.816701003117487
1789658963.6385536,4.886302001978038
1789658963.638603,8.354202000191435
1789658963.6393185,3.250901001592865
1789658963.6396537,4.031001000839751
1789658963.640705,7.47250199856353
1789658963.6407986,3.170300999045139
1789658963.640997,3.7269009990268387
1789658963.6412578,5.727900999772828
1789658963.6419413,3.3297000009042677
1789658963.6421616,4.351601000962546
1789658963.6436772,4.012301000329899
1789658963.644196,4.847401000006357
1789658963.645718,4.710801000328502
1789658963.6460826,8.1185019989789
1789658963.6462462,7.684501000767341
1789658963.6464841,5.219701000896748
1789658963.6465712,5.860301000211621
1789658963.648738,6.785602003219537
1789658963.648994,6.824402000347618
1789658963.6491466,3.0564010012312792
1789658963.649424,8.619701999123208
1789658963.649479,5.264401002932573
1789658963.6497295,3.4768010009429418
1789658963.6498477,3.2716009991418105
1789658963.6504161,4.690401001425926
1789658963.6508477,4.355402001237962
1789658963.6515687,7.882901998527814
1789658963.6519463,2.460101000906434
1789658963.6526453,3.8985009996395092
1789658963.6530993,3.2467009987158235
1789658963.653546,4.1153009988192935
1789658963.6539323,4.1959010013670195
1789658963.6541636,5.012801000702893
1789658963.6550279,4.605702000844758
1789658963.6550741,3.500400998746045
1789658963.6551201,4.2672010022215545
1789658963.6553154,6.315302001894452
1789658963.6559167,3.2645009996485896
1789658963.6570978,5.143901002156781
1789658963.6574252,4.320600997743895
1789658963.6583145,4.141900997638004
1789658963.6591187,3.986700998211745
1789658963.6593084,5.363902000681264
1789658963.6597443,2.637401001265971
1789658963.6600916,5.056901001808001
1789658963.660427,6.875901999592315
1789658963.660854,4.931701001623878
1789658963.6617115,3.3840010000858456
1789658963.6619403,6.619300998863764
1789658963.6620252,6.946600999071961
1789658963.663136,4.007399998954497
1789658963.6637201,6.287401996814879
1789658963.6642656,4.948501002218109
1789658963.6644013,4.303600999264745
1789658963.6645043,4.753301000164356
1789658963.6649146,2.88480099698063
1789658963.6654108,4.5507009999710135
1789658963.6656978,5.265900999802398
1789658963.6664193,3.2772009981272276
1789658963.6665404,4.593200999806868
1789658963.6665795,4.861201003222959
1789658963.667045,2.5365000001329463
1789658963.667567,3.2966010003292467
1789658963.6683648,3.9576009985466953
1789658963.668687,3.2676010014256462
1789658963.6695304,3.8255010003922507
1789658963.6696267,4.707001000497257
1789658963.6697752,6.0473009980341885
1789658963.6699498,3.5250010005256627
1789658963.6709352,4.3888010004593525
1789658963.6717436,5.159101998287952
1789658963.6724145,5.364101998566184
1789658963.6727517,4.380701000627596
1789658963.6730616,5.489401002705563
1789658963.6733332,3.5536010000214446
1789658963.6736681,4.970800997398328
1789658963.6740966,4.1413010003452655
1789658963.6746898,5.154501002834877
1789658963.6747828,5.1519009975891095
1789658963.6750078,4.0668009969522245
1789658963.6753018,3.5521999998309184
1789658963.6778505,3.0599009987781756
1789658963.678004,5.246901000646176
1789658963.678095,4.42060100249364
1789658963.6782155,5.1472010018187575
1789658963.678402,3.3889009973790962
1789658963.678519,6.099900998378871
1789658963.6786225,5.284900998958619
1789658963.6787114,4.6090010000625625
1789658963.6799855,4.669701997045195
1789658963.6801705,5.476102000102401
1789658963.6810703,2.5443010017625056
1789658963.6820421,3.32500099830213
1789658963.682224,4.0035009988059755
1789658963.6824093,4.5516009995481
1789658963.6824949,3.8662010010739323
1789658963.683164,4.756000998895615
1789658963.6834095,5.400400998041732
1789658963.6834807,5.381101000239141
1789658963.684166,4.175600999587914
1789658963.6847768,4.601700999046443
1789658963.6853387,4.2592009995132685
1789658963.686194,3.9622009971935768
1789658963.686432,3.0182009977579582
1789658963.6865404,3.055001001484925
1789658963.6872525,4.838700999243883
1789658963.6873202,4.820801001187647
1789658963.68769,5.641601001116214
1789658963.687774,2.99299999824143
1789658963.6878498,4.681201000494184
1789658963.6890125,4.841001002205303
1789658963.6895506,3.3495009993202984
1789658963.690403,5.055400997662218
1789658963.6905794,2.8844009975728113
1789658963.6906295,3.3721010004228447
1789658963.691091,4.653900999983307
1789658963.6914713,4.923101001622854
1789658963.6924458,4.586602000927087
1789658963.6925426,4.761401996802306
1789658963.692824,5.497001999174245
1789658963.6944613,5.438800999399973
1789658963.694563,5.005500999686774
1789658963.6951752,3.693800998007646
1789658963.6959648,5.554100996960187
1789658963.6961045,3.2724000011512544
1789658963.6964185,5.833901999722002
1789658963.6967175,4.168000999925425
1789658963.6973345,6.239301997993607
1789658963.6975102,5.055900997831486
1789658963.6976523,7.0182019990170375
1789658963.697746,3.1765009989612736
1789658963.698857,4.385800999443745
1789658963.6993625,3.3925009993254207
1789658963.6995924,4.409600998769747
1789658963.7005484,4.067801000928739
1789658963.7009,4.78910200035898
1789658963.701125,4.3975009975838475
1789658963.7019796,4.320200998336077
1789658963.7024338,4.918400998576544
1789658963.7024899,4.738801002531545
1789658963.7026436,3.2764009993115906
1789658963.70294,5.601001001195982
1789658963.7040303,4.43310099944938
1789658963.7041957,3.290799999376759
1789658963.7043192,3.7635999979102053
1789658963.7045796,5.716702002246166
1789658963.7060342,4.897300997981802
1789658963.7063031,3.3586009994905908
1789658963.7070596,4.411301000800449
1789658963.7072053,5.218801001319662
1789658963.7073956,3.1948010000633076
1789658963.7077177,5.278001000988297
1789658963.7079256,5.430801000329666
1789658963.7081487,3.822401002253173
1789658963.7089763,4.939501999615459
1789658963.7093434,3.2960009993985295
1789658963.7102113,5.619101000775117
1789658963.7107909,3.7245010025799274
1789658963.7110496,4.741300999739906
1789658963.7119572,4.23230099841021
1789658963.7125993,4.668301000492647
1789658963.7128294,5.619701998512028
1789658963.7134418,5.286401999910595
1789658963.7135942,6.191901997226523
1789658963.713895,4.9124010001833085
1789658963.7139912,4.639601000235416
1789658963.7154756,4.676901000493672
1789658963.7157712,5.552500999328913
1789658963.7159934,4.937901001540013
1789658963.716963,3.353299998707371
1789658963.7170806,4.24440099959611
1789658963.7172394,4.61020199873019
1789658963.717529,3.53300099959597
1789658963.7176912,1.9158009999955539
1789658963.7182999,6.336801998259034
1789658963.718482,4.581301000143867
1789658963.7187486,5.3001010019215755
1789658963.7196789,2.591000000393251
1789658963.7201726,4.687501001171768
1789658963.7213714,5.371302002458833
1789658963.7214751,3.9404009985446464
1789658963.7215497,3.2456010012538172
1789658963.7223055,4.6090010000625625
1789658963.7225807,5.602200999419438
1789658963.7227266,5.483501001435798
1789658963.7229643,3.2803009999042843
1789658963.7231178,4.631701001926558
1789658963.723174,4.421501002070727
1789658963.7243512,2.97340000179247
1789658963.7252138,3.7284999998519197
1789658963.7255812,5.3989019979781006
1789658963.7262611,3.9441009976144414
1789658963.726631,5.074800999864237
1789658963.72745,4.325601003074553
1789658963.7277448,4.767701000673696
1789658963.7281833,5.001000998163363
1789658963.7286355,3.015199999936158
1789658963.7289567,6.371301002218388
1789658963.7292063,6.474900998000521
1789658963.7294548,4.232401999615831
1789658963.7296488,5.292702000588179
1789658963.7299256,3.6550009972415864
1789658963.7302234,2.464401000906946
1789658963.7319975,3.802500999881886
1789658963.7322264,3.5825010018015746
1789658963.7323873,3.176101003191434
1789658963.732576,5.12020099995425
1789658963.733343,3.41159999879892
1789658963.7335489,4.089501002454199
1789658963.7336345,6.998402001045179
1789658963.7343588,4.130301000259351
1789658963.7345533,4.900400999758858
1789658963.735075,2.6829010021174327
1789658963.735804,6.842201997642405
1789658963.7362638,4.25400099993567
1789658963.7365913,3.037200000107987
1789658963.7372718,2.9079999985697214
1789658963.737467,3.827900000032969
1789658963.7376366,5.055601999629289
1789658963.7380817,5.8494020013313275
1789658963.738297,4.948701996909222
1789658963.7385302,3.4499009998398833
1789658963.7386134,4.055200999573572
1789658963.7398093,3.2114009991346393
1789658963.7408197,5.0094010002794676
1789658963.7411144,4.843000999244396
1789658963.741495,4.216200999508146
1789658963.7419462,3.857900999719277
1789658963.7420976,4.455400998267578
1789658963.743439,5.963902000075905
1789658963.7436974,5.394101001002127
1789658963.7440193,5.484100998728536
1789658963.7441535,5.53390099958051
1789658963.7445652,3.443501002038829
1789658963.7449346,3.4345009989920072
1789658963.7459633,6.146002000605222
1789658963.7464664,4.5141009977669455
1789658963.7465935,5.769401999714319
1789658963.7473168,2.375901000050362
1789658963.7479422,3.918000998964999
1789658963.7481966,4.751201002363814
1789658963.748362,4.20300100086024
1789658963.7485604,6.457000999944285
1789658963.7492518,5.548200999328401
1789658963.7494555,4.8830010018718895
1789658963.750018,4.0496000001439825
1789658963.750721,4.1220010025426745
1789658963.7516413,5.167500999959884
1789658963.7517152,3.3482009966974147
1789658963.751864,3.2995010005834047
1789658963.7521057,4.158101000939496
1789658963.752843,5.520201000763336
1789658963.7529066,4.705301002104534
1789658963.7536786,4.422301000886364
1789658963.7538807,3.8581999979214743
1789658963.7540677,4.6074009987933096
1789658963.7554705,4.742600998724811
1789658963.7557173,3.607000999181764
1789658963.7558084,4.088500998477684
1789658963.7559097,4.261301000951789
1789658963.756053,3.1421009989571758
1789658963.7568765,5.00640099926386
1789658963.7577217,3.64890100172488
1789658963.7577653,3.8800010006525554
1789658963.7579463,5.098700999951689
1789658963.7588587,5.166901999473339
1789658963.7596867,3.8684009996359237
1789658963.7606502,4.925000997900497
1789658963.7613056,4.422400998009834
1789658963.761346,5.431600999145303
1789658963.761962,5.898600997170433
1789658963.7625494,4.597601997375023
1789658963.7626016,7.125201998860575
1789658963.7631536,3.4584010027174372
1789658963.763233,4.364300999441184
1789658963.7636564,5.886902003112482
1789658963.7651026,3.749501000129385
1789658963.7652676,3.953800998715451
1789658963.7654717,7.745202001387952
1789658963.7657094,3.101799997239141
1789658963.7659464,3.9735009995638393
1789658963.766635,3.4767010001814924
1789658963.7667892,3.551301000698004
1789658963.7668765,6.218801998329582
1789658963.7676628,5.107100998429814
1789658963.767978,4.317201000958448
1789658963.7686448,3.5363009992579464
1789658963.7692196,3.266400999564212
1789658963.7700615,3.266499999881489
1789658963.7703624,4.885901002126047
1789658963.7709308,5.657301997416653
1789658963.7710083,4.369000998849515
1789658963.7710764,5.361902000004193
1789658963.7712085,4.319701001804788
1789658963.7716558,3.9871010012575425
1789658963.7731903,3.121301000646781
1789658963.773424,4.197600999759743
1789658963.7735431,5.56040100127575
1789658963.7743316,3.1176999982562847
1789658963.7746847,3.748700000869576
1789658963.774852,6.198602000949904
1789658963.7749672,4.597801998897921
1789658963.7759619,4.294900998502271
1789658963.776169,2.970801000628853
1789658963.77679,5.775100999017013
1789658963.7773204,6.238301000848878
1789658963.777735,3.395501000341028
1789658963.7786016,5.0489010027376935
1789658963.7788367,4.146500999922864
1789658963.779752,3.7774009979330003
1789658963.7798038,3.629201000876492
1789658963.7800808,5.220301001827465
1789658963.780205,5.2301010000519454
1789658963.7807567,7.327801999053918
1789658963.7808065,3.0659009971714113
1789658963.7811136,3.7867009996261913
1789658963.7821352,5.338101000234019
1789658963.7821991,3.588101000786992
1789658963.782551,3.709200998855522
1789658963.78269,2.882000000681728
1789658963.7843792,4.618400998879224
1789658963.784692,3.8808009994681925
1789658963.7847548,4.544101000647061
1789658963.7849624,3.8440009993792046
1789658963.7852516,5.16370100012864
1789658963.7856243,4.861901001277147
1789658963.7858672,3.7272010013111867
1789658963.7864807,4.277301002730383
1789658963.7877548,2.99090100088506
1789658963.7880476,5.491701998835197
1789658963.7883165,5.621701999189099
1789658963.7885442,4.159701002208749
1789658963.788887,3.9203009982884396
1789658963.7891343,4.437501000211341
1789658963.7894015,3.529600999172544
1789658963.7910316,5.399200999818277
1789658963.7912235,5.9652010022546165
1789658963.7916355,3.86430100115831
1789658963.7923906,5.891901997529203
1789658963.79299,4.662201001337962
1789658963.793343,4.448800998943625
1789658963.7934978,5.44440099838539
1789658963.7938385,4.698500997619703
1789658963.794048,5.498600999999326
1789658963.7948537,3.2090999993670266
1789658963.7949445,5.537700999411754
1789658963.79595,4.7200019980664365
1789658963.7961626,5.123901999468217
1789658963.7963471,3.941401002521161
1789658963.797063,4.062400999828242
1789658963.7979567,4.450200998689979
1789658963.7986114,4.765001001942437
1789658963.7989752,5.62600099874544
1789658963.7991602,4.211101000691997
1789658963.799222,3.2668999992893077
1789658963.799256,3.0885000014677644
1789658963.7994554,5.401701000664616
1789658963.8008702,6.009502001688816
1789658963.8011217,4.769101000420051
1789658963.8011982,4.129300999920815
1789658963.8025103,3.2472009988850914
1789658963.8026474,3.6657009986811318
1789658963.8034523,5.487301001267042
1789658963.803499,4.8827009995875414
1789658963.8040464,4.5854019990656525
1789658963.8043413,3.4656009993341286
1789658963.804709,3.582101002393756
1789658963.8048701,5.705101997591555
1789658963.804995,5.768401999375783
1789658963.8054085,4.205101002298761
1789658963.8059204,3.4041010003420524
1789658963.8068314,2.779200000077253
1789658963.807005,4.352700998424552
1789658963.8080106,3.6630009999498725
1789658963.8082497,4.743702000268968
1789658963.8084326,3.43130100009148
1789658963.8088353,3.956001000915421
1789658963.8092456,3.3188009983859956
1789658963.8097572,5.040700998506509
1789658963.8105502,7.092001997079933
1789658963.8115568,3.288399999291869
1789658963.8119452,4.9331010013702326
1789658963.8124006,5.564202001551166
1789658963.8126578,7.241801999043673
1789658963.8133862,4.541500999039272
1789658963.813761,3.995701001258567
1789658963.8139193,4.667200999392662
1789658963.8140614,6.044701000064379
1789658963.8141224,5.683700997906271
1789658963.814496,2.9289009980857372
1789658963.814845,4.288501000701217
1789658963.8160748,4.115900999750011
1789658963.816509,3.8413010006479453
1789658963.8169851,2.9186009996919893
1789658963.8176742,2.8241010004421696
1789658963.8178666,5.460901000333251
1789658963.8182657,4.342201002145885
1789658963.8183599,4.232900999340927
1789658963.8189824,5.591401000856422
1789658963.8191273,5.361601000913652
1789658963.8195443,5.043801000283565
1789658963.8202865,3.296201000921428
1789658963.8206978,4.182601001957664
1789658963.821203,5.119401997944806
1789658963.821564,3.8845010021759663
1789658963.8216887,3.817101001914125
1789658963.8218794,3.6092010013817344
1789658963.8226593,3.526401000272017
1789658963.8227942,4.430200999195222
1789658963.823484,3.935001001082128
1789658963.823973,4.986001000361284
1789658963.8246498,3.4383009988232516
1789658963.8253062,3.60780100163538
1789658963.8256085,5.31590100217727
1789658963.8262856,3.483200998743996
1789658963.8267462,4.079500999068841
1789658963.827264,5.3711010004917625
1789658963.82732,6.617201001063222
1789658963.8278522,3.8734009976906236
1789658963.8281677,2.8526999994937796
1789658963.8287132,5.224101998464903
1789658963.8290389,7.468701998732286
1789658963.829692,5.035701000451809
1789658963.8300936,4.478400998777943
1789658963.830367,4.073101001267787
1789658963.8308778,4.125901003135368
1789658963.8314197,4.149101001530653
1789658963.8322942,3.572800000256393
1789658963.8323896,4.531801001576241
1789658963.8327107,2.6111010010936297
1789658963.8328075,5.483201999595622
1789658963.8330958,3.399001001525903
1789658963.8332012,5.028702002164209
1789658963.8333948,4.350400999101112
1789658963.8347268,4.353901000285987
1789658963.8349144,3.4892010007752106
1789658963.8355143,4.632400999980746
1789658963.8359094,3.6066009997739457
1789658963.835982,3.1703999993624166
1789658963.8369403,3.7341010029194877
1789658963.8374152,5.018901996663772
1789658963.8376288,4.528801000560634
1789658963.8381963,5.476500999066047
1789658963.838379,3.6469010010478087
1789658963.8393528,5.953601001237985
1789658963.8397121,4.192200998659246
1789658963.8404055,4.489700997510226
1789658963.8407013,3.755600002477877
1789658963.8409576,6.037401999492431
1789658963.8412602,5.264401999738766
1789658963.8413608,3.1585010001435876
1789658963.8422437,3.8578010025958065
1789658963.8426204,5.195701000047848
1789658963.843131,3.773100997932488
1789658963.8436158,5.9819010020873975
1789658963.8439827,4.263900998921599
1789658963.8447785,4.364800999610452
1789658963.8449485,2.6990000005753245
1789658963.8449848,4.277901000023121
1789658963.84574,4.778000999067444
1789658963.8462381,4.973401002644096
1789658963.84636,4.993501002900302
1789658963.846805,4.176500999165
1789658963.8480666,4.92900099925464
1789658963.8483,3.5151010015397333
1789658963.848844,5.222200998105109
1789658963.8490198,4.066001001774566
1789658963.8497066,3.960900998208672
1789658963.8499923,3.7484010026673786
1789658963.850221,6.230502000107663
1789658963.850264,5.274201997963246
1789658963.8508575,4.492200998356566
1789658963.8514054,4.593801000737585
1789658963.8515744,3.503400999761652
1789658963.852263,3.237000997614814
1789658963.8527157,4.410901001392631
1789658963.8532448,4.394900999614038
1789658963.8536701,3.9580010015924927
1789658963.8539386,3.9404010021826252
1789658963.8549023,4.674300998885883
1789658963.8551702,3.5901010014640633
1789658963.8553252,2.604500998131698
1789658963.8554566,5.187401002331171
1789658963.8556075,4.1972010003519244
1789658963.8557963,2.547001000493765
1789658963.855887,3.618901002482744
1789658963.8574302,3.7549000007857103
1789658963.8575175,3.5734010016312823
1789658963.8576694,6.806702000176301
1789658963.85909,3.9099009991332423
1789658963.8598099,4.900301002635388
1789658963.859943,4.142200999922352
1789658963.8600745,4.613000997778727
1789658963.8604703,5.138700998941204
1789658963.8607996,3.3596009998291265
1789658963.861403,3.8806000011391006
1789658963.8618145,5.923701999563491
1789658963.8619528,4.278401000192389
1789658963.8622112,3.1108010007301345
1789658963.8622756,6.664001997705782
1789658963.8641098,4.291700999601744
1789658963.8643513,3.543601000274066
1789658963.864814,2.532000002247514
1789658963.8650765,2.858600000763545
1789658963.8651812,3.772101001231931
1789658963.8658218,4.000700999313267
1789658963.8662543,5.77860200064606
1789658963.866398,6.45130200064159
1789658963.8665745,4.616700996848522
1789658963.8666425,6.56240200260072
1789658963.8680618,2.873200999601977
1789658963.8681946,3.8387010026781354
1789658963.8688962,3.0670999985886738
1789658963.869451,4.368000998510979
1789658963.8697224,3.075399999943329
1789658963.8697543,3.495699998893542
1789658963.8705688,5.747201998019591
1789658963.8706188,6.502302003354998
1789658963.871251,4.8488009997527115
1789658963.8715131,2.611701002024347
1789658963.871574,3.50650099790073
1789658963.8723383,5.758800998592051
1789658963.8730943,4.894200999842724
1789658963.873459,3.732500998012256
1789658963.8737001,3.1260999967344105
1789658963.8747036,3.121001002000412
1789658963.8752182,5.458502000692533
1789658963.8756754,4.1559010023775045
1789658963.8758404,6.383101997926133
1789658963.8769464,6.319201002042973
1789658963.8774245,5.077900998003315
1789658963.8777232,3.008100000442937
1789658963.877884,4.179300998657709
1789658963.8779297,6.673701002000598
1789658963.87827,4.8059020009532105
1789658963.8789449,3.7210010013950523
1789658963.879681,3.997601001174189
1789658963.8803,4.453600999113405
1789658963.8806188,7.507201997213997
1789658963.881331,3.601201002311427
1789658963.8816113,3.722200999618508
1789658963.8819048,4.472501001146156
1789658963.8824477,4.512002000410575
1789658963.8832407,3.5523010010365397
1789658963.8833258,2.7008010001736693
1789658963.8835373,5.262000999209704
1789658963.8839314,4.982000999007141
1789658963.8842418,7.2877019993029535
1789658963.8843067,4.001601002528332
1789658963.8844771,2.8615010014618747
1789658963.8857217,3.810201000305824
1789658963.8864608,4.007601000921568
1789658963.8865354,5.199202001676895
1789658963.887119,3.8739009978598915
1789658963.8874774,3.165301000990439
1789658963.8879092,3.972100999817485
1789658963.8881748,3.928600999643095
1789658963.8885372,4.995500999939395
1789658963.889838,6.5039010005421005
1789658963.8901758,3.635499997471925
1789658963.890438,4.711901001428487
1789658963.8906355,3.152500998112373
1789658963.8907487,3.62500099799945
1789658963.8913457,4.877601000771392
1789658963.8922029,4.019800999230938
1789658963.892492,8.009201999811921
1789658963.8930478,5.1326009997865185
1789658963.8935368,4.994401002477389
1789658963.8937845,3.938900998036843
1789658963.8948257,4.642602001695195
1789658963.8953881,4.747000999486772
1789658963.8958457,3.3458009966125246
1789658963.8960762,3.8662010010739323
1789658963.896197,5.444000998977572
1789658963.8968444,3.7915009997959714
1789658963.8968835,6.440402001317125
1789658963.8970623,3.517700999509543
1789658963.8971326,5.781601001217496
1789658963.8980963,2.244399998744484
1789658963.8985224,4.7325010018539615
1789658963.898769,3.937099998438498
1789658963.9003067,3.236800999729894
1789658963.9007244,3.8745009987906087
1789658963.900957,4.069201000675093
1789658963.9015071,5.424900999059901
1789658963.9016774,4.5396010027616285
1789658963.9019058,5.704301001969725
1789658963.9020216,6.6287010013184045
1789658963.9028711,4.097600998647977
1789658963.9034529,4.925802000798285
1789658963.9041488,3.8363010025932454
1789658963.9044094,6.307202002062695
1789658963.904879,3.9149009971879423
1789658963.9049582,4.228400997817516
1789658963.9055862,3.5604010008682963
1789658963.905807,3.8969009983702563
1789658963.9059856,4.473501001484692
1789658963.9061317,4.449400999874342
1789658963.906967,3.509400001348695
1789658963.9070919,4.216601999360137
1789658963.9075937,3.179000999807613
1789658963.908081,3.9233010029420257
1789658963.9092176,3.072201001486974
1789658963.909601,4.71370100058266
1789658963.9106214,4.627500999049516
1789658963.9109275,5.336400998203317
1789658963.9109719,2.8789000025426503
1789658963.9111347,5.323001001670491
1789658963.9112523,4.1559010023775045
1789658963.911505,6.5426020009908825
1789658963.9120488,4.450701002497226
1789658963.9126008,5.628301998513052
1789658963.9139946,4.386200998851564
1789658963.9142451,5.01130100019509
1789658963.9142964,3.3185009997396264
1789658963.9143784,3.2388010004069656
1789658963.915022,3.7646999990101904
1789658963.915831,3.199201000825269
1789658963.9159958,4.486301000724779
1789658963.9161284,5.500602001120569
1789658963.916943,6.010802000673721
1789658963.9170108,3.010501000971999
1789658963.9172723,2.969901001051767
1789658963.9180899,3.703701000631554
1789658963.9182994,6.24530099958065
1789658963.9185853,3.558501000952674
1789658963.9194114,3.2783000024210196
1789658963.9194515,3.4501999980420806
1789658963.9196565,5.405702002462931
1789658963.9206512,4.8141010011022445
1789658963.9207451,3.4674009984883014
1789658963.9213233,3.226200999051798
1789658963.9213686,4.421200999786379
1789658963.9216368,4.621500997018302
1789658963.9225838,3.126300001895288
1789658963.9228654,2.207300000009127
1789658963.9230618,3.3995999983744696
1789658963.9235916,5.286301999149146
1789658963.9248695,5.447502000606619
1789658963.925124,3.4793009981513023
1789658963.9253564,6.7654019985639025
1789658963.9261036,3.230201000405941
1789658963.9261992,4.823800998565275
1789658963.9262583,4.9307010012853425
1789658963.9270308,6.279900997469667
1789658963.9278724,5.281601999740815
1789658963.9283571,3.4765009986585937
1789658963.9285233,4.925900997477584
1789658963.9286704,2.4075010005617514
1789658963.928792,5.726301998947747
1789658963.9294128,3.3016010020219255
1789658963.9307966,5.4339010021067224
1789658963.9308977,3.0196000006981194
1789658963.9311962,4.159901000093669
1789658963.931361,6.231000999832759
1789658963.9322755,3.4781009999278467
1789658963.9327488,4.387101002066629
1789658963.9329183,4.243101000611205
1789658963.9333124,7.107702000212157
1789658963.9339879,3.1840010015002917
1789658963.934301,3.3977009989030194
1789658963.93447,5.05240100028459
1789658963.9345162,5.987501001072815
1789658963.9351652,3.8000010026735254
1789658963.936109,3.185401001246646
1789658963.93679,5.589301999862073
1789658963.9369469,4.66530099947704
1789658963.9374049,4.087101002369309
1789658963.9377396,4.986100997484755
1789658963.938015,3.707900999870617
1789658963.9382374,4.2436010007804725
1789658963.9386535,2.538600001571467
1789658963.9388542,4.333300999860512
1789658963.9394102,4.934600998240057
1789658963.940173,5.001601999538252
1789658963.9411154,4.159901000093669
1789658963.9413006,3.8896010009921156
1789658963.9424565,4.70880099965143
1789658963.9428184,4.79610099864658
1789658963.9431188,4.258200999174733
1789658963.9433818,6.586900999536738
1789658963.9436302,4.9707010002748575
1789658963.943833,5.590700999164255
1789658963.944175,3.9959000023372937
1789658963.944478,5.061402000137605
1789658963.9460177,2.627800997288432
1789658963.9464655,5.1572009979281574
1789658963.9470406,3.2001010004023556
1789658963.9473252,6.2037010029598605
1789658963.9476407,4.515200998866931
1789658963.9478872,5.424000999482814
1789658963.947959,3.4744999975373503
1789658963.9483879,5.564801998843905
1789658963.9488568,5.221301998972194
1789658963.948889,4.7097019996726885
1789658963.9498875,1.9220009999116883
1789658963.9504724,3.4259009989909828
1789658963.9505925,2.7006009986507706
1789658963.9510024,4.976701002306072
1789658963.9512546,3.6073009978281334
1789658963.9513066,4.836100997636095
1789658963.95236,5.029501000535674
1789658963.9533598,4.497501002333593
1789658963.9535656,4.672000999562442
1789658963.9537675,5.375500997615745
1789658963.9538903,3.9971010010049213
1789658963.9542842,3.8071009985287674
1789658963.9549115,3.6510009995254222
1789658963.955028,4.019600997708039
1789658963.9556127,3.248200999223627
1789658963.9558096,4.498300997511251
1789658963.9564393,5.842100999871036
1789658963.9578867,3.9898009999888018
1789658963.9582772,4.501000999880489
1789658963.9585128,4.221201001200825
1789658963.9586024,5.032101002143463
1789658963.9594932,6.125101001089206
1789658963.9597352,4.700800996943144
1789658963.9598048,4.886101000010967
1789658963.9603584,4.543400998954894
1789658963.960793,4.347402002167655
1789658963.9609027,3.0104010002105497
1789658963.9615517,2.9442010018101428
1789658963.9616377,6.020402001013281
1789658963.962826,4.304301000956912
1789658963.9631274,4.839200999413151
1789658963.9636571,3.917000998626463
1789658963.9641256,3.326099998957943
1789658963.964265,4.765301000588806
1789658963.9647815,4.970900998159777
1789658963.9648292,4.46450099843787
1789658963.9650397,4.1323010009364225
1789658963.9653213,3.6786010023206472
1789658963.9656036,4.047600999911083
1789658963.9658973,3.066401000978658
1789658963.9675932,4.456800998013932
1789658963.9678242,3.0373009976756293
1789658963.9681768,3.343001000757795
1789658963.968503,4.233201001625275
1789658963.9689932,5.330400999810081
1789658963.9691474,3.2451010010845494
1789658963.969367,4.040400999656413
1789658963.9694636,4.419501001393655
1789658963.9713972,5.786901001556544
1789658963.9715564,3.72650099961902
1789658963.9716036,7.47230200067861
1789658963.9716766,2.5247999983548652
1789658963.9723465,4.165200996794738
1789658963.9724612,2.9923000001872424
1789658963.9736156,6.01350199940498
1789658963.9740074,5.008902000554372
1789658963.974207,5.699201999959769
1789658963.9744449,3.0411010011448525
1789658963.9749992,2.6465010014362633
1789658963.9755406,3.930800998205086
1789658963.9761806,3.7104010007169563
1789658963.9762502,6.878700998640852
1789658963.9773927,3.7685009992856067
1789658963.9776545,3.6408010018931236
1789658963.9778955,6.214101998921251
1789658963.9780426,3.8313010009005666
1789658963.9789097,7.348502000240842
1789658963.9793167,3.770400999201229
1789658963.9794474,4.998200998670654
1789658963.9799333,3.677400996821234
1789658963.9804466,5.441500998131232
1789658963.980751,3.3508000014990102
1789658963.9811985,5.009601001802366
1789658963.981734,4.073400999914156
1789658963.9819,2.448400999128353
1789658963.9819336,3.018700997927226
1789658963.9820254,4.125301002204651
1789658963.9833806,5.332200998964254
1789658963.9834297,2.9782009987684432
1789658963.9839218,4.59990099989227
1789658963.984547,4.6050009987084195
1789658963.9851744,3.2360999975935556
1789658963.9853442,4.1404009971302
1789658963.9854288,3.6896999990858603
1789658963.985761,3.855800998280756
1789658963.9863737,5.616501999611501
1789658963.9874284,3.993600999820046
1789658963.9880552,4.668200999731198
1789658963.9885392,6.50880100147333
1789658963.98882,3.0536000012943987
1789658963.9890413,4.4884009985253215
1789658963.989108,3.759000999707496
1789658963.9891415,3.708401000039885
1789658963.9892385,5.311701002938207
1789658963.9898965,4.716401999758091
1789658963.9917126,3.1646010029362515
1789658963.992771,5.325901001924649
1789658963.993071,4.244200998073211
1789658963.993265,4.218300997308688
1789658963.993421,4.177500999503536
1789658963.9936345,7.25640100063174
1789658963.99367,5.609501000435557
1789658963.9937696,4.6246009987953585
1789658963.9938662,4.753702000016347
1789658963.995117,5.21420100267278
1789658963.9955091,3.7904009986959863
1789658963.9966815,2.9051009987597354
1789658963.9972138,4.427300998941064
1789658963.9973161,4.04580100075691
1789658963.997429,3.558399999747053
1789658963.9974735,3.799301000981359
1789658963.9979982,4.91990199952852
1789658963.9982002,4.561001998808933
1789658963.9982634,4.837102002056781
1789658963.9997706,4.646001001674449
1789658964.0003273,3.63950099927024
1789658964.000804,5.287400999804959
1789658964.0012329,3.796401000727201
1789658964.0014045,4.185800997220213
1789658964.0018737,4.551900998194469
1789658964.0019124,3.907700000127079
1789658964.002681,2.9049010008748155
1789658964.002925,4.6572009996452834
1789658964.0031722,5.694502000551438
1789658964.0039818,5.777300997579005
1789658964.00453,4.1956009990826715
1789658964.0058038,4.392700997414067
1789658964.0059083,4.665901000407757
1789658964.0061,2.923299998656148
1789658964.00624,4.322701999626588
1789658964.006778,4.899601997749414
1789658964.0070148,6.202701999427518
1789658964.007319,3.3320009970339015
1789658964.0073698,4.684101000748342
1789658964.0076652,4.735901002277387
1789658964.0089142,4.376200999104185
1789658964.009771,3.852401001495309
1789658964.0106888,3.9041010022629052
1789658964.0108013,4.695102001278428
1789658964.011244,5.430301996966591
1789658964.0116735,4.002900997875258
1789658964.0120485,5.80240099952789
1789658964.012412,5.390600999817252
1789658964.012599,5.224401000305079
1789658964.01268,3.759601000638213
1789658964.0131063,5.781700998340966
1789658964.0135624,3.7828009990334976
1789658964.0145652,3.7579009986075107
1789658964.0151107,4.415301002154592
1789658964.0161264,4.071101000590716
1789658964.0163107,3.8916009980312083
1789658964.0164993,4.819801000849111
1789658964.0170348,4.34820100053912
1789658964.0171664,5.914700999710476
1789658964.0175128,3.9458009996451437
1789658964.017698,5.093400999612641
1789658964.0178268,4.715700997621752
1789658964.018936,4.365401000541169
1789658964.0195704,2.5275009975302964
1789658964.0198808,4.763700999319553
1789658964.0209556,3.7815010000485927
1789658964.0210214,3.304600999399554
1789658964.02176,5.627401002129773
1789658964.0218816,5.566201001784066
1789658964.0219855,3.0450999984168448
1789658964.0222607,4.743200999655528
1789658964.0228372,2.9495010021491908
1789658964.022934,5.102901999634923
1789658964.023343,6.83860199933406
1789658964.024354,3.3904009978869
1789658964.02479,5.21200100047281
1789658964.0253882,4.3591009998635855
1789658964.026317,4.323900997405872
1789658964.0264664,3.5256999981356785
1789658964.0269659,5.20040199990035
1789658964.027061,5.174101999728009
1789658964.0279648,5.696001997421263
1789658964.0282917,3.9307010010816157
1789658964.0284739,3.078801000810927
1789658964.028694,5.34500100184232
1789658964.028981,6.137800999567844
1789658964.0294228,4.626000998541713
1789658964.0299144,3.4404010002617724
1789658964.0311472,4.821001999516739
1789658964.0313551,3.3819009986473247
1789658964.0317159,3.4179009999206755
1789658964.0317855,4.813601000932977
1789658964.0323155,3.837001000647433
1789658964.0324967,5.429901000752579
1789658964.0334425,4.447900999366539
1789658964.0342996,3.144599999359343
1789658964.0345576,4.638301001250511
1789658964.0346456,2.924899999925401
1789658964.0348148,3.453299999819137
1789658964.0351057,5.677801000274485
1789658964.0354002,3.6103010024817195
1789658964.0361242,7.423102000757353
1789658964.036871,3.417700998397777
1789658964.0374274,4.925700999592664
1789658964.0387797,4.470800999115454
1789658964.0391796,3.7744000001112
1789658964.0395463,4.717102001450257
1789658964.039837,5.186701997445198
1789658964.0403578,5.247001998213818
1789658964.0407584,4.629101000318769
1789658964.041092,8.771902001171838
1789658964.0417485,7.183702000475023
1789658964.0423462,2.5003000009746756
1789658964.0433986,4.603100998792797
1789658964.0441966,5.006602001230931
1789658964.0471177,9.682302003056975
1789658964.0473347,6.971001002966659
1789658964.0474534,5.097801000374602
1789658964.0476289,10.752502999821445
1789658964.0476668,5.9111019982083235
1789658964.048152,3.947200999391498
1789658964.048345,7.2480020025977865
1789658964.0489783,5.571701996814227
1789658964.049039,8.274002000689507
1789658964.0492468,9.684302000096068
1789658964.0514433,3.9810009984648786
1789658964.0525062,5.377901998144807
1789658964.0537345,4.747901002701838
1789658964.0545447,6.868401000247104
1789658964.054628,6.9928010016155895
1789658964.0547817,7.440402001520852
1789658964.0556176,3.102200000284938
1789658964.0561824,7.136602001992287
1789658964.056394,8.044001999223838
1789658964.0567799,8.619801999884658
1789658964.057114,7.853702001739293
1789658964.0574954,6.041902001015842
1789658964.05823,3.439201002038317
1789658964.0585372,4.794401000253856
1789658964.0588431,4.207701000268571
1789658964.059845,3.655199998320313
1789658964.0604274,5.870002001756802
1789658964.060904,4.112800997972954
1789658964.0611782,5.552401999011636
1789658964.0619292,3.3834009991551284
1789658964.0623183,4.812800998479361
1789658964.062651,5.529600999579998
1789658964.0626986,3.8492009989568032
1789658964.0629303,6.531101000291528
1789658964.0632803,3.4301009982300457
1789658964.0633662,5.126400999870384
1789658964.0649128,3.9953010018507484
1789658964.0655134,5.076900997664779
1789658964.0657485,4.564201000903267
1789658964.066342,3.638500998931704
1789658964.0665154,4.18880099823582
1789658964.0666578,4.722100999060785
1789658964.0678241,4.450501000974327
1789658964.0681229,3.201999999873806
1789658964.0684192,2.8998009984206874
1789658964.0686994,5.414401999587426
1789658964.0687506,6.094601998483995
1789658964.068922,5.987101998471189
1789658964.0691235,3.3712010008457582
1789658964.0706549,4.133301001274958
1789658964.0708978,3.0662009994557593
1789658964.0712569,3.1288010031857993
1789658964.0715692,5.222200998105109
1789658964.071881,5.217901001742575
1789658964.0725946,4.169600997556699
1789658964.0734003,4.27100099841482
1789658964.0734525,4.525800999545027
1789658964.0735946,4.882500998064643
1789658964.0738766,5.1212010002927855
1789658964.074763,3.500201000861125
1789658964.0752156,3.322901000501588
1789658964.0753555,4.692500999226468
1789658964.0760775,2.6173999976890627
1789658964.0763576,5.453500998555683
1789658964.0767784,4.177200997219188
1789658964.0768578,3.257501000916818
1789658964.0778115,4.401400998176541
1789658964.0779288,6.3531019986839965
1789658964.0780942,4.21290099984617
1789658964.0791004,4.32660099977511
1789658964.0804887,3.620700001192745
1789658964.080843,5.61440199817298
1789658964.0809946,4.624201999831712
1789658964.081248,3.4264009991602506
1789658964.0814042,5.320002001099056
1789658964.082155,5.369100999814691
1789658964.0823603,3.250901001592865
1789658964.0828662,4.93150100010098
1789658964.083113,5.013301000872161
1789658964.0836744,2.6717000000644475
1789658964.0845675,9.203702000377234
1789658964.0848386,3.9865010003268253
1789658964.0853963,4.899002000456676
1789658964.0854638,4.054501001519384
1789658964.0854993,4.245100997650297
1789658964.0856452,3.281000997958472
1789658964.0864937,4.3329010004526936
1789658964.0866814,3.8103010010672733
1789658964.0877912,2.946099997643614
1789658964.0881147,4.995301002054475
1789658964.088331,2.928900001279544
1789658964.0884972,4.818801000510575
1789658964.088874,4.2992009985027835
1789658964.0900605,4.409600998769747
1789658964.0905604,5.090001002827194
1789658964.09114,5.6358010006078985
1789658964.0915015,4.8128010021173395
1789658964.091581,5.081200997665292
1789658964.09186,4.062700998474611
1789658964.0923135,4.192701002466492
1789658964.0924313,3.551300000253832
1789658964.09293,4.42800100063323
1789658964.0947182,4.648000998713542
1789658964.0949168,3.7714010031777434
1789658964.0949996,6.66410200210521
1789658964.0952203,4.654200998629676
1789658964.095335,3.0151009996188805
1789658964.0958736,4.285900999093428
1789658964.0964854,4.9744009993446525
1789658964.0967376,4.871301000093808
1789658964.09688,3.943801002606051
1789658964.0974157,4.979402001481503
1789658964.0986145,3.6919009980920237
1789658964.0987048,3.9807009998185094
1789658964.098907,3.9025009973556735
1789658964.0992758,3.3975009973801207
1789658964.0996401,4.300700999010587
1789658964.1000829,4.857101001107367
1789658964.1003711,3.629000999353593
1789658964.1011233,4.632101001334377
1789658964.1016445,4.224401000101352
1789658964.1019046,5.020302000048105
1789658964.1024199,3.506501001538709
1789658964.102925,3.2809010008350015
1789658964.1030426,4.42320100046345
1789658964.1036847,4.97500100027537
1789658964.1039312,2.8031010006088763
1789658964.1043417,5.061900999862701
1789658964.104571,4.483101001824252
1789658964.1054068,5.031100998166949
1789658964.1059856,4.07510099830688
1789658964.106935,4.001700999651803
1789658964.1072993,3.3628009987296537
1789658964.107397,4.350301001977641
1789658964.1076295,5.981001002510311
1789658964.107747,5.320601001585601
1789658964.1085215,3.943001000152435
1789658964.10879,2.7973000032943673
1789658964.1093886,5.038801002228865
1789658964.1096458,5.955802000244148
1789658964.110372,4.958500998327509
1789658964.110823,3.8753010012442246
1789658964.1115417,3.7892010004725307
1789658964.111747,4.442301000381121
1789658964.1124094,4.772601001604926
1789658964.112495,3.6975010007154197
1789658964.113017,3.621800999098923
1789658964.1132803,4.75220100270235
1789658964.1134205,3.76959999994142
1789658964.113652,6.25010099975043
1789658964.1145933,4.211800998746185
1789658964.115158,2.6581009988149162
1789658964.1154718,3.925201002857648
1789658964.1159637,4.2099009988305625
1789658964.1163287,5.495801000506617
1789658964.1168091,3.7867009996261913
1789658964.1177883,4.50070100123412
1789658964.1180186,4.362101997685386
1789658964.1181118,2.6349010004196316
1789658964.118157,4.731302000436699
1789658964.1184733,3.873500998452073
1789658964.1193402,6.925401998159941
1789658964.1194372,3.4676010000112
1789658964.1203423,5.178501000045799
1789658964.1204417,3.6275009988457896
1789658964.1213744,3.579701002308866
1789658964.1219277,3.810399997746572
1789658964.1220064,3.529101002641255
1789658964.1225286,6.194401998072863
1789658964.1232955,3.852401001495309
1789658964.1236455,2.265901002829196
1789658964.1238704,5.7092009992629755
1789658964.124083,6.059601000742987
1789658964.124398,5.05250099740806
1789658964.1247613,2.827600997989066
1789658964.1257727,5.421301000751555
1789658964.1261752,5.727402000047732
1789658964.1267297,3.079701000388013
1789658964.1271143,3.810201000305824
1789658964.127313,5.301301000145031
1789658964.1273522,4.816901000594953
1789658964.1282637,4.388001001643715
1789658964.1284442,4.04080100270221
1789658964.128889,4.801400998985628
1789658964.1296043,3.822701000899542
1789658964.129758,4.990200999600347
1789658964.130482,3.1632009995519184
1789658964.1310964,3.7382009977591224
1789658964.1313264,4.591801000060514
1789658964.131669,2.7753009999287315
1789658964.1319747,4.850601002544863
1789658964.1326375,4.368201000033878
1789658964.1328194,4.3701009999495
1789658964.1331034,6.922401000338141
1789658964.1333573,3.7484009990294
1789658964.1344955,3.162300999974832
1789658964.1351032,3.4296010016987566
1789658964.1353552,2.7119009973830543
1789658964.1354153,4.313301000365755
1789658964.1356208,3.6404009988473263
1789658964.1358874,6.123101997218328
1789658964.1368856,4.060601000674069
1789658964.1374,4.038101000332972
1789658964.1378303,4.722100999060785
1789658964.1381023,3.6011999982292764
1789658964.1385806,8.093701999314362
1789658964.1398213,4.71120099973632
1789658964.1399524,4.325701000198023
1789658964.1401618,4.741600998386275
1789658964.1405392,2.695101000426803
1789658964.1409047,5.545001000427874
1789658964.1412885,4.396101001475472
1789658964.1418128,4.408101001899922
1789658964.1419053,6.012400997860823
1789658964.1419988,3.8925010012462735
1789658964.1429594,2.41050099793938
1789658964.1433318,4.744401001516962
1789658964.1438303,3.662300998257706
1789658964.1447437,4.7828009992372245
1789658964.1450403,3.2215009996434674
1789658964.145124,5.296500999975251
1789658964.1454453,4.149401000177022
1789658964.1457546,3.751401000045007
1789658964.1465755,3.2344999999622814
1789658964.147152,5.240402002527844
1789658964.147447,4.480501000216464
1789658964.1479287,7.019002001470653
1789658964.1480649,3.314401001262013
1789658964.148098,4.262000999005977
1789658964.1488886,3.129501001239987
1789658964.149087,4.040400999656413
1789658964.150004,3.4222009999211878
1789658964.1502268,5.098600999190239
1789658964.1508114,5.359500999475131
1789658964.1512187,4.0603010020277
1789658964.1515615,3.492301002552267
1789658964.152061,2.968101001897594
1789658964.1521378,4.685900999902515
1789658964.1524034,4.301100998418406
1789658964.1528978,4.004001002613222
1789658964.1538553,2.6289999987056945
1789658964.1539447,6.011200999637367
1789658964.1544273,4.41840100029367
1789658964.1546774,3.861000997858355
1789658964.1554716,3.4043009982269723
1789658964.1560645,4.497000998526346
1789658964.1561434,5.912002001423389
1789658964.156311,3.4076009978889488
1789658964.1568654,4.722800997114973
1789658964.1577191,5.310801003361121
1789658964.157899,4.037401002278784
1789658964.158918,4.2297010004404
1789658964.1592808,3.8006009999662638
1789658964.1596215,5.67220200173324
1789658964.160278,3.962301001593005
1789658964.1603534,4.284201000700705
1789658964.1605332,4.385200998513028
1789658964.1608872,3.1627009993826505
1789658964.1611502,4.2791010018845554
1789658964.161712,7.279802000994096
1789658964.1622987,4.392101000121329
1789658964.1630626,2.167900001950329
1789658964.163674,3.132401001494145
1789658964.1638215,4.892902001301991
1789658964.164387,4.104201001609908
1789658964.1645033,5.215401000896236
1789658964.1650653,5.438501000753604
1789658964.165248,3.531400998326717
1789658964.165785,4.629301001841668
1789658964.166025,2.3441999983333517
1789658964.166167,2.3412000009557232
1789658964.1667619,6.403800998668885
1789658964.168136,3.0641009980172385
1789658964.1685457,2.5156009978672955
1789658964.16859,4.197701000521192
1789658964.1686995,5.6313019995286595
1789658964.1688497,6.546802000229945
1789658964.1694624,4.209301001537824
1789658964.1695495,5.042100998252863
1789658964.1704168,4.244601001119008
1789658964.1705701,4.779701001098147
1789658964.171757,4.98770199919818
1789658964.1721864,3.5907009987568017
1789658964.1724539,3.599601001042174
1789658964.1727803,4.228400997817516
1789658964.1730068,3.4526010022091214
1789658964.1739972,3.421200999582652
1789658964.1741076,5.9633009987010155
1789658964.1741724,4.705200997705106
1789658964.1743429,5.638901002384955
1789658964.1749613,3.19639999725041
1789658964.175144,4.721700999652967
1789658964.1759846,3.7910009996267036
1789658964.1774242,4.636300996935461
1789658964.177567,3.217400997527875
1789658964.1776268,5.168201001652051
1789658964.1783688,5.3541009983746335
1789658964.1787288,2.7380000028642826
1789658964.1789517,4.94850099858013
1789658964.1789844,4.016201000922592
1789658964.1797094,5.532900999241974
1789658964.1806822,5.53220199799398
1789658964.1808236,6.711202000587946
1789658964.1811686,2.791900999000063
1789658964.1815798,4.006500999821583
1789658964.1822183,4.787701000168454
1789658964.1825325,4.900700998405227
1789658964.182574,2.860400996723911
1789658964.1828756,4.142500998568721
1789658964.1831982,2.509599999029888
1789658964.1840699,5.079801998363109
1789658964.1846418,3.4678010015340988
1789658964.1847754,5.819101999804843
1789658964.1851137,4.285000999516342
1789658964.185859,3.3219009965250734
1789658964.1863701,4.146400999161415
1789658964.1864645,4.879601001448464
1789658964.1866827,3.802000999712618
1789658964.186904,4.325701000198023
1789658964.1875114,4.307601000618888
1789658964.1877866,3.0065999999351334
1789658964.1885474,4.472200998861808
1789658964.1899836,5.33300100141787
1789658964.1905787,4.202201002044603
1789658964.1907036,4.23450100061018
1789658964.1907895,3.88120100251399
1789658964.190858,4.171201002463931
1789658964.1909273,5.8088009973289445
1789658964.191383,5.518201000086265
1789658964.1916273,4.109700999833876
1789658964.192862,2.8670009996858425
1789658964.193484,4.930201001116075
1789658964.194117,6.324101999780396
1789658964.194297,3.5024009994231164
1789658964.194969,3.5792009985016193
1789658964.1951787,4.246901000442449
1789658964.1957543,4.890800999419298
1789658964.195926,5.2179009981045965
1789658964.1965036,3.0135009983496275
1789658964.196585,3.714800997840939
1789658964.1968513,6.267102002311731
1789658964.1970944,5.463001998577965
1789658964.197389,3.264601000410039
1789658964.1989508,3.7660009984392673
1789658964.1992617,2.7527999991434626
1789658964.20028,5.3038010009913705
1789658964.2003596,4.429300999618135
1789658964.2005,3.4015009987342637
1789658964.2007017,6.39800200224272
1789658964.20129,4.700301000411855
1789658964.201495,4.639401002350496
1789658964.2016835,2.416900999378413
1789658964.2025323,5.138401000294834
1789658964.202972,7.212601998617174
1789658964.2030437,2.6784010005940218
1789658964.2032666,2.9812010034220293
1789658964.2041638,3.6584999979822896
1789658964.2052257,3.724901001987746
1789658964.205326,4.03140100024757
1789658964.2058475,6.8913020004401915
1789658964.2060447,4.357100999186514
1789658964.2064333,3.896301001077518
1789658964.2068045,3.53320099748089
1789658964.207422,4.371000999526586
1789658964.207715,7.0073009992484
1789658964.2080185,2.687399999558693
1789658964.2083209,5.342501000995981
1789658964.209295,5.12300199989113
1789658964.2096252,3.5748010013776366
1789658964.2103355,4.479700997762848
1789658964.2105973,5.36450100116781
1789658964.2113688,3.9401009998982772
1789658964.2117543,3.730200998688815
1789658964.2121005,5.662700998072978
1789658964.2121525,5.343400996935088
1789658964.212736,5.01620099748834
1789658964.2129126,3.612301003158791
1789658964.2135956,5.268502001854358
1789658964.213962,3.6185010030749254
1789658964.2149472,3.57150100171566
1789658964.2151067,4.5027009982732125
1789658964.2153132,5.683300998498453
1789658964.2156193,3.461200998572167
1789658964.2162168,3.4765009986585937
1789658964.2162988,3.3818000010796823
1789658964.2165155,4.756201000418514
1789658964.217609,5.498602000443498
1789658964.2182086,4.241000999172684
1789658964.2183871,4.7865009983070195
1789658964.218513,2.8893010021420196
1789658964.2188153,3.703201000462286
1789658964.2198763,4.92160100111505
1789658964.2199376,4.619700997864129
1789658964.2205417,4.319501000281889
1789658964.2206297,4.109201003302587
1789658964.2210975,2.875099999073427
1789658964.2212195,4.916501999105094
1789658964.2223413,3.82320100106881
1789658964.2224867,4.095501000847435
1789658964.222856,5.240400998445693
1789658964.2237291,3.78710099903401
1789658964.2243836,5.562600999837741
1789658964.2247322,4.84920099916053
1789658964.2249515,3.726800001459196
1789658964.2251034,4.556200998194981
1789658964.2261257,3.776001001824625
1789658964.2262735,5.6369020021520555
1789658964.226415,5.305501999828266
1789658964.2267616,4.269401000783546
1789658964.2268684,4.007501000160119
1789658964.2279005,3.1595010004821233
1789658964.2280018,4.267300999345025
1789658964.2286475,3.690401001222199
1789658964.2293084,4.919601000437979
1789658964.2298121,3.0379010022443254
1789658964.2304437,4.164400997979101
1789658964.2309768,4.557200998533517
1789658964.2310574,5.9480020026967395
1789658964.2315078,3.500701001030393
1789658964.2316062,5.472501001349883
1789658964.2318163,4.94350100052543
1789658964.2324262,4.5200010026746895
1789658964.2336786,5.023601999710081
1789658964.2338011,4.487501999392407
1789658964.2340217,3.572000998246949
1789658964.2341394,4.315500998927746
1789658964.2346914,3.6283010012994055
1789658964.23496,3.9783009997336194
1789658964.236195,4.582200999720953
1789658964.2364688,4.037100999994436
1789658964.2367423,5.229201000474859
1789658964.2370217,5.200701001740526
1789658964.2373955,3.5887999983970076
1789658964.2376885,2.992200999869965
1789658964.2378602,4.174501002125908
1789658964.2390277,4.882500998064643
1789658964.2393587,5.331800999556435
1789658964.2398229,4.857900999923004
1789658964.2404156,3.9410009994753636
1789658964.2405872,4.387300999951549
1789658964.2406502,3.6237009990145452
1789658964.2411246,4.376200999104185
1789658964.2413125,3.9116010011639446
1789658964.2422802,3.245300998969469
1789658964.2426267,2.7966010020463727
1789658964.2428856,3.520901002048049
1789658964.2435777,5.883400997845456
1789658964.244176,3.582301000278676
1789658964.2446737,4.252201000781497
1789658964.245316,7.449800999893341
1789658964.2456915,3.4054999996442348
1789658964.2459683,5.312901997967856
1789658964.2461123,2.5284010007453617
1789658964.246368,5.05050200081314
1789658964.2466571,5.526901997654932
1789658964.247076,4.444600999704562
1789658964.2480903,5.197701000724919
1789658964.2490482,4.864801001531305
1789658964.2491875,3.866101000312483
1789658964.2493076,4.628500999388052
1789658964.2494717,3.099000001384411
1789658964.2499318,3.8039999999455176
1789658964.250333,3.6720009993587155
1789658964.2509818,5.284301998472074
1789658964.2516105,5.636000998492818
1789658964.2522712,4.1739010011951905
1789658964.2523153,5.227700999967055
1789658964.2525918,3.2801009983813856
1789658964.2532334,3.2960009993985295
1789658964.2533746,3.8978010015853215
1789658964.2536376,3.30010000106995
1789658964.2536838,4.491800998948747
1789658964.253826,4.7725010008434765
1789658964.2551222,3.5045010008616373
1789658964.2559118,3.634001001046272
1789658964.2560246,5.037201000959612
1789658964.2563288,2.6405010030430276
1789658964.2570186,4.698001001088414
1789658964.257329,4.090801001439104
1789658964.257702,5.105901000206359
1789658964.2579775,4.146400999161415
1789658964.2585247,5.144201997609343
1789658964.2594304,3.0946009974286426
1789658964.2596035,4.475101002753945
1789658964.2598307,3.9127010022639297
1789658964.2599654,6.3234019980882294
1789658964.260503,4.473300999961793
1789658964.261803,4.775500998221105
1789658964.2620795,4.0936010009318125
1789658964.2624006,4.692900998634286
1789658964.2631438,4.612500997609459
1789658964.2634218,3.5846009996021166
1789658964.2635477,6.213402000867063
1789658964.263793,3.8228010016609915
1789658964.2648501,5.240500999207143
1789658964.2650564,4.548100998363225
1789658964.265434,3.348000998812495
1789658964.2656853,3.2796010018500965
1789658964.265857,6.4204009977402166
1789658964.266024,2.8754999984812457
1789658964.2667232,4.913002001558198
1789658964.2670493,3.25220100057777
1789658964.2681649,3.3077010011766106
1789658964.2683487,4.795300999830943
1789658964.2691483,3.2856010002433322
1789658964.26978,3.751101001398638
1789658964.2698245,4.763300999911735
1789658964.2700715,4.381400998681784
1789658964.270399,6.970701000682311
1789658964.2707453,4.015100999822607
1789658964.2711046,5.665102002240019
1789658964.2715383,3.366901000845246
1789658964.2720852,3.7321009986044373
1789658964.2725043,2.6749009994091466
1789658964.2729897,5.936100998951588
1789658964.2740886,3.6786010023206472
1789658964.2742782,4.201800998998806
1789658964.2748508,3.306400998553727
1789658964.2749784,4.225901000609156
1789658964.2751052,3.9959010027814656
1789658964.2752886,6.135501997050596
1789658964.2754233,3.3328009994875174
1789658964.2762146,3.2194010018429253
1789658964.276755,6.968302001041593
1789658964.2774138,4.903200999251567
1789658964.2779207,3.825101000984432
1789658964.2782533,3.9590009982930496
1789658964.279169,4.181901000265498
1789658964.2799408,1.6795009978523012
1789658964.2801497,3.387300999747822
1789658964.2803469,5.235901000560261
1789658964.2810667,3.139501000987366
1789658964.2812204,5.000000997824827
1789658964.281432,6.575800998689374
1789658964.2817004,6.4077009992615785
1789658964.2823508,4.931901003146777
1789658964.282691,3.5145999972883146
1789658964.2827833,7.35550100216642
1789658964.2841868,2.960901001642924
1789658964.2843108,3.238600998884067
1789658964.28438,4.225401000439888
1789658964.2844942,4.142200999922352
1789658964.2848475,3.1431009992957115
1789658964.285736,5.787500998849282
1789658964.2862556,3.4674009984883014
1789658964.286342,3.9870009968581144
1789658964.2870228,5.586200997640844
1789658964.2872167,4.520701000728877
1789658964.2878747,3.374301002622815
1789658964.2893522,3.0034009978407994
1789658964.2895052,5.12040099783917
1789658964.2895894,4.737601000670111
1789658964.289739,3.9971010010049213
1789658964.289794,5.478800998389488
1789658964.2899573,5.764700999861816
1789658964.2903595,4.099501002201578
1789658964.2919421,2.5819010006671306
1789658964.2921174,2.6062010001624003
1789658964.2923121,4.431200999533758
1789658964.2923872,5.164802001672797
1789658964.2931452,6.113901999924565
1789658964.2933779,3.577501000108896
1789658964.294107,4.142001002037432
1789658964.2941725,4.57790100335842
1789658964.2944062,4.042101001687115
1789658964.2954228,5.678401001205202
1789658964.2960086,3.6153010005364195
1789658964.2963064,4.357401001470862
1789658964.297379,3.2006010005716234
1789658964.297593,5.275401003018487
1789658964.2977972,5.662701001710957
1789658964.2978692,4.486100999201881
1789658964.2979453,3.534601000865223
1789658964.298371,4.255601001204923
1789658964.2987604,2.448500003083609
1789658964.299867,6.714002000080654
1789658964.3000796,4.652002000511857
1789658964.3001778,2.5790010004129726
1789658964.3009014,2.9499010015570093
1789658964.3010654,3.263200997025706
1789658964.3015833,5.569101002038224
1789658964.301867,4.482201002247166
1789658964.3029468,4.566301002341788
1789658964.3035781,3.70420000035665
1789658964.3037236,3.541199999745004
1789658964.3038375,5.963701998553006
1789658964.3042803,3.373501000169199
1789658964.3046908,4.606701000739122
1789658964.3049364,3.864001002511941
1789658964.3051977,3.6071010035811923
1789658964.306818,8.051701999647776
1789658964.3071373,3.2939000011538155
1789658964.307264,5.392500999732874
1789658964.3081717,2.966200998343993
1789658964.308655,5.068501999630826
1789658964.3088057,4.517600998951821
1789658964.3088906,5.162301997188479
1789658964.308935,5.978601999231614
1789658964.3092368,4.541100999631453
1789658964.3100393,5.095900996821001
1789658964.3108354,3.691801000968553
1789658964.3109992,4.1755010024644434
1789658964.311312,4.0435009977954905
1789658964.3129997,4.101100999832852
1789658964.3131628,3.9203010019264184
1789658964.313213,3.1677010010753293
1789658964.313574,2.570300999650499
1789658964.3137302,5.067800997494487
1789658964.3138463,5.669100999512011
1789658964.3140566,5.116700998769375
1789658964.3141544,5.341601001418894
1789658964.315019,4.175900998234283
1789658964.3160164,4.700100998888956
1789658964.3169427,3.9322010015894193
1789658964.3173158,3.736000999197131
1789658964.3173914,4.172901000856655
1789658964.3179948,4.143301001022337
1789658964.3184342,3.4107009996660054
1789658964.318527,4.368001002148958
1789658964.318608,4.545101000985596
1789658964.3188019,5.066401001386112
1789658964.3194845,6.3163010017888155
1789658964.3197327,2.7838000023621134
1789658964.3207529,4.729102001874708
1789658964.321326,4.003900998213794
1789658964.3218737,4.477600999962306
1789658964.3219888,3.375300999323372
1789658964.3225367,4.096901000593789
1789658964.3229747,3.2370010012527928
1789658964.3235936,4.104301002371358
1789658964.323636,5.104700998344924
1789658964.323722,2.390699999523349
1789658964.3240826,6.082700998376822
1789658964.3243747,5.567001000599703
1789658964.3258166,5.052501001046039
1789658964.3258927,4.012700999737717
1789658964.326446,4.451400996913435
1789658964.326592,3.612001000874443
1789658964.3277824,4.0532009988965
1789658964.328654,6.1059020008542575
1789658964.329101,4.711802001111209
1789658964.3294728,5.87310199989588
1789658964.3299813,4.081801002030261
1789658964.33009,6.4496020022488665
1789658964.330219,3.6222009985067416
1789658964.330336,2.5479010000708513
1789658964.3306339,4.1813009993347805
1789658964.3313837,7.296902000234695
1789658964.3315618,5.739300999266561
1789658964.3324835,3.8168999999470543
1789658964.3328447,2.749701001448557
1789658964.333071,3.9579010008310433
1789658964.3331852,3.707400999701349
1789658964.3334763,3.4887010006059427
1789658964.3345966,3.9571009983774275
1789658964.3350596,4.8345010000048205
1789658964.3360977,2.906400000938447
1789658964.3366508,5.082700998173095
1789658964.3368876,4.390602000057697
1789658964.3374043,7.062301996484166
1789658964.3375776,4.501601000811206
1789658964.3376727,4.821301001356915
1789658964.3378956,4.415100996993715
1789658964.338788,7.400001999485539
1789658964.3390315,2.926801000285195
1789658964.3399982,2.4132999969879165
1789658964.3401647,5.099100999359507
1789658964.340743,2.842000001692213
1789658964.3411243,3.4452010004315525
1789658964.3414109,4.7529020012007095
1789658964.3414726,6.871002002299065
1789658964.3415492,4.6540009971067775
1789658964.3424535,5.04270099918358
1789658964.3430746,4.036500999063719
1789658964.3439748,5.17810100063798
1789658964.3446734,4.50060100047267
1789658964.3450263,4.271100999176269
1789658964.3452296,5.220401999395108
1789658964.3454082,3.9301010001508985
1789658964.3463562,5.222801002673805
1789658964.3466125,4.151501001615543
1789658964.3466837,5.129301000124542
1789658964.347716,3.7330009981815238
1789658964.347968,6.551400998432655
1789658964.3481011,3.4210009980597533
1789658964.3485727,5.49260100160609
1789658964.3489227,3.6854999998467974
1789658964.3494859,4.07230100245215
1789658964.3500142,3.6513010018097702
1789658964.3508039,4.185701000096742
1789658964.3509028,5.863202000909951
1789658964.3518786,4.156201001023874
1789658964.351925,3.8191009989532176
1789658964.351971,3.3935009996639565
1789658964.3521638,5.475401001604041
1789658964.3529892,4.9850010000227485
1789658964.3533814,4.4532020001497585
1789658964.3539386,3.9187010006571654
1789658964.3541343,3.3241010023630224
1789658964.355602,3.4309010006836616
1789658964.3557806,4.872501001955243
1789658964.3563352,4.40400099978433
1789658964.3564663,4.5814009972673375
1789658964.356735,4.75980099872686
1789658964.3575044,8.013402002688963
1789658964.3580706,2.4608010025986005
1789658964.3582985,4.3525010005396325
1789658964.3587444,4.601701002684422
1789658964.3589752,5.587400999502279
1789658964.3591888,3.402600999834249
1789658964.3593385,6.34240200088243
1789658964.3606844,4.334701003244845
1789658964.361163,4.690200999903027
1789658964.3616807,2.697501000511693
1789658964.3619363,3.6307010013842955
1789658964.3624518,5.709701999876415
1789658964.3637042,3.0095010006334633
1789658964.3638499,6.339900999591919
1789658964.3641405,4.796601002453826
1789658964.3645666,5.813700998260174
1789658964.3650146,5.81970099665341
1789658964.3659148,4.228600999340415
1789658964.366063,4.893001998425461
1789658964.3662813,4.339000999607379
1789658964.366657,8.579802000895143
1789658964.367145,4.685800999141065
1789658964.3675005,3.790601000218885
1789658964.3677752,3.9201010004035197
1789658964.3682177,3.1974010016710963
1789658964.3682508,4.1050010004255455
1789658964.3685927,4.009600997960661
1789658964.3687334,2.811700000165729
1789658964.3695753,2.4236999997810926
1789658964.3700502,3.7634010004694574
1789658964.3701642,4.094601001270348
1789658964.3706026,3.09740100055933
1789658964.3716917,5.029700998420594
1789658964.372674,4.416400999616599
1789658964.3727713,4.0300010005012155
1789658964.3735156,3.4597999983816408
1789658964.3735757,4.976401000021724
1789658964.3740888,5.8661020011641085
1789658964.3741646,6.3847020028333645
1789658964.3746984,4.528200999629917
1789658964.3750207,4.386300999613013
1789658964.3754325,3.7343010008044075
1789658964.3754816,5.900901996938046
1789658964.3766937,4.005900998890866
1789658964.377613,3.5124999994877726
1789658964.3780987,4.51750100182835
1789658964.3783407,5.561702000704827
1789658964.37847,3.76520099962363
1789658964.378721,5.200201998377452
1789658964.3788226,4.652900999644771
1789658964.3799183,4.890700998657849
1789658964.3802662,4.828500997973606
1789658964.3803325,4.84660100119072
1789658964.3809516,4.2462009987502825
1789658964.382014,3.9084009986254387
1789658964.3822973,4.675102001783671
1789658964.3824482,3.9733010016789194
1789658964.3826923,4.345900997577701
1789658964.3831918,4.465301000891486
1789658964.3836784,4.8504010010219645
1789658964.3842368,4.312301000027219
1789658964.3852818,5.005101000278955
1789658964.3855808,5.243001000053482
1789658964.3861165,3.4191999984614085
1789658964.3861578,4.13790099992184
1789658964.3867164,4.413400998600991
1789658964.3868048,5.84880200040061
1789658964.386896,3.69970100291539
1789658964.3871646,4.710001001512865
1789658964.387694,4.010200998891378
1789658964.389205,4.955200998665532
1789658964.3899167,3.792201001488138
1789658964.390642,5.054802000813652
1789658964.3907156,4.55210200016154
1789658964.3907852,4.064201002620393
1789658964.3908968,3.727500999957556
1789658964.3911643,4.26140099807526
1789658964.3917515,6.459801999881165
1789658964.392353,2.428300998872146
1789658964.3924243,4.721301000245148
1789658964.3925726,3.3567009995749686
1789658964.3938067,6.993000999500509
1789658964.3944218,3.249800000048708
1789658964.3945825,3.9346000012301374
1789658964.3946822,2.9237000017019454
1789658964.3961222,3.6857009981758893
1789658964.3963284,3.969700999732595
1789658964.3966901,5.788600999949267
1789658964.3970058,6.286001000262331
1789658964.3970616,4.48380099987844
1789658964.3972208,6.431200999941211
1789658964.3973985,3.5848010011250153
1789658964.3975184,2.8315000017755665
1789658964.3989816,4.5546019973699
1789658964.4000008,3.6641010010498576
1789658964.4002702,4.138300999329658
1789658964.4006968,3.2939010015979875
1789658964.4008338,3.7666009993699845
1789658964.4009762,6.386901997757377
1789658964.4015696,4.047000998980366
1789658964.402024,4.798401001607999
1789658964.4020925,5.397100998379756
1789658964.402137,5.126800999278203
1789658964.4036264,3.3493010014353786
1789658964.404274,5.286001000058604
1789658964.404338,3.6349010006233584
1789658964.404703,4.694800998549908
1789658964.4049075,2.7655009980662726
1789658964.4055781,4.7396009977092035
1789658964.405805,3.7068010024086107
1789658964.405974,4.399700999783818
1789658964.4061265,5.14440099868807
1789658964.4071808,5.150802000571275
1789658964.4080286,3.745800997421611
1789658964.408455,3.74560100317467
1789658964.408548,2.735701000347035
1789658964.4086852,3.7721009975939523
1789658964.4093258,4.9773009995988104
1789658964.4096718,6.039100997440983
1789658964.4101343,2.9470000008586794
1789658964.410748,4.766000998642994
1789658964.4110746,4.943201001879061
1789658964.4117467,3.0535009973391425
1789658964.4120288,3.9921009993122425
1789658964.4125645,4.010501001175726
1789658964.4131997,3.8639010017504916
1789658964.4132893,4.827700999157969
1789658964.413367,7.784101999277482
1789658964.4141014,3.3463010004197713
1789658964.4144664,4.327000999182928
1789658964.4153051,3.5510999987309333
1789658964.4154568,3.422801000851905
1789658964.4156597,3.0896009993739426
1789658964.415873,6.195401998411398
1789658964.415907,2.534401002776576
1789658964.4169347,5.852902002516203
1789658964.417237,3.9418010019289795
1789658964.418374,4.266101001121569
1789658964.4185052,5.300200999045046
1789658964.4190214,3.143500001897337
1789658964.4192493,3.937700999813387
1789658964.4197035,5.2092020014242735
1789658964.4200184,3.075600998272421
1789658964.4201212,4.456000999198295
1789658964.4215472,5.633101001876639
1789658964.4217064,6.245000997296302
1789658964.4221709,4.9267009999311995
1789658964.422568,4.187100999843096
1789658964.422952,2.825199997460004
1789658964.4230416,4.015801001514774
1789658964.4232538,4.7439010013476945
1789658964.423549,3.8365000000339933
1789658964.423588,4.333200999099063
1789658964.4252014,3.021901000465732
1789658964.4256113,4.055101002450101
1789658964.425991,3.0323009996209294
1789658964.426648,3.388901001017075
1789658964.4269094,5.195701000047848
1789658964.4272478,7.221201001812005
1789658964.427361,4.31440100146574
1789658964.4282675,4.712502002803376
1789658964.4289157,5.320501997630345
1789658964.4292266,4.01690099897678
1789658964.4296315,3.631300998677034
1789658964.4301214,7.547402001364389
1789658964.4303167,4.698001001088414
1789658964.430633,3.378301000338979
1789658964.4314167,2.4946999983512796
1789658964.4314818,4.56610100081889
1789658964.4323232,4.955601998517523
1789658964.4328387,4.564000999380369
1789658964.4330254,2.8983009979128838
1789658964.4333947,3.752701002667891
1789658964.4336052,4.372601000795839
1789658964.4344149,7.760402000712929
1789658964.4350893,4.4508009996206965
1789658964.4352574,3.768900998693425
1789658964.436461,5.037801998696523
1789658964.4365945,3.7497010016522836
1789658964.4367502,3.1400010011566337
1789658964.437058,6.73670200194465
1789658964.4370918,2.6725009993242566
1789658964.4377093,4.309500996896531
1789658964.4378035,5.4744009976275265
1789658964.4379315,4.9018009995052125
1789658964.4389787,3.884300997015089
1789658964.4396267,4.361201001302106
1789658964.4398792,2.781799998047063
1789658964.440378,3.6230009973223787
1789658964.4405944,3.993800997704966
1789658964.4416542,3.8429010019171983
1789658964.4417882,4.724900998553494
1789658964.44212,5.653401000017766
1789658964.4425683,4.631300998880761
1789658964.444193,6.47270099943853
1789658964.4444277,5.443501999252476
1789658964.4447236,5.0910019999719225
1789658964.444928,5.042901997512672
1789658964.4450643,4.464200999791501
1789658964.4452722,3.6108010026509874
1789658964.445775,5.3910010028630495
1789658964.4460945,3.5209009984100703
1789658964.4471824,5.05720100045437
1789658964.4476342,5.840001002070494
1789658964.4482455,3.8103000006231014
1789658964.4484174,4.215801996906521
1789658964.4489987,4.267901000275742
1789658964.4492674,4.197400998236844
1789658964.4496107,4.333600998506881
1789658964.4497995,4.866900999331847
1789658964.4498858,4.1037010014406405
1789658964.4509087,4.809201000171015
1789658964.4524891,3.2137999987753574
1789658964.4526577,5.017202001909027
1789658964.4528465,5.659702001139522
1789658964.4529498,3.9439009997295216
1789658964.4532802,3.3893010004248936
1789658964.4537911,5.53920200036373
1789658964.4541233,4.319601001043338
1789658964.4542677,5.8454009995330125
1789658964.454438,3.524301002471475
1789658964.4545553,4.940400998748373
1789658964.4557116,3.2141010015038773
1789658964.456296,3.0102999990049284
1789658964.4563384,3.674499999760883
1789658964.4572499,4.293600999517366
1789658964.4574308,3.1582010014972184
1789658964.4577675,3.6373009970702697
1789658964.458641,5.78800099901855
1789658964.4589527,5.154900998604717
1789658964.4592965,3.57670099765528
1789658964.459788,5.226301000220701
1789658964.460505,3.244999999878928
1789658964.4610426,4.6967019989097025
1789658964.4618373,4.398901000968181
1789658964.4619663,5.665001997840591
1789658964.462073,7.630701999005396
1789658964.4621727,3.213200998288812
1789658964.4624085,4.634200999134919
1789658964.4632638,3.960900998208672
1789658964.4634862,3.6916009994456545
1789658964.464582,3.531400001520524
1789658964.4649646,6.313202000455931
1789658964.4653013,3.1227010003931355
1789658964.465932,5.419501998403575
1789658964.4666147,4.535400999884587
1789658964.466748,4.903501001535915
1789658964.4669902,5.018701001972659
1789658964.4673603,3.867700997943757
1789658964.4674795,2.1725000005972106
1789658964.467892,5.478500999743119
1789658964.4689364,4.3480010026542
1789658964.4692829,4.3106009979965165
1789658964.4699008,2.904200999182649
1789658964.4699993,6.730102002620697
1789658964.4700465,4.110100999241695
1789658964.4708126,4.059601000335533
1789658964.4717867,4.41840100029367
1789658964.4719057,2.617199999804143
1789658964.4721153,5.4943009999988135
1789658964.4721591,4.675400999985868
1789658964.4725108,2.458800001477357
1789658964.4733598,5.460602002131054
1789658964.4734855,4.544502000499051
1789658964.4736578,3.653601001133211
1789658964.4740746,4.168400999333244
1789658964.474248,2.454001001751749
1789658964.475599,3.6860010004602373
1789658964.4766316,2.9328000018722378
1789658964.477185,6.365101002302254
1789658964.477438,4.071701001521433
1789658964.477668,3.58870099807973
1789658964.4777691,3.5173010001017246
1789658964.478227,6.106501998146996
1789658964.4783003,6.136901996796951
1789658964.478584,5.094300999189727
1789658964.4786487,6.132802001957316
1789658964.4798071,4.199701001198264
1789658964.480121,3.4728010032267775
1789658964.4810302,3.8350009999703616
1789658964.4816153,3.3093010024458636
1789658964.481794,4.349300998001127
1789658964.482264,3.60780100163538
1789658964.482586,4.811701001017354
1789658964.4834957,3.6807010001211893
1789658964.4836156,5.3841010012547486
1789658964.483741,6.066600999474758
1789658964.4838667,5.2781010017497465
1789658964.484681,3.6429009996936657
1789658964.4856942,5.567201998928795
1789658964.4863005,4.500400998949772
1789658964.4865139,4.89290099721984
1789658964.4867616,4.171100998064503
1789658964.4867942,3.1741010025143623
1789658964.4871414,3.641101000539493
1789658964.4875932,5.322400997101795
1789658964.4878728,4.001500998128904
1789658964.4883318,4.58550099938293
1789658964.4891658,3.4629000001586974
1789658964.4899225,5.2352020029502455
1789658964.4905283,4.007000999990851
1789658964.4906275,3.8617010031885
1789658964.4910085,3.1309010009863414
1789658964.4911811,3.5824009974021465
1789658964.4912903,4.984200997569133
1789658964.491874,4.727400999399833
1789658964.4922144,5.414500999904703
1789658964.4925423,4.205001001537312
1789658964.4941933,5.013901998609072
1789658964.4945834,3.9502009967691265
1789658964.494889,4.961201000696747
1789658964.4951928,4.658801000914536
1789658964.49552,4.505500997765921
1789658964.495829,4.6413009986281395
1789658964.4959583,4.662500999984331
1789658964.497122,5.238400997768622
1789658964.4973135,5.092400999274105
1789658964.497469,4.920201001368696
1789658964.4977322,2.5338999985251576
1789658964.4979835,3.0893000002834015
1789658964.4993854,4.7942009987309575
1789658964.4994943,3.9698010004940443
1789658964.5000849,2.3468010003853124
1789658964.5001657,5.961601000308292
1789658964.5010965,3.0979999974078964
1789658964.5014446,5.480400999658741
1789658964.5017521,5.916900998272467
1789658964.5019243,4.793800999323139
1789658964.502291,4.8162019993469585
1789658964.5025852,5.266601998300757
1789658964.5026734,3.282600999227725
1789658964.5028532,2.683000999240903
1789658964.5042818,4.780400999152334
1789658964.5043733,4.280801000277279
1789658964.5052087,3.7565009988611564
1789658964.5056844,3.9275009985431097
1789658964.5057578,3.1679999992775265
1789658964.5059514,4.849201002798509
1789658964.5064633,3.7855010014027357
1789658964.506748,4.818502002308378
1789658964.5075295,3.149500997096766
1789658964.508045,5.1854010016541
1789658964.5089116,3.1471009970118757
1789658964.509184,3.944800999306608
1789658964.5096083,5.318700998032
1789658964.510064,3.594499998143874
1789658964.5103912,4.434701997524826
1789658964.5107214,3.9669010002398863
1789658964.5107942,8.497301998431794
1789658964.5109973,5.307901999913156
1789658964.511488,3.4348010012763552
1789658964.5121,3.1823009994695894
1789658964.5127254,5.187601000216091
1789658964.5133023,2.904199998738477
1789658964.5140195,3.949000998545671
1789658964.51434,4.72580099813058
1789658964.5150077,5.813002000650158
1789658964.5153153,3.821300997515209
1789658964.5158918,5.09130099817412
1789658964.516129,5.127100997924572
1789658964.516199,5.473100998642622
1789658964.5164268,3.119100998446811
1789658964.5169494,4.217400997731602
1789658964.5176926,3.3451010021963157
1789658964.5184488,3.434700000070734
1789658964.5187867,6.681401999230729
1789658964.5193386,3.134801001579035
1789658964.5196922,4.368901001726044
1789658964.5198448,5.820502003189176
1789658964.5200331,3.899700997862965
1789658964.5202732,4.375600998173468
1789658964.5207438,3.78930100123398
1789658964.521224,3.5252010020485613
1789658964.5225143,2.6632000008248724
1789658964.5227208,3.021600001375191
1789658964.522839,4.384002000733744
1789658964.5229702,2.691501002118457
1789658964.523263,6.831602000602288
1789658964.5240097,4.665401000238489
1789658964.5241942,5.3944009996484965
1789658964.5250294,4.990200999600347
1789658964.5254354,4.205001001537312
1789658964.5263653,3.6383010010467842
1789658964.526748,2.730399999563815
1789658964.5271068,6.355202000122517
1789658964.5276036,5.081502000393812
1789658964.527898,5.052501001046039
1789658964.5280478,5.072100997494999
1789658964.5290527,5.78070099800243
1789658964.5291724,4.1363010022905655
1789658964.52957,5.371400999138132
1789658964.5301104,3.738701001566369
1789658964.5305614,5.120501002238598
1789658964.5310526,3.9402010006597266
1789658964.5313473,3.2920010016823653
1789658964.5320065,4.100300997379236
1789658964.5323272,4.709301003458677
1789658964.5328352,6.079602000681916
1789658964.5331542,3.579401000024518
1789658964.533751,3.6328009991848376
1789658964.5341077,4.930300998239545
1789658964.5342684,5.208601000049384
1789658964.5350902,4.52240100275958
1789658964.535204,3.85230100073386
1789658964.5354633,3.1317010034399573
1789658964.535912,3.07090099886409
1789658964.5359712,4.913001001114026
1789658964.53766,4.497900998103432
1789658964.538213,6.200300998898456
1789658964.5387454,3.6485010023170616
1789658964.5388434,2.9265999983181246
1789658964.539277,5.520300997886807
1789658964.539362,5.249301997537259
1789658964.539909,4.440000997419702
1789658964.5401378,4.928400998323923
1789658964.5406501,2.984001002914738
1789658964.5411139,2.895200999773806
1789658964.5414157,5.439101001684321
1789658964.542351,8.07480200091959
1789658964.5426764,3.308100000140257
1789658964.5428963,4.048101000080351
1789658964.5432234,2.5667000008979812
1789658964.543609,3.4651009991648607
1789658964.5438187,5.067502002930269
1789658964.5451477,5.22170100157382
1789658964.5452602,2.8975010027352255
1789658964.545525,4.102001003047917
1789658964.5461345,2.3086000001057982
1789658964.5462162,5.0963009998667985
1789658964.5468695,7.588101998408092
1789658964.5469708,4.069900998729281
1789658964.5476034,4.374602001917083
1789658964.5483959,3.12650100022438
1789658964.5489295,3.3962010020331945
1789658964.5493817,5.767201000708155
1789658964.5496054,6.922802000190131
1789658964.549638,2.0291000000725035
1789658964.5501893,4.047901002195431
1789658964.5503042,4.083200998138636
1789658964.55043,5.268300999887288
1789658964.5507746,3.7990010023349896
1789658964.5527852,3.845201001240639
1789658964.5529492,4.545800999039784
1789658964.5533516,3.964201001508627
1789658964.553427,6.553102000907529
1789658964.5539386,3.744801000721054
1789658964.5540357,4.393200997583335
1789658964.5544548,4.1463009983999655
1789658964.554671,4.2359010003565345
1789658964.5549972,5.387801000324544
1789658964.5552905,4.511500999797136
1789658964.5569472,4.149401000177022
1789658964.5570886,4.133201000513509
1789658964.5571656,3.808301000390202
1789658964.5577319,3.78710099903401
1789658964.5579882,3.312101001938572
1789658964.5580556,4.623600998456823
1789658964.5582345,3.2279010010825004
1789658964.5590105,4.549700999632478
1789658964.5594494,2.4916999973356724
1789658964.5605264,6.4824019973457325
1789658964.5614421,2.4192009987018537
1789658964.561714,4.618801001925021
1789658964.561963,3.9691010024398565
1789658964.5622766,6.981501999689499
1789658964.5629654,5.22660099886707
1789658964.5631897,6.018901000061305
1789658964.563697,5.636701000184985
1789658964.5639958,4.53940100123873
1789658964.564131,5.892001998290652
1789658964.564435,3.901300999132218
1789658964.565478,3.508400997816352
1789658964.5657225,4.269600998668466
1789658964.566699,2.562699999543838
1789658964.5669932,4.711600999144139
1789658964.5674102,5.690801001037471
1789658964.5676012,3.161799999361392
1789658964.5676565,4.46200100122951
1789658964.5680313,4.329601000790717
1789658964.5688548,5.882401997951092
1789658964.569477,5.476102000102401
1789658964.56967,3.941601000406081
1789658964.5707748,3.112301001237938
1789658964.5710304,4.0305009970325045
1789658964.5711944,5.710700999770779
1789658964.5715077,4.8035010004241485
1789658964.5722258,4.189701001450885
1789658964.5724123,4.997002000891371
1789658964.5729694,3.2941009994829074
1789658964.57316,5.553901999519439
1789658964.5734916,4.009001000667922
1789658964.5740366,5.176500999368727
1789658964.5753415,4.138301002967637
1789658964.5755954,4.557901000225684
1789658964.5757933,5.0107009992643725
1789658964.5762877,4.0541009984735865
1789658964.5766416,3.666000997327501
1789658964.5767257,4.309001000365242
1789658964.576862,3.3660010012681596
1789658964.5769982,5.484901997988345
1789658964.5773523,4.187000999081647
1789658964.5793693,3.072801002417691
1789658964.5794544,5.412100999819813
1789658964.5796902,4.340101000707364
1789658964.579998,2.6413000014144927
1789658964.5804331,4.832000999158481
1789658964.5805593,3.5552000008465257
1789658964.5817182,4.986201001884183
1789658964.5819132,5.264901003101841
1789658964.5819776,5.110800997499609
1789658964.582564,3.186701000231551
1789658964.5827937,3.098200999374967
1789658964.5830853,3.6248010001145303
1789658964.5837681,7.9698020017531235
1789658964.584651,4.647801000828622
1789658964.5847259,4.28770100188558
1789658964.5858583,5.292401998303831
1789658964.5865033,4.777901001943974
1789658964.5867405,4.7571009999956
1789658964.586903,4.985600997315487
1789658964.5872796,4.4813010026700795
1789658964.5879579,4.184801000519656
1789658964.5882778,5.18780100173899
1789658964.5886643,4.005801001767395
1789658964.5893629,4.631202002201462
1789658964.5895426,6.971401999180671
1789658964.589593,3.7290010004653595
1789658964.590367,3.8591010015807115
1789658964.5905733,3.66580100308056
1789658964.5909064,4.160000997217139
1789658964.5918682,3.9018010029394645
1789658964.592081,3.4075010007654782
1789658964.592145,3.8628009970125277
1789658964.592963,5.6767009991745
1789658964.5938163,4.261301000951789
1789658964.5943875,4.789500999322627
1789658964.5947192,4.141500998230185
1789658964.5950108,4.098000998055795
1789658964.5950606,4.6885010015103035
1789658964.5956826,6.313900998065947
1789658964.5963502,3.38060099966242
1789658964.5968914,3.063200001633959
1789658964.5969365,4.849801000091247
1789658964.5970058,5.130100998940179
1789658964.5972862,5.1363019993004855
1789658964.5977721,3.3792009999160655
1789658964.5992067,4.188500999589451
1789658964.5994508,3.7602010015689302
1789658964.5995605,4.495201003010152
1789658964.600472,3.5755009994318243
1789658964.6005917,3.581200999178691
1789658964.6007729,6.049200997949811
1789658964.601349,4.058101003465708
1789658964.601493,4.55200199940009
1789658964.6015496,5.194302000745665
1789658964.6030843,3.6222010021447204
1789658964.6032178,5.440601002192125
1789658964.603756,4.541101003269432
1789658964.6039696,2.470999999786727
1789658964.6045856,5.019601001549745
1789658964.6054466,4.8491020024812315
1789658964.6056955,2.602700998977525
1789658964.605737,5.258701999991899
1789658964.6062279,4.67270099761663
1789658964.6065202,2.544601000408875
1789658964.6070554,3.8326009998854715
1789658964.6073084,6.529901998874266
1789658964.6076264,3.8631009992968757
1789658964.607925,6.569901001057588
1789658964.6089385,3.1935000006342307
1789658964.6093845,3.6825999995926395
1789658964.6095455,4.0932999982032925
1789658964.6098366,5.245501997706015
1789658964.6105056,4.271100999176269
1789658964.6108584,3.797801000473555
1789658964.6124442,4.809000998648116
1789658964.6125557,6.031001001247205
1789658964.6129966,3.4454009983164724
1789658964.6130488,5.735101000027498
1789658964.6131089,3.7195010008872487
1789658964.6132557,5.324401001416845
1789658964.6136029,3.7609999999403954
1789658964.614232,3.3684010013530497
1789658964.6143239,3.813400999206351
1789658964.6162965,3.8450009997177403
1789658964.6163807,3.820500998699572
1789658964.6165507,3.4362010010227095
1789658964.6166508,3.3887009994941764
1789658964.616912,7.965401997353183
1789658964.617496,4.441501001565484
1789658964.6180723,4.459301999304444
1789658964.6190257,6.0137020009278785
1789658964.6192935,2.9070010023133364
1789658964.6193721,5.1355010000406764
1789658964.6194987,5.170101001567673
1789658964.620896,4.23930100077996
1789658964.621011,4.092700997716747
1789658964.6215737,5.015401002310682
1789658964.6217723,5.470201002026442
1789658964.6222453,4.742802000691881
1789658964.6224165,3.117501000815537
1789658964.6225965,3.5658010019687936
1789658964.6227243,4.647601002943702
1789658964.6236966,4.193200998997781
1789658964.6244428,5.063001000962686
1789658964.6247683,3.1852009997237474
1789658964.6252773,3.4987010003533214
1789658964.6254208,4.517600998951821
1789658964.6260138,3.7622999989253003
1789658964.6272063,6.184401998325484
1789658964.6274307,4.6999010010040365
1789658964.6275907,4.988901000615442
1789658964.6279504,2.665801002876833
1789658964.6284094,4.707500997028546
1789658964.6294272,3.407401000004029
1789658964.6296601,4.883800997049548
1789658964.629779,4.3509009992703795
1789658964.6299548,7.533601001341594
1789658964.6299894,2.7732000016840175
1789658964.6301217,5.672000999766169
1789658964.6317384,4.300500997487688
1789658964.6321743,4.577800998958992
1789658964.6322212,3.806001001066761
1789658964.633091,3.655801003333181
1789658964.6332607,3.4768010009429418
1789658964.6333616,3.402701000595698
1789658964.6336584,5.703701001039008
1789658964.6339672,3.9728010015096515
1789658964.634396,4.730302000098163
1789658964.6349664,4.840202000195859
1789658964.6356745,3.448301002208609
1789658964.6368327,5.088101002911571
1789658964.636996,3.897601000062423
1789658964.6371176,4.937400997732766
1789658964.6375585,4.1916009977285285
1789658964.6384819,4.078399997524684
1789658964.638546,4.883302000962431
1789658964.638734,4.7616019983252045
1789658964.6388848,5.61920199834276
1789658964.639786,4.106700998818269
1789658964.640702,5.728601001464995
1789658964.6408541,3.728101000888273
1789658964.6410425,4.204501001368044
1789658964.6415806,4.574901002342813
1789658964.641706,4.139101001783274
1789658964.6428692,4.313301000365755
1789658964.6430383,4.299600997910602
1789658964.6434393,3.6471009989327285
1789658964.6436815,4.790800998307532
1789658964.6445532,6.061301999579882
1789658964.645362,4.496200999710709
1789658964.645585,3.8737009999749716
1789658964.645699,4.6516009970218875
1789658964.6457489,4.161101001955103
1789658964.646697,5.98850100141135
1789658964.6467888,3.344601002027048
1789658964.6471577,4.280100998585112
1789658964.6483383,4.6493010013364255
1789658964.6483927,5.340700998203829
1789658964.6489334,4.371900999103673
1789658964.6491356,3.381400998478057
1789658964.6499674,3.2653010021022055
1789658964.6501737,4.469900999538368
1789658964.6507275,5.356400997698074
1789658964.6513042,5.714202001399826
1789658964.6514428,4.649401002097875
1789658964.6517022,4.5390009981929325
1789658964.6519415,3.5438009981589857
1789658964.6526604,4.316500999266282
1789658964.653644,4.704801001935266
1789658964.6538675,4.7269009992305655
1789658964.6545715,4.392300998006249
1789658964.6547177,3.985300998465391
1789658964.6552448,3.7969010008964688
1789658964.6553874,5.416002000856679
1789658964.6559849,4.0380010032095015
1789658964.6564138,4.70620100168162
1789658964.6566656,5.355401000997517
1789658964.657071,4.402500999276526
1789658964.6576514,3.072200997848995
1789658964.6585248,4.651000999729149
1789658964.6587312,5.081300998426741
1789658964.658967,4.24430099883466
1789658964.6598833,4.632400999980746
1789658964.6601908,4.794300999492407
1789658964.6609411,4.5218009981908835
1789658964.6614811,4.809100999409566
1789658964.661669,4.5923010002297815
1789658964.6620903,3.5594010005297605
1789658964.6621902,6.200700998306274
1789658964.6624813,4.823100996873109
1789658964.662737,3.999401000328362
1789658964.663624,3.4251010001753457
1789658964.6642716,4.381500999443233
1789658964.6648884,5.915702000493184
1789658964.6650474,4.1010009990714025
1789658964.6658487,4.17410099908011
1789658964.6661184,3.3758009994926397
1789658964.6661515,4.057100999489194
1789658964.6664572,3.9712010002403986
1789658964.6667168,4.52250099988305
1789658964.6668596,5.372300998715218
1789658964.6674676,3.1910010002320632
1789658964.6676188,2.7252010004303884
1789658964.6692705,5.638700997224078
1789658964.6695511,4.498100999626331
1789658964.6697083,3.8532010003109463
1789658964.6702251,4.1026010003406554
1789658964.670601,3.7366010001278482
1789658964.6709652,4.809400998055935
1789658964.6711197,4.65810099922237
1789658964.671985,5.262902002868941
1789658964.6721344,4.662200997699983
1789658964.672857,3.2989009996526875
1789658964.6734107,3.6975010007154197
1789658964.6736474,6.023801000992535
1789658964.6738207,4.541101003269432
1789658964.674085,3.1123009975999594
1789658964.6743984,3.792501000134507
1789658964.6750927,4.862200999923516
1789658964.6752298,4.095901000255253
1789658964.675281,3.291299999546027
1789658964.6766675,4.524400999798672
1789658964.676982,4.117801003303612
1789658964.6774528,3.3591009996598586
1789658964.678328,4.672801002016058
1789658964.6784978,5.082101000880357
1789658964.678661,3.3757009987311903
1789658964.679035,5.209701001149369
1789658964.6794412,4.20550100170658
1789658964.6797454,5.34030099879601
1789658964.680127,3.139200998703018
1789658964.6807876,4.11360100042657
1789658964.6815205,4.061300998728257
1789658964.6819775,6.878802003484452
1789658964.6826043,4.101400998479221
1789658964.682668,4.332500997406896
1789658964.6832247,4.55860100191785
1789658964.6838975,4.856001000007382
1789658964.6841733,4.041301002871478
1789658964.684855,5.408901997725479
1789658964.6852927,3.767000998777803
1789658964.6854305,3.448000999924261
1789658964.6856306,2.958000997750787
1789658964.6858406,6.088602000090759
1789658964.686397,3.7886009995418135
1789658964.6867404,5.948001002252568
1789658964.6871436,3.912500997103052
1789658964.6874766,3.2988999992085155
1789658964.6880574,2.7595999999903142
1789658964.6883605,4.455902002518997
1789658964.6889217,4.0618009988975246
1789658964.6894424,3.806700999120949
1789658964.6897879,3.9431010009138845
1789658964.6899722,4.536800999630941
1789658964.6904068,3.6611010000342503
1789658964.69141,3.9259010009118356
1789658964.691719,3.6567010029102676
1789658964.6920874,5.683300998498453
1789658964.6928136,5.6623019991093315
1789658964.6931305,3.6834009988524485
1789658964.6935067,5.139900997164659
1789658964.6937346,4.807001001609024
1789658964.6940715,4.279100998246577
1789658964.6945946,4.6177009971870575
1789658964.6954129,3.9926009994815104
1789658964.69571,5.2985010006523225
1789658964.696028,3.209000002243556
1789658964.6962256,4.131600999244256
1789658964.6963382,4.61440100116306
1789658964.696645,3.5096009996777866
1789658964.6979566,3.878901003190549
1789658964.6984696,4.9564010005269665
1789658964.6986394,4.0398009987256955
1789658964.6986878,4.947501001879573
1789658964.6994727,3.7570009990304243
1789658964.6996942,3.0430000006163027
1789658964.7004952,4.264901999704307
1789658964.7009046,4.561901001579827
1789658964.7010667,5.648701997415628
1789658964.7015321,5.4914020001888275
1789658964.7020388,3.3461009988968726
1789658964.7028234,3.1233010013238527
1789658964.703018,5.055301000538748
1789658964.7035663,2.494999996997649
1789658964.7040586,5.583400998148136
1789658964.7042625,4.784401000506477
1789658964.7044175,5.773100998339942
1789658964.7050166,4.514101001404924
1789658964.7054086,4.49820100038778
1789658964.7059155,2.891801002988359
1789658964.7061608,4.624301000148989
1789658964.7067318,3.901601001416566
1789658964.7079735,3.907201000401983
1789658964.708193,3.739201001735637
1789658964.7083154,6.271301001106622
1789658964.708538,3.5148999995726626
1789658964.7086658,5.094400999951176
1789658964.7100668,4.144301001360873
1789658964.7102518,5.983702001685742
1789658964.710976,5.559100998652866
1789658964.7113442,3.36350100042182
1789658964.7119815,3.6577009996108245
1789658964.7124164,6.246601002203533
1789658964.7136376,6.898302002809942
1789658964.7138388,3.7639010006387252
1789658964.7140446,5.846801999723539
1789658964.7141297,3.14590099878842
1789658964.7143242,5.652502000884851
1789658964.7144942,5.951002000074368
1789658964.7146943,2.7057010011048988
1789658964.7152157,4.9580010017962195
1789658964.7165244,5.173601002752548
1789658964.7166464,3.001699999003904
1789658964.7176397,3.504901000269456
1789658964.7177083,5.283201997372089
1789658964.7183032,3.9735009995638393
1789658964.7183926,4.342401000030804
1789658964.718987,3.7647009994543623
1789658964.7191992,4.700901001342572
1789658964.7192438,5.398900997533929
1789658964.7192879,4.589601001498522
1789658964.720531,2.885599998990074
1789658964.721017,4.485501001909142
1789658964.7213123,3.5989009993500076
1789658964.7215173,4.865801998676034
1789658964.7224407,4.130601002543699
1789658964.72266,3.667900997243123
1789658964.722972,3.767700996831991
1789658964.724032,5.631101001199568
1789658964.724146,4.851301000599051
1789658964.7247438,5.4943009999988135
1789658964.7250857,4.546200998447603
1789658964.7257142,4.190400999505073
1789658964.7264447,5.419101998995757
1789658964.7265995,5.281800997181563
1789658964.7271545,4.487400998186786
1789658964.7272868,4.8395009980595205
1789658964.7283502,5.3719009993074
1789658964.7285585,4.4062010019843
1789658964.7287269,3.977401000156533
1789658964.728938,4.899001000012504
1789658964.729473,4.379601999971783
1789658964.7301161,3.511500999593409
1789658964.7304962,4.7762009999132715
1789658964.7316685,2.723500998399686
1789658964.731737,2.258500000607455
1789658964.7319946,5.541801001527347
1789658964.7321901,3.6256009989301674
1789658964.7324994,3.7674010018236004
1789658964.732593,4.23700100145652
1789658964.7329795,5.817501001729397
1789658964.734471,2.795800999592757
1789658964.734724,4.602601002261508
1789658964.7348285,2.6341009979660157
1789658964.7353868,8.094402001006529
1789658964.735756,3.7561010030913167
1789658964.7359097,2.9242009986774065
1789658964.736192,5.69130099756876
1789658964.736586,4.843400998652214
1789658964.7371252,4.620800998964114
1789658964.7378933,5.295001999911619
1789658964.7383573,3.6272010001994204
1789658964.7385616,3.17000100039877
1789658964.7386007,4.123900998820318
1789658964.739406,4.572600999381393
1789658964.7401495,4.234800999256549
1789658964.740715,3.5830009983328637
1789658964.741404,5.639700997562613
1789658964.7416453,3.040100000362145
1789658964.742194,5.600701999355806
1789658964.7425284,6.329102001473075
1789658964.7434084,3.9942010007507633
1789658964.7436059,5.707001000700984
1789658964.743761,5.195500998524949
1789658964.7439597,5.597801002295455
1789658964.7445858,3.865000999212498
1789658964.7449796,2.444200003083097
1789658964.7452466,5.092200997751206
1789658964.7454891,4.076700999576133
1789658964.7464375,4.78670200027409
1789658964.7472427,5.0417009988450445
1789658964.7479331,4.515401000389829
1789658964.7480726,4.307601000618888
1789658964.7481582,4.193800999928499
1789658964.7483897,3.1384009998873807
1789658964.748422,4.811101000086637
1789658964.7491558,3.6622010011342354
1789658964.7495618,4.971900998498313
1789658964.7501373,5.138901997270295
1789658964.7509313,3.681701000459725
1789658964.7513933,2.966700998513261
1789658964.7515273,3.5891010011255275
1789658964.7518754,5.43220100007602
1789658964.7523265,4.24910099900444
1789658964.753074,3.9126009978645016
1789658964.7535586,5.393800998717779
1789658964.753858,4.291200999432476
1789658964.754107,3.964200001064455
1789658964.7542906,2.4110009981086478
1789658964.7546475,3.1156010008999147
1789658964.754768,3.8315009987854864
1789658964.7560778,4.680001002270728
1789658964.7561984,7.8044019974186085
1789658964.7563179,3.973700997448759
1789658964.757307,4.228301000694046
1789658964.7575502,3.2536000035179313
1789658964.7583933,3.734900998097146
1789658964.7593968,3.190101000654977
1789658964.759748,2.4348010010726284
1789658964.7599328,6.36930199834751
1789658964.7603607,4.277901000023121
1789658964.7605429,6.430902001739014
1789658964.760726,4.40400099978433
1789658964.760901,3.344601002027048
1789658964.7610617,6.289300999924308
1789658964.7611513,7.288302000233671
1789658964.763241,3.4820010005205404
1789658964.7634625,3.524801002640743
1789658964.7635553,2.488400998117868
1789658964.7637086,3.3426010013499763
1789658964.7640846,4.680100999394199
1789658964.7643952,3.239400997699704
1789658964.7646456,4.096200998901622
1789658964.765012,4.1064010001719
1789658964.7659109,2.6608000007399824
1789658964.766089,5.35720100015169
1789658964.7664528,8.050401000218699
1789658964.7671657,3.606100999604678
1789658964.7672012,3.4881009996752255
1789658964.7673414,3.2528010015084874
1789658964.7674813,4.014001002360601
1789658964.7681038,3.702100999362301
1789658964.769068,4.417200998432236
1789658964.7694697,4.450401000212878
1789658964.769525,3.607301001466112
1789658964.7704208,2.934200001618592
1789658964.7707303,4.636801000742707
1789658964.770814,4.355002001830144
1789658964.7709801,3.634601001976989
1789658964.7723877,4.278501000953838
1789658964.773009,5.82150100308354
1789658964.773221,3.6910009985149372
1789658964.7732658,6.059701001504436
1789658964.7734318,2.6973999993060715
1789658964.7734933,4.420700999617111
1789658964.7738972,3.4711010011960752
1789658964.7751567,5.67720199978794
1789658964.7762392,2.96440099918982
1789658964.776769,5.95010100005311
1789658964.776818,3.31980100236251
1789658964.7769566,4.563301001326181
1789658964.7770355,3.808901001320919
1789658964.7776923,6.708600998535985
1789658964.7780256,4.589301002852153
1789658964.7782583,5.24370099810767
1789658964.7784398,3.275700000813231
1789658964.7802007,6.298002001130953
1789658964.781017,4.055200999573572
1789658964.7812486,4.207100999337854
1789658964.7815058,5.25810099861701
1789658964.7815776,3.314501002023462
1789658964.782013,5.189900999539532
1789658964.782232,5.458201001601992
1789658964.7824874,4.043300999910571
1789658964.7826736,4.643001000658842
1789658964.7828999,5.202601001656149
1789658964.7839272,3.718501000548713
1789658964.7840538,2.7984010012005456
1789658964.785524,2.617501002532663
1789658964.785625,4.042600998218404
1789658964.7857888,4.766401001688791
1789658964.7859604,4.44990100004361
1789658964.785993,3.976400999817997
1789658964.7860572,3.82080100098392
1789658964.786153,3.6614009986806195
1789658964.7869601,4.281000998162199
1789658964.7878106,3.7525009975070134
1789658964.788196,4.261900998244528
1789658964.7890155,3.048401002160972
1789658964.7896743,4.0435009977954905
1789658964.789951,4.156300998147344
1789658964.790074,3.9169010015029926
1789658964.7902968,4.298700998333516
1789658964.7909162,5.385501001001103
1789658964.7910864,2.8824000000895467
1789658964.7917786,4.8125020002771635
1789658964.7920125,5.950001999735832
1789658964.7924151,4.600300999300089
1789658964.7939453,4.919500999676529
1789658964.7941988,4.242400998919038
1789658964.7942438,3.152200999466004
1789658964.7943056,4.22730100035551
1789658964.7951517,4.849300999921979
1789658964.7954056,5.726200997742126
1789658964.7956028,3.584701000363566
1789658964.796069,4.2852010010392405
1789658964.7964897,5.567201998928795
1789658964.797342,3.3884009972098283
1789658964.7975445,5.124300998431863
1789658964.7983334,4.084800999407889
1789658964.7986188,3.4622009989107028
1789658964.7988532,3.4418010000081267
1789658964.7989573,4.647401001420803
1789658964.7992773,5.07420099893352
1789658964.8007967,3.4462009971321095
1789658964.8008435,5.236201002844609
1789658964.800903,4.408301003422821
1789658964.8009367,4.863500998908421
1789658964.8010497,2.711600998736685
1789658964.8020763,3.114300998277031
1789658964.802783,5.2325010001368355
1789658964.803324,4.4635009980993345
1789658964.80354,4.257400996721117
1789658964.804103,3.048900998692261
1789658964.8047028,2.619400998810306
1789658964.804867,6.243402000109199
1789658964.8052185,4.311300999688683
1789658964.805254,4.451501001312863
1789658964.8052974,4.449800999282161
1789658964.8061738,5.231601000559749
1789658964.806989,3.4436010028002784
1789658964.8078685,5.077200999949127
1789658964.808703,3.4409009967930615
1789658964.8088508,3.97800100108725
1789658964.8092432,4.5345010003075
1789658964.8095963,6.26500200087321
1789658964.8097906,5.683000999852084
1789658964.8104692,2.59180099965306
1789658964.810597,5.373900999984471
1789658964.8116791,5.499400998814963
1789658964.8117273,2.8719000001729
1789658964.8119853,6.683801002509426
1789658964.8128197,3.5692009987542406
1789658964.8130505,6.0566020001715515
1789658964.813243,4.531601000053342
1789658964.813277,2.8016010001010727
1789658964.8138342,4.232000999763841
1789658964.8138678,4.071900999406353
1789658964.8147254,4.124000999581767
1789658964.8157408,3.749801002413733
1789658964.8160725,4.339601000538096
1789658964.8163817,3.5560010001063347
1789658964.8168356,3.554000999429263
1789658964.8169622,3.8970009991317056
1789658964.8175182,5.83460199777619
1789658964.8175528,2.822900998580735
1789658964.8176687,3.829601002507843
1789658964.8183057,4.433701000380097
1789658964.8184185,5.171001001144759
1789658964.819356,3.277900999819394
1789658964.8201125,3.1438999976671766
1789658964.8213458,3.8207010002224706
1789658964.8214953,3.938200999982655
1789658964.8217058,4.865501003223471
1789658964.8219192,4.246300999511732
1789658964.8220277,3.717400999448728
1789658964.8224623,6.714901999657741
1789658964.822546,6.159001000924036
1789658964.8237484,3.629500999522861
1789658964.8238425,5.419901001005201
1789658964.8247383,5.3732019987364765
1789658964.8251054,2.554201000748435
1789658964.8256114,4.10890099738026
1789658964.8259044,4.193800999928499
1789658964.8259518,3.485300996544538
1789658964.8260717,4.720500997791532
1789658964.8263316,4.408200999023393
1789658964.8265429,4.51030100157368
1789658964.8272386,3.3892009996634442
1789658964.8285034,2.8844999978900887
1789658964.8286397,3.89340100082336
1789658964.8289313,5.178102001082152
1789658964.8290076,2.9309009987628087
1789658964.8298604,4.7489009994023945
1789658964.8305056,4.594600999553222
1789658964.8305624,4.606000999046955
1789658964.8311486,2.5034999998752028
1789658964.8320353,4.789701000845525
1789658964.8322475,3.3108999996329658
1789658964.8323512,3.8427010003942996
1789658964.8327668,2.1998009979142807
1789658964.8335667,7.230501996673411
1789658964.833759,4.74530099745607
1789658964.8342624,7.7130019999458455
1789658964.8346405,3.487701000267407
1789658964.8347316,4.2192010005237535
1789658964.8349395,5.073201002232963
1789658964.8352854,3.2454009997309186
1789658964.8367815,4.525401000137208
1789658964.8369505,2.6828010013559833
1789658964.8377695,5.4135020000103395
1789658964.837924,3.1868010009930003
1789658964.8381624,5.391401002270868
1789658964.838725,3.7814009992871433
1789658964.8389704,4.3252010000287555
1789658964.8392518,5.680500999005744
1789658964.8394427,5.677000997820869
1789658964.840237,3.2814000005600974
1789658964.8402936,3.5056009983236436
1789658964.8407984,5.5060010017768946
1789658964.8420763,3.3424009998270776
1789658964.8423095,4.3798010010505095
1789658964.842442,4.667001001507742
1789658964.8425276,3.2717010035412386
1789658964.8431635,3.7152010008867364
1789658964.8437061,5.537600998650305
1789658964.8437583,4.783000997122144
1789658964.844715,4.473801000131061
1789658964.8456771,3.229100999305956
1789658964.846101,2.3375009986921214
1789658964.8464043,6.105401997047011
1789658964.846749,4.217100999085233
1789658964.8468957,6.089002003136557
1789658964.846999,4.916400997899473
1789658964.8476305,5.316901002515806
1789658964.84795,4.781601001013769
1789658964.849298,5.5836020001152065
1789658964.8494735,4.753601999254897
1789658964.8498795,4.196600999421207
1789658964.8500385,2.4038010014919564
1789658964.850251,3.3501010002510156
1789658964.8504174,3.414101000089431
1789658964.8507924,4.686401000071783
1789658964.8510356,3.081301001657266
1789658964.851755,5.001901001378428
1789658964.8529878,6.577501000720076
1789658964.8531082,3.804600000876235
1789658964.8532245,3.180899999279063
1789658964.853258,3.3737000012479257
1789658964.8540578,2.2939010013942607
1789658964.8543906,4.13300099899061
1789658964.854577,4.154800997639541
1789658964.855691,2.5772010012588
1789658964.8558657,4.825701002118876
1789658964.856272,6.7927009986306075
1789658964.856495,3.232500999729382
1789658964.857003,6.204600998898968
1789658964.857137,4.144201000599423
1789658964.857635,3.5639009984151926
1789658964.8577693,3.187201000400819
1789658964.8583188,5.089701997349039
1789658964.858757,4.358001002401579
1789658964.8595736,3.876201000821311
1789658964.8597836,3.5069010009465273
1789658964.8602371,4.366400997241726
1789658964.8612404,4.228701000101864
1789658964.8615515,5.051800999353873
1789658964.8622367,3.9115010004024953
1789658964.8623383,4.694000999734271
1789658964.8628027,4.039200997794978
1789658964.8630407,5.265900999802398
1789658964.8633983,6.256502001633635
1789658964.8634703,3.890800999215571
1789658964.8642259,4.437501000211341
1789658964.8650258,4.782801002875203
1789658964.8659391,3.130001001409255
1789658964.8662493,3.9062010000634473
1789658964.866577,5.327902003045892
1789658964.8667119,3.236501001083525
1789658964.8670695,4.825201001949608
1789658964.867749,6.192302000272321
1789658964.8679607,4.915201003313996
1789658964.8680952,4.69180100117228
1789658964.8693047,2.228800000011688
1789658964.8699298,3.6750010003743228
1789658964.8700466,5.0147020010626875
1789658964.8704522,6.221702002221718
1789658964.8705566,3.8397009993786924
1789658964.8706725,4.091201000846922
1789658964.8709276,4.983000999345677
1789658964.8709598,2.860700999008259
1789658964.8715663,3.6010010007885285
1789658964.8730924,5.336400998203317
1789658964.873276,3.965700998378452
1789658964.8738203,3.767999998672167
1789658964.8743641,3.904301000147825
1789658964.8745122,3.950901002099272
1789658964.8754485,4.4797010014008265
1789658964.8758316,4.897201000858331
1789658964.8760536,5.37670099947718
1789658964.876232,4.660001002775971
1789658964.8764617,3.36370099830674
1789658964.8768327,6.897800998558523
1789658964.8777575,3.3825999998953193
1789658964.8783607,5.080102000647457
1789658964.8785222,4.6967019989097025
1789658964.8785987,3.142700999887893
1789658964.878756,4.2396009994263295
1789658964.8799381,3.877800998452585
1789658964.880266,3.42630100203678
1789658964.8805363,4.698701002780581
1789658964.8809133,4.6766010018473025
1789658964.8810368,4.569200998957967
1789658964.8814375,2.677099997526966
1789658964.8825145,3.909101000317605
1789658964.8827927,5.030101998272585
1789658964.88307,3.125000999716576
1789658964.883698,3.4261010005138814
1789658964.883834,5.467701001180103
1789658964.8842475,5.720700999518158
1789658964.8852646,4.722200999822235
1789658964.8854456,4.404300998430699
1789658964.8856199,2.8223999979672953
1789658964.8856542,3.133899997919798
1789658964.8861694,5.251000999123789
1789658964.8867865,5.343902001186507
1789658964.8880677,4.228000998409698
1789658964.88827,4.567301002680324
1789658964.888386,5.310501001076773
1789658964.888681,4.429200998856686
1789658964.8888283,3.5585009973146953
1789658964.8889537,3.502800998830935
1789658964.8890011,3.376401000423357
1789658964.8900354,4.376900997158373
1789658964.890157,3.9839009987190366
1789658964.8911915,4.396300999360392
1789658964.8921864,3.9036009984556586
1789658964.8924582,3.446401002292987
1789658964.8928545,4.780101000505965
1789658964.8934102,2.209899997978937
1789658964.8935294,4.696001000411343
1789658964.8940616,4.021300999738742
1789658964.8941772,5.218800997681683
1789658964.8944244,4.263000999344513
1789658964.8945735,5.887500999961048
1789658964.8946762,6.286001000262331
1789658964.896086,3.6169009981676936
1789658964.8967905,2.724000998568954
1789658964.8971307,4.932700998324435
1789658964.8972514,4.390701000374975
1789658964.8974338,4.015500999230426
1789658964.8984053,3.723600999364862
1789658964.8991482,4.568801999994321
1789658964.8992457,5.0560019990371075
1789658964.8999388,6.4024019993667025
1789658964.9005744,6.1446020008588675
1789658964.9007041,4.6122010026010685
1789658964.9009547,3.8180009978532325
1789658964.9014063,4.149300999415573
1789658964.9017735,4.978601002221694
1789658964.9018373,4.3991009988531005
1789658964.902693,4.282301000785083
1789658964.903677,4.521700997429434
1789658964.9040263,3.4449009981472045
1789658964.9044797,3.770701001485577
1789658964.9047499,3.7892010004725307
1789658964.9048982,4.954400999849895
1789658964.9054716,4.060300998389721
1789658964.9055867,3.8087009997980203
1789658964.9061317,6.880701002955902
1789658964.9070687,3.0353000001923647
1789658964.9071195,4.421001998707652
1789658964.907393,5.5514019986731
1789658964.9079561,4.27340099849971
1789658964.9084175,3.930500999558717
1789658964.9094818,4.002801000751788
1789658964.9100347,5.130500998347998
1789658964.9101536,4.561401001410559
1789658964.9103007,4.163400997640565
1789658964.910703,2.2778999991714954
1789658964.911,3.600600000936538
1789658964.9115899,4.4654010016529355
1789658964.912015,4.940402002830524
1789658964.9126353,7.8805020020809025
1789658964.9131548,3.6640010002884082
1789658964.913319,5.35740099803661
1789658964.914464,4.154400998231722
1789658964.9145806,4.421500998432748
1789658964.9148211,4.780500999913784
1789658964.9152486,4.540500998700736
1789658964.9155338,3.938701000151923
1789658964.9160275,4.007900999567937
1789658964.9161983,3.557400999852689
1789658964.9171393,3.9783009997336194
1789658964.9177406,6.735001999913948
1789658964.918119,3.6476009991019964
1789658964.9185598,5.235501001152443
1789658964.9188619,3.321999996842351
1789658964.9195032,4.917602000205079
1789658964.9196777,3.645901000709273
1789658964.920286,5.4601019983238075
1789658964.92042,3.2767009979579598
1789658964.9206944,5.441201999929035
1789658964.9211042,4.902000997390132
1789658964.9215293,3.782900999794947
1789658964.9225347,2.8512999997474253
1789658964.9227655,4.200100996968104
1789658964.923056,4.180101001111325
1789658964.923218,2.793999999994412
1789658964.9232562,3.748699997231597
1789658964.9237711,5.646601999615086
1789658964.9250546,3.942201001336798
1789658964.9252462,4.54440099929343
1789658964.9256308,5.3385009996418376
1789658964.9260442,4.509701000642963
1789658964.9266627,4.12060100279632
1789658964.92702,3.759000999707496
1789658964.927088,4.027700997539796
1789658964.9275947,4.3724010029109195
1789658964.9282084,5.437201998574892
1789658964.9283907,4.614200999640161
1789658964.929473,3.8344009990396444
1789658964.929761,3.710000997671159
1789658964.931016,5.951801002083812
1789658964.9311705,5.915800997172482
1789658964.9313543,3.7550009983533528
1789658964.9314325,4.764301000250271
1789658964.9314773,4.383201001473935
1789658964.9315634,1.7963999998755753
1789658964.932049,5.023202000302263
1789658964.932162,3.766200999962166
1789658964.93332,5.105001000629272
1789658964.9335685,2.3926009998831432
1789658964.9344697,2.900800998759223
1789658964.9347816,3.3442010026192293
1789658964.9348283,3.34670099982759
1789658964.935663,4.640601000573952
1789658964.9359202,6.4419010013807565
1789658964.9367974,4.629301001841668
1789658964.9369497,5.591002001892775
1789658964.937348,5.294401002174709
1789658964.9374828,3.9092010010790545
1789658964.937744,3.2695010013412684
1789658964.9381063,4.78120100160595
1789658964.9392574,4.470900999876903
1789658964.9395792,4.745801001263317
1789658964.9398503,3.923701002349844
1789658964.9399765,4.308900999603793
1789658964.9415493,4.590600998199079
1789658964.941829,4.475301000638865
1789658964.9419503,4.1996010004368145
1789658964.9423122,5.508401001861785
1789658964.9426239,4.5123010022507515
1789658964.9427142,5.227000998274889
1789658964.9428103,3.225901000405429
1789658964.9441683,4.899700998066692
1789658964.9448788,4.891302000032738
1789658964.945543,5.685502001142595
1789658964.9457743,3.144801001326414
1789658964.9458628,3.907201000401983
1789658964.946275,4.7166010008368175
1789658964.9465816,4.746400998556055
1789658964.9472106,4.4911010008945595
1789658964.9473934,4.577201001666253
1789658964.9474385,5.1215010025771335
1789658964.9487007,3.8112010006443597
1789658964.9489923,4.81340199985425
1789658964.949307,3.439301002799766
1789658964.949373,3.0935009999666363
1789658964.9507248,3.2790010009193793
1789658964.9508924,5.113500999868847
1789658964.9514906,4.904200999590103
1789658964.951541,2.543300000979798
1789658964.9519749,3.2683999997971114
1789658964.952037,6.489200997748412
1789658964.953087,5.688201999873854
1789658964.9532642,3.952801002014894
1789658964.953435,6.220002000191016
1789658964.9545457,5.166400998859899
1789658964.9550133,2.9714009979215916
1789658964.955176,3.6797009997826535
1789658964.9553437,4.611100997863105
1789658964.9559922,4.4455009992816485
1789658964.9563055,3.211100000044098
1789658964.9564614,5.564400998991914
1789658964.956637,4.6572009996452834
1789658964.9570692,3.8003010013198946
1789658964.9576967,2.677401000255486
1789658964.958834,2.8321010031504557
1789658964.9591215,5.680500999005744
1789658964.9593177,4.137001000344753
1789658964.959678,4.329601000790717
1789658964.9600453,5.493401000421727
1789658964.9610262,4.714001999673201
1789658964.9612582,4.614702000253601
1789658964.961742,4.03880099838716
1789658964.9626467,6.179702002555132
1789658964.9635332,6.456301001890097
1789658964.9639456,2.9117999984009657
1789658964.9640603,4.376901000796352
1789658964.9644186,5.0966010021511465
1789658964.9645808,5.739101001381641
1789658964.9648006,5.672300998412538
1789658964.9651875,3.925001001334749
1789658964.9652748,3.527501001372002
1789658964.965835,2.2957010005484335
1789658964.966223,6.173001998831751
1789658964.966519,3.8663010018353816
1789658964.9673996,2.8129010024713352
1789658964.967871,3.4478009984013624
1789658964.9679177,3.9654009997320827
1789658964.9680927,4.027900999062695
1789658964.9695396,4.7314019975601695
1789658964.9698584,4.6665010013384745
1789658964.969994,4.714500999398297
1789658964.9707005,3.28850100049749
1789658964.9710567,4.829301000427222
1789658964.9715197,5.67930099714431
1789658964.9720328,4.157000999839511
1789658964.972201,4.279700999177294
1789658964.9724164,4.319100997236092
1789658964.973022,6.495301000541076
1789658964.9733238,3.3252009998250287
1789658964.9744499,3.7414010002976283
1789658964.9745722,5.025201000535162
1789658964.9746442,3.5830010019708425
1789658964.975138,2.931001003162237
1789658964.9755962,5.732900997827528
1789658964.9756827,4.157601000770228
1789658964.9769745,3.6436000009416603
1789658964.9777772,4.748101997392951
1789658964.9780617,3.6047009998583235
1789658964.9781291,6.091502000344917
1789658964.9783483,3.201801002433058
1789658964.978612,3.963100996770663
1789658964.978803,4.225901000609156
1789658964.978848,6.426301999454154
1789658964.979255,3.6351009985082783
1789658964.981715,2.9002010014664847
1789658964.9818952,6.207801998243667
1789658964.982239,3.3855009969556704
1789658964.9823248,4.191400999843609
1789658964.9825964,3.9791009985492565
1789658964.982771,4.418601001816569
1789658964.982815,5.834001996845473
1789658964.9829915,5.208701000810834
1789658964.983197,3.936301000067033
1789658964.9837673,5.700600999261951
1789658964.984887,3.163400000630645
1789658964.9856544,3.752501001144992
1789658964.9863641,3.7595009998767637
1789658964.98682,4.490300998440944
1789658964.9869099,4.1347010010213125
1789658964.9876235,4.8038010027084965
1789658964.9876866,5.443101003038464
1789658964.987735,4.533400999207515
1789658964.9881556,5.158400999789592
1789658964.9889767,5.203001001063967
1789658964.9891057,3.4457000001566485
1789658964.9895837,4.692300997703569
1789658964.990225,2.59660099982284
1789658964.9904544,4.082900999492267
1789658964.9908044,3.9781010018486995
1789658964.991514,3.7719010033470113
1789658964.9917855,4.869901000347454
1789658964.992084,3.921201001503505
1789658964.9922628,4.571700999804307
1789658964.9926512,3.6665010011347476
1789658964.99379,4.675901000155136
1789658964.9943078,4.718201998912264
1789658964.9949365,3.4144009987358004
1789658964.9950864,4.627201000403147
1789658964.9955375,3.7459010018210392
1789658964.9958856,3.7957009990350343
1789658964.9964297,5.61590100187459
1789658964.996923,6.691701000818284
1789658964.9970999,3.3007009988068603
1789658964.9973092,4.651601000659866
1789658964.997774,5.505401000846177
1789658964.9983902,3.299001000414137
1789658964.9985733,3.6315010001999326
1789658964.9996204,4.075501001352677
1789658964.9998674,3.432800996961305
1789658965.0002902,5.975501000648364
1789658965.0005283,3.42430099772173
1789658965.0014951,3.715101000125287
1789658965.0016713,5.78060100087896
1789658965.001797,4.869501000939636
1789658965.0019243,4.610301002685446
1789658965.0024295,3.851001001748955
1789658965.0040503,4.42100099826348
1789658965.0046554,4.355801000201609
1789658965.0047698,4.236300999764353
1789658965.004842,6.447101000958355
1789658965.005265,3.463600998657057
1789658965.0057673,3.8385010011552367
1789658965.0059702,4.293801001040265
1789658965.0061572,4.6572009996452834
1789658965.0066788,6.806402001529932
1789658965.006843,4.409600998769747
1789658965.0080414,3.377201002876973
1789658965.0084076,4.345700999692781
1789658965.0087192,3.4486010008549783
1789658965.0090122,4.236501001287252
1789658965.0095286,2.8443999981391244
1789658965.009871,3.8944010011618957
1789658965.0099332,5.08630100011942
1789658965.01011,3.9391009995597415
1789658965.0108616,4.013401001429884
1789658965.011344,5.57050200222875
1789658965.0119195,3.1947009993018582
1789658965.01254,4.491600997425849
1789658965.0127552,4.337600999861024
1789658965.012996,3.977401000156533
1789658965.013702,3.7634010004694574
1789658965.013983,4.447400999197271
1789658965.0148735,4.757202001201222
1789658965.0151074,3.7586009966616984
1789658965.0156333,4.766701000335161
1789658965.0157838,5.906301998038543
1789658965.0163996,4.474501001823228
1789658965.0169246,3.9235010008269455
1789658965.0169597,4.200301002128981
1789658965.0174658,3.7592010012303945
1789658965.0183184,5.772401000285754
1789658965.0189552,2.549700999225024
1789658965.019051,3.9391009995597415
1789658965.0192058,5.2179019985487685
1789658965.0193753,4.4974009979341645
1789658965.020396,4.75720100075705
1789658965.0204983,4.709100998297799
1789658965.0207174,3.75300100131426
1789658965.0213513,4.42090100114001
1789658965.0215445,3.22090099871275
1789658965.021578,2.5228000013157725
1789658965.022545,3.3342000024276786
1789658965.0228126,5.341602001863066
1789658965.023136,4.175900998234283
1789658965.0236342,3.2337009979528375
1789658965.0245762,5.193001001316588
1789658965.0249388,3.5780010002781637
1789658965.0256724,5.168200998014072
1789658965.0257215,4.138401000091108
1789658965.026506,4.952101000526454
1789658965.026762,4.209701000945643
1789658965.0272446,6.521702001919039
1789658965.028012,3.42410099983681
1789658965.0280533,5.2346009979373775
1789658965.0285795,5.439001000922872
1789658965.0287862,5.147200998180779
1789658965.0288875,3.942900999390986
1789658965.0295799,3.851500998280244
1789658965.03021,2.9603000002680346
1789658965.0304005,3.632701002061367
1789658965.0305345,4.856101000768831
1789658965.0308459,4.331700998591259
1789658965.0320199,3.228000998205971
1789658965.0322025,4.143201000260888
1789658965.032972,4.952900999342091
1789658965.0330694,4.482401000132086
1789658965.0337577,2.905601002566982
1789658965.0340264,4.4391009978426155
1789658965.034494,4.279000997485127
1789658965.0348604,5.968100998870796
1789658965.0350587,4.513300998951308
1789658965.0353277,3.1207010033540428
1789658965.035881,5.476102000102401
1789658965.037301,3.2677009985491168
1789658965.0375552,4.575400998874102
1789658965.0376823,3.917801001080079
1789658965.0378447,4.76680100109661
1789658965.037908,3.4084010003425647
1789658965.0381782,6.153000998892821
1789658965.038702,3.8372010021703318
1789658965.0397663,4.702901998825837
1789658965.0405817,2.7284009993309155
1789658965.0412853,3.5973010017187335
1789658965.041645,5.757201000960777
1789658965.0419745,6.640201001573587
1789658965.0421922,4.279200999008026
1789658965.0422664,4.704700997535838
1789658965.0425892,3.882500997860916
1789658965.042824,5.517500998394098
1789658965.0434418,5.255200998362852
1789658965.0444314,3.83780099946307
1789658965.0444994,4.728400999738369
1789658965.0447705,3.4796010004356503
1789658965.045555,3.9017009985400364
1789658965.0460374,3.443700999923749
1789658965.0467381,4.539900997770019
1789658965.0473583,5.3748009995615575
1789658965.047509,5.237100998783717
1789658965.0479972,3.4916010008601006
1789658965.0481396,5.311401997460052
1789658965.048952,4.513101001066389
1789658965.0490632,5.6143019974115305
1789658965.0493622,4.587101000652183
1789658965.0494637,3.4217010033898987
1789658965.0503213,4.760400999657577
1789658965.0505002,3.7571009997918736
1789658965.0505762,3.2113010020111687
1789658965.051445,3.9306010003201663
1789658965.0523536,2.985401002661092
1789658965.0524924,4.3480010026542
1789658965.05339,5.387301000155276
1789658965.0536127,4.54440099929343
1789658965.0537825,4.825600997719448
1789658965.0542493,3.6680010016425513
1789658965.0549333,5.464200999995228
1789658965.0550568,4.729700998723274
1789658965.055268,4.762800999742467
1789658965.0553572,3.907701000571251
1789658965.0559065,3.4092009991582017
1789658965.0563607,4.00250099846744
1789658965.0575216,3.9015010006551165
1789658965.0580907,3.1510010012425482
1789658965.0582917,4.5038009993731976
1789658965.0586765,5.280001001665369
1789658965.0588615,4.607500999554759
1789658965.0597408,4.678100998717127
1789658965.0601647,4.889301999355666
1789658965.0604389,4.52270099776797
1789658965.0611086,3.0116009984340053
1789658965.0612447,5.883302001166157
1789658965.0615358,4.007501000160119
1789658965.061836,5.470601001434261
1789658965.0622284,3.9198010017571505
1789658965.0623722,3.6905009983456694
1789658965.0637,4.832301001442829
1789658965.0643628,2.8220009990036488
1789658965.065004,5.25640199703048
1789658965.0652642,4.013201003544964
1789658965.0653021,4.188900998997269
1789658965.065365,4.917500998999458
1789658965.0655289,5.357600999559509
1789658965.066216,2.5103009975282475
1789658965.0664046,4.027201001008507
1789658965.0673842,5.150200999196386
1789658965.067543,5.701901001884835
1789658965.0684495,4.081000999576645
1789658965.068599,3.2920009980443865
1789658965.0692272,3.692801001307089
1789658965.069715,4.4452009969973005
1789658965.0698853,2.3373010008072015
1789658965.0705404,5.525501001102384
1789658965.0708275,4.605401001754217
1789658965.0714366,5.023000998335192
1789658965.0717864,6.414800998754799
1789658965.0723207,4.9288009977317415
1789658965.0726838,4.227400997478981
1789658965.0728846,3.6508010016405024
1789658965.0739338,4.1999010027211625
1789658965.0743134,4.380000998935429
1789658965.0744812,5.876900999282952
1789658965.07533,3.8814010003989097
1789658965.0754707,4.636801000742707
1789658965.0764258,5.8727010000438895
1789658965.0765731,4.7802020017115865
1789658965.0779128,5.582002002483932
1789658965.078054,5.363501000829274
1789658965.0782108,2.734901001531398
1789658965.0782955,4.3435010011307895
1789658965.0788138,5.923501001234399
1789658965.079095,4.608000999724027
1789658965.0794501,4.111801001272397
1789658965.0800583,5.73710100070457
1789658965.0806546,4.075200002262136
1789658965.080838,2.9174010014685337
1789658965.080974,4.54020199686056
1789658965.081769,3.7093009996169712
1789658965.0820282,1.9642010011011735
1789658965.08269,4.389900997921359
1789658965.0834112,3.9534009993076324
1789658965.0837586,5.543201001273701
1789658965.0838788,5.060501000116346
1789658965.0844557,3.6118999996688217
1789658965.0854967,3.722200999618508
1789658965.085662,6.561602000147104
1789658965.0859413,5.277701002341928
1789658965.0860329,5.053401000623126
1789658965.0863307,2.567400999396341
1789658965.0865006,4.468101000384195
1789658965.0870707,4.376000997581286
1789658965.0876431,3.180300998792518
1789658965.0881736,4.7555009987263475
1789658965.088335,4.452000997844152
1789658965.0894227,3.919400998711353
1789658965.0899663,4.298000996641349
1789658965.0902228,3.7168010021559894
1789658965.0906165,4.662901003030129
1789658965.0909567,4.9161009992531035
1789658965.0912466,2.9057009996904526
1789658965.092131,5.793800999526866
1789658965.0924454,4.267401000106474
1789658965.0927348,5.658900998241734
1789658965.0927997,3.371599999809405
1789658965.0934553,5.806202003441285
1789658965.0948946,4.263301001628861
1789658965.0951726,5.199601000640541
1789658965.0952766,4.3138010005350225
1789658965.0955818,3.443700999923749
1789658965.0961094,3.6587009999493603
1789658965.0962894,6.0622010023507755
1789658965.0966716,3.2098999981826637
1789658965.0969062,5.6546010018792
1789658965.0975506,4.744502002722584
1789658965.0976408,4.901902000710834
1789658965.0980933,3.1919009998091497
1789658965.0985587,2.9716009994444903
1789658965.098971,3.7933009989501443
1789658965.099775,3.096600998105714
1789658965.1000845,4.802400999324163
1789658965.1004384,4.144601000007242
1789658965.1006522,3.006499999173684
1789658965.10085,3.9396009997290093
1789658965.1011019,4.988000997400377
1789658965.101283,3.727199997229036
1789658965.1028352,3.0530010008078534
1789658965.1032414,5.143901002156781
1789658965.1033957,3.3058010012609884
1789658965.1040068,5.441001001599943
1789658965.1041899,2.9018010027357377
1789658965.1043394,3.896401001838967
1789658965.1048617,4.007000999990851
1789658965.1052542,4.148200998315588
1789658965.1058798,3.0389009989448823
1789658965.1061578,5.50070199824404
1789658965.1065333,3.132901001663413
1789658965.1070933,8.118001998809632
1789658965.1076024,3.5874009990948252
1789658965.108244,2.981901001476217
1789658965.108952,4.080801001691725
1789658965.1091936,4.998501000955002
1789658965.109705,5.360602001019288
1789658965.1103694,3.828801000054227
1789658965.11093,5.042901000706479
1789658965.1110945,7.848302000638796
1789658965.111438,5.276001000311226
1789658965.1124275,3.228801000659587
1789658965.1125052,4.894801000773441
1789658965.1125731,3.613801000028616
1789658965.112709,4.45950100038317
1789658965.1130002,5.902701002924005
1789658965.1139255,3.548401000443846
1789658965.1141963,3.2600009981251787
1789658965.1142867,4.576600997097557
1789658965.1151652,2.6548009991529398
1789658965.1152577,4.158601001108764
1789658965.115887,3.3085009999922477
1789658965.116229,4.78640099754557
1789658965.116753,4.320400999858975
1789658965.117204,4.489800998271676
1789658965.1176412,3.707899999426445
1789658965.1182966,4.005701001005946
1789658965.1190572,6.051002001186134
1789658965.1192582,4.087401001015678
1789658965.1193366,3.4444009979779366
1789658965.1195667,4.30460100324126
1789658965.1199121,5.711801000870764
1789658965.1208158,3.166000999044627
1789658965.1208875,4.653501000575488
1789658965.1210394,4.281401001207996
1789658965.1217523,4.542900998785626
1789658965.1231205,4.817100998479873
1789658965.1233087,3.391801001271233
1789658965.123613,4.55140100166318
1789658965.1240156,3.1225010025082156
1789658965.1241548,4.890501000772929
1789658965.1247082,5.135800998687046
1789658965.124917,5.57520099755493
1789658965.1254637,3.7046010002086405
1789658965.1264105,3.2796010018500965
1789658965.1268177,5.991501999233151
1789658965.1270156,5.971401998976944
1789658965.1273763,4.0634010001667775
1789658965.1275477,3.930201000912348
1789658965.1278696,3.848701002425514
1789658965.1291041,4.941400999086909
1789658965.1297297,5.013301000872161
1789658965.1300669,3.04619999951683
1789658965.1307876,5.865602000994841
1789658965.1310477,5.576502000621986
1789658965.1311028,3.5506009990058374
1789658965.1312745,4.450200998689979
1789658965.1313405,4.92410100196139
1789658965.131936,4.061601001012605
1789658965.1328895,3.152301000227453
1789658965.1331708,4.059500999574084
1789658965.1339622,6.580700999620603
1789658965.134613,3.5581010015448555
1789658965.1347425,4.671201997552998
1789658965.1352434,3.964600997278467
1789658965.1358252,5.03270100307418
1789658965.1359425,4.59750099980738
1789658965.1361642,4.223100997478468
1789658965.1362548,5.147400999703677
1789658965.1367881,3.893900997354649
1789658965.1371958,3.2287009998981375
1789658965.137632,4.455600999790477
1789658965.1386287,2.7965010012849234
1789658965.1393569,3.409801000088919
1789658965.1394436,4.696101001172792
1789658965.1397038,3.4447010002622847
1789658965.1399384,5.319900999893434
1789658965.1405203,4.350700997747481
1789658965.1412833,6.032700999639928
1789658965.1418912,5.096501001389697
1789658965.1422334,5.031701002735645
1789658965.1427565,5.117901997437002
1789658965.1429074,4.271600999345537
1789658965.1436994,4.248501001711702
1789658965.143953,4.010501001175726
1789658965.144036,4.674400999647332
1789658965.1453276,2.5649000017438084
1789658965.145746,3.8386009982787073
1789658965.1460965,5.570500998146599
1789658965.1463962,5.106200998852728
1789658965.1464293,6.720600998960435
1789658965.1469302,4.015201000584057
1789658965.1473463,5.107802000566153
1789658965.147539,3.834000999631826
1789658965.1486216,4.580100998282433
1789658965.1487505,3.4174009997514077
1789658965.1488118,4.854701001022477
1789658965.1492,2.2640999995928723
1789658965.1499934,3.8904009998077527
1789658965.1503818,2.834999999322463
1789658965.1514578,5.0234019981871825
1789658965.151558,2.9295009990164544
1789658965.1522827,4.930301001877524
1789658965.152544,6.793201999244047
1789658965.1529472,2.5583009992260486
1789658965.1531107,4.29510100002517
1789658965.1533818,4.177200997219188
1789658965.1536403,4.8851009996724315
1789658965.1537042,7.303702001081547
1789658965.1540277,4.02890099940123
1789658965.1550426,3.5793009992630687
1789658965.1558561,3.5666010007844307
1789658965.1561458,2.757201000349596
1789658965.1563087,3.3562009994057007
1789658965.1568882,5.325400998117402
1789658965.157247,4.13060099890572
1789658965.1574523,3.4202009992441162
1789658965.157668,5.11770099910791
1789658965.1578581,4.211700997984735
1789658965.1585512,3.500399998301873
1789658965.1593318,5.622902001050534
1789658965.1597307,3.4144009987358004
1789658965.160761,3.8665009997203015
1789658965.161543,5.679400997905759
1789658965.1619382,4.684400999394711
1789658965.1621702,4.4943010034330655
1789658965.1623452,4.480800998862833
1789658965.1630628,3.324500001326669
1789658965.1635299,4.193400996882701
1789658965.1638699,7.717802000115626
1789658965.1639616,6.505101999209728
1789658965.1642427,3.4754010011965875
1789658965.1645446,5.985402000078466
1789658965.1652515,3.701101002661744
1789658965.1656551,3.479500999674201
1789658965.1658466,3.903500997694209
1789658965.1660628,3.7133009973331355
1789658965.1673055,3.428299998631701
1789658965.1675324,4.464502002520021
1789658965.1675727,3.32480100041721
1789658965.1679213,4.387000997667201
1789658965.1688032,2.951600999949733
1789658965.1690774,5.111301001306856
1789658965.1693082,4.759101000672672
1789658965.169487,3.8278009997156914
1789658965.1696584,4.40160099969944
1789658965.1700356,3.9677009990555234
1789658965.1723275,2.8320010023890063
1789658965.1724882,4.9096010006906
1789658965.1726937,4.767300997627899
1789658965.1729333,5.396000997279771
1789658965.1730487,5.7381020014872774
1789658965.1731644,4.35560099867871
1789658965.1732492,3.2088009975268506
1789658965.1738584,4.195301000436302
1789658965.1741996,4.876700997556327
1789658965.175119,2.780399998300709
1789658965.1765156,3.570901000784943
1789658965.1769762,3.9198009981191717
1789658965.1771288,8.046301998547278
1789658965.177451,4.282401001546532
1789658965.1776676,3.804400999797508
1789658965.1777658,5.273001002933597
1789658965.1784577,5.203500997595256
1789658965.1788092,6.111000999226235
1789658965.1795151,4.388100998767186
1789658965.180068,3.5408010007813573
1789658965.180215,3.0811010001343675
1789658965.1812463,3.7894010019954294
1789658965.1815276,7.321302000491414
1789658965.1818016,3.3389010022801813
1789658965.1820502,4.2796009984158445
1789658965.1826916,3.8777010013291147
1789658965.1828032,5.131201000040164
1789658965.1830957,6.113201001426205
1789658965.183269,3.050200000870973
1789658965.1836498,4.130000997975003
1789658965.1848505,3.5973009980807547
1789658965.1849594,4.8854010019567795
1789658965.1851323,3.326601003209362
1789658965.1862617,4.728800999146188
1789658965.186306,3.4977010000147857
1789658965.18665,4.59530099760741
1789658965.1872587,2.401100002316525
1789658965.1875422,3.8877010010764934
1789658965.187769,4.668800997023936
1789658965.187801,4.527600998699199
1789658965.1889203,6.221201998414472
1789658965.1898434,3.5321010000188835
1789658965.1899092,3.6424009995243978
1789658965.1901844,3.5299009978189133
1789658965.1906307,5.665201002557296
1789658965.1911895,6.050701002095593
1789658965.1917312,4.182501001196215
1789658965.191818,4.554301001917338
1789658965.1922126,4.439101001480594
1789658965.1930878,5.280402001517359
1789658965.19314,4.2126010011998005
1789658965.1939611,4.0448009967803955
1789658965.1945908,3.9534009993076324
1789658965.194667,4.818000998056959
1789658965.1951034,4.914301000098931
1789658965.1951678,3.971600999648217
1789658965.1956894,3.86690099912812
1789658965.1964645,2.4971010025183205
1789658965.1967895,4.571202000079211
1789658965.197009,3.915600998880109
1789658965.1970806,2.485000997694442
1789658965.1973107,5.564102000789717
1789658965.1979434,4.7982010000851005
1789658965.1992188,3.523000999848591
1789658965.1992865,2.48979999742005
1789658965.1997538,5.082400999526726
1789658965.2001352,5.024401001719525
1789658965.2002094,3.7398999993456528
1789658965.2006931,3.378500998223899
1789658965.200966,5.793902000732487
1789658965.201024,3.9393009974446613
1789658965.201295,3.3469009977125097
1789658965.2023702,5.346801000996493
1789658965.2030487,3.823701001238078
1789658965.2036133,3.398100998310838
1789658965.2040505,3.9078010013327003
1789658965.2042372,4.946501001541037
1789658965.2048533,3.5530009990907274
1789658965.2053914,5.632501997752115
1789658965.2055871,4.558501001156401
1789658965.2059956,5.025801001465879
1789658965.206193,3.816800999629777
1789658965.2069447,3.891300999384839
1789658965.207087,6.389101003151154
1789658965.207634,3.5761010003625415
1789658965.2080064,4.382900999189587
1789658965.208929,4.683401999500347
1789658965.2092395,3.646200999355642
1789658965.21013,4.720700999314431
1789658965.210395,4.393701001390582
1789658965.2105985,5.739001000620192
1789658965.2109113,3.2708010003261734
1789658965.2113552,4.405001000122866
1789658965.2114577,5.260300997179002
1789658965.2120645,2.8182000023662113
1789658965.2121134,4.09920099991723
1789658965.2135046,2.9002010014664847
1789658965.2138808,3.4802010013663676
1789658965.2139447,5.008301002817461
1789658965.2142026,7.111101996997604
1789658965.2143924,4.226301000016974
1789658965.2150064,4.0893010009313
1789658965.2156808,3.6103009988437407
1789658965.2158966,4.4341009997879155
1789658965.216459,5.096700999274617
1789658965.21728,3.32980099847191
1789658965.2174454,5.327401999238646
1789658965.2176168,3.410100998735288
1789658965.2181547,4.268800999852829
1789658965.2184901,4.97980100044515
1789658965.2187243,3.037801001482876
1789658965.2189927,3.9789010006643366
1789658965.219473,5.076301000372041
1789658965.2203643,4.462801000045147
1789658965.2207668,3.4813999991456512
1789658965.2208555,4.391301001305692
1789658965.2209382,2.778099998977268
1789658965.2220738,4.45010099792853
1789658965.2224653,5.015201000787783
1789658965.2226102,3.881301003275439
1789658965.2227247,3.247101001761621
1789658965.2228687,4.374100997665664
1789658965.223528,2.5853010010905564
1789658965.2247353,4.3630009968183
1789658965.2254946,3.4121010030503385
1789658965.2256773,6.679402002191637
1789658965.2257774,5.006601997592952
1789658965.22595,5.090001999633387
1789658965.226596,3.86450099904323
1789658965.227211,4.335700999945402
1789658965.2274399,4.8247010017803404
1789658965.2277575,4.224401000101352
1789658965.2286794,3.1779999990249053
1789658965.2291145,3.331700001581339
1789658965.229369,6.8987009981356096
1789658965.2300465,2.8280010010348633
1789658965.2303417,2.577800998551538
1789658965.2305768,4.8944010013656225
1789658965.230891,4.936901001201477
1789658965.2312193,6.476702001236845
1789658965.231428,4.824300998734543
1789658965.2319782,4.531400998530444
1789658965.2328465,2.7938999992329627
1789658965.2333877,4.267700998752844
1789658965.233747,5.062301999714691
1789658965.2341774,4.80360200162977
1789658965.2344823,4.1347010010213125
1789658965.2347732,3.877500999806216
1789658965.2354445,4.863400998146972
1789658965.2357762,4.552600999886636
1789658965.236023,4.59010100166779
1789658965.2365937,4.608901002939092
1789658965.2368078,3.4148010017815977
1789658965.2379315,3.442700999585213
1789658965.2382324,5.3806019968760666
1789658965.2384272,4.24410100094974
1789658965.2386065,3.827200998784974
1789658965.2389207,5.1686009974218905
1789658965.2394564,3.6744009994436055
1789658965.239816,4.366600998764625
1789658965.2404394,4.409900997416116
1789658965.2405102,2.5722999998833984
1789658965.2412052,4.391300997667713
1789658965.2422426,3.3145009983854834
1789658965.242731,4.118200999073451
1789658965.2429276,6.329602001642343
1789658965.243104,4.672000999562442
1789658965.2432554,5.017100997065427
1789658965.2436137,4.151500997977564
1789658965.2450783,5.256500997347757
1789658965.24552,4.308300998673076
1789658965.2456145,5.168701001821319
1789658965.246239,3.988500997365918
1789658965.2468507,3.231801001675194
1789658965.2470474,3.9388009972753935
1789658965.2470887,4.352300999016734
1789658965.2471635,3.901100997609319
1789658965.2475047,6.989101999351988
1789658965.2477484,4.8162009989027865
1789658965.2480497,2.4289009998028632
1789658965.2500935,3.845399998681387
1789658965.2503233,3.2709010010876227
1789658965.2506123,5.087002002255758
1789658965.250966,3.457000999333104
1789658965.2510343,3.8665009997203015
1789658965.2512867,6.202701999427518
1789658965.2517772,4.683401002694154
1789658965.2520273,4.274900999007514
1789658965.2526803,2.352499999688007
1789658965.2529747,6.119100999057991
1789658965.2536178,5.56280100136064
1789658965.2542374,3.1967009999789298
1789658965.2544184,3.447900999162812
1789658965.2546384,2.856800998415565
1789658965.2550523,4.4354009987728205
1789658965.2558177,3.777100999286631
1789658965.2560863,4.794800999661675
1789658965.2563682,6.267200998991029
1789658965.2569654,3.980000998126343
1789658965.2578483,3.422600002522813
1789658965.2582307,3.5858999981428497
1789658965.2583876,4.143201000260888
1789658965.2587473,5.122401998960413
1789658965.2592325,4.167101000348339
1789658965.2593517,6.667101999482838
1789658965.2595105,3.6882009990222286
1789658965.2597487,3.6572009994415566
1789658965.2615335,3.6752010018972214
1789658965.262002,2.644000000145752
1789658965.262076,5.1013009979214985
1789658965.2623367,5.9636010009853635
1789658965.263222,3.7060009999549948
1789658965.2633018,4.547501001070486
1789658965.2634823,5.0907009972434025
1789658965.2635505,5.313402001775103
1789658965.2638626,4.624700999556808
1789658965.2642715,4.518101002759067
1789658965.2652996,3.2181010028580204
1789658965.2655747,4.035301000840263
1789658965.2663612,3.132599998934893
1789658965.26653,4.522000999713782
1789658965.2676907,3.8212010003917385
1789658965.267895,4.340000999945914
1789658965.2683988,6.056102000002284
1789658965.2685654,5.078400998172583
1789658965.2691257,3.5448009984975215
1789658965.269618,3.251600999647053
1789658965.2697356,3.1999010025174357
1789658965.2699485,4.64350100082811
1789658965.2705326,7.226301000628155
1789658965.27111,6.832702001702273
1789658965.27165,3.750001000298653
1789658965.2725387,4.841701000259491
1789658965.272723,4.15230100043118
1789658965.272844,4.44010100181913
1789658965.273169,3.5470010006974917
1789658965.2733595,3.406601001188392
1789658965.2736661,4.535800999292405
1789658965.2743459,3.806800999882398
1789658965.2745028,4.76220099881175
1789658965.2760086,4.887800998403691
1789658965.2764583,3.9115010004024953
1789658965.2766724,3.3079009990615305
1789658965.2771218,3.4511010017013177
1789658965.277314,4.4651009993685875
1789658965.2774186,5.763400997238932
1789658965.2788193,6.08800099871587
1789658965.2794237,4.915402001643088
1789658965.279621,6.447202002163976
1789658965.2801628,5.808902002172545
1789658965.2804892,3.362300998560386
1789658965.2808614,3.541201000189176
1789658965.2809293,3.5056009983236436
1789658965.2816021,1.9738000009965617
1789658965.281766,5.300901000737213
1789658965.2825775,5.898601000808412
1789658965.282779,2.283599998918362
1789658965.2831182,2.9494000009435695
1789658965.2832108,7.194001998868771
1789658965.283884,5.054801997175673
1789658965.2842588,3.392300997802522
1789658965.284643,3.0336009986058343
1789658965.2847786,5.3494010026042815
1789658965.2861602,3.374001000338467
1789658965.2864003,5.460600998048903
1789658965.28711,3.216400000383146
1789658965.2872195,4.003199999715434
1789658965.2873971,2.7493009984027594
1789658965.2877388,5.156401999556692
1789658965.2879329,6.162801997561473
1789658965.2881894,5.066302001068834
1789658965.2884703,4.206601002806565
1789658965.2889965,4.211800998746185
1789658965.2900002,3.8326009998854715
1789658965.2902384,3.833001002931269
1789658965.2907739,3.655100998003036
1789658965.291059,3.3141999992949422
1789658965.2913852,3.9814999981899746
1789658965.2916288,4.403801998705603
1789658965.2923102,4.37250100003439
1789658965.2924943,3.492001000267919
1789658965.2927012,4.507700999965891
1789658965.2944982,2.861299999494804
1789658965.2946577,6.183401001180755
1789658965.2948902,4.884500998741714
1789658965.2954433,4.3774010009656195
1789658965.2957053,4.923701999359764
1789658965.2960603,4.669101999752456
1789658965.2961679,3.6691009991045576
1789658965.2969697,6.727202002366539
1789658965.2970932,4.778500999236712
1789658965.2977254,3.2191009995585773
1789658965.298529,2.8180000008433126
1789658965.2988253,4.162401000940008
1789658965.2991166,6.4106009995157365
1789658965.2993917,3.2191999998758547
1789658965.2994242,2.326800000446383
1789658965.2996402,3.574799997295486
1789658965.2999969,5.101802002172917
1789658965.3008604,5.410001998825464
1789658965.30101,3.2801009983813856
1789658965.3013783,4.404300998430699
1789658965.3024673,2.8200009983265772
1789658965.3029048,4.369900998426601
1789658965.302952,4.121901001781225
1789658965.3032897,3.89360099870828
1789658965.3034112,3.9828010012570303
1789658965.3034978,4.376300999865634
1789658965.3044214,4.41850100105512
1789658965.3051913,3.8085009982751217
1789658965.3053954,4.530500998953357
1789658965.306241,3.7640009977621958
1789658965.3068473,5.832101000123657
1789658965.3071923,3.7738009996246547
1789658965.3074517,4.156201001023874
1789658965.3076968,4.740100997878471
1789658965.3080213,4.5184020018496085
1789658965.308368,5.456102000607643
1789658965.3084204,3.992201000073692
1789658965.3091915,3.9955009997356683
1789658965.3095427,4.14270100009162
1789658965.3105242,4.27320100061479
1789658965.3109167,3.7160009997023735
1789658965.3109908,4.1373009989911225
1789658965.311638,3.6005000001750886
1789658965.3119323,4.230301001371117
1789658965.3126576,5.19820199770038
1789658965.3130093,3.461201002210146
1789658965.3133044,4.878600997471949
1789658965.313581,4.383800998766674
1789658965.3141658,5.790500999864889
1789658965.31445,3.917500998795731
1789658965.315159,4.162900997471297
1789658965.3154144,3.4770009988278616
1789658965.3159766,5.055301000538748
1789658965.3162825,3.2670009968569502
1789658965.3170075,4.343001000961522
1789658965.3172486,5.605001999356318
1789658965.3181357,4.826001000765245
1789658965.3181918,4.0207009988080245
1789658965.3184462,3.990900997450808
1789658965.3188217,3.6574010009644553
1789658965.319109,2.820800000336021
1789658965.3192637,3.2814009973662905
1789658965.32031,3.0558999969798606
1789658965.3206613,7.0755020024080295
1789658965.3209252,3.9071009996405337
1789658965.321506,6.085102002543863
1789658965.321861,2.7472010006022174
1789658965.3220332,3.5821009987557773
1789658965.322427,4.28550099968561
1789658965.3233838,4.5547010013251565
1789658965.3235438,4.274900999007514
1789658965.323715,3.39980100034154
1789658965.3243744,6.176400998811005
1789658965.325129,4.460501000721706
1789658965.3251998,4.265101000783034
1789658965.325975,4.1074010005104356
1789658965.3263993,3.965201001847163
1789658965.3276787,6.161901001178194
1789658965.3281367,4.587400999298552
1789658965.3282504,4.530401001829887
1789658965.3284037,6.364401000610087
1789658965.3289542,2.972301001136657
1789658965.3294082,6.018002000928391
1789658965.3295953,5.215201999817509
1789658965.3296857,3.2806010021886323
1789658965.3303885,5.253901003015926
1789658965.3307219,3.0355010021594353
1789658965.3310127,5.807601002743468
1789658965.3322582,3.297499999462161
1789658965.3328397,4.5838019977963995
1789658965.3331504,3.737601000466384
1789658965.3331852,4.775002002133988
1789658965.3333266,3.6362009996082634
1789658965.33358,3.187001002515899
1789658965.3341665,6.023402002028888
1789658965.3342617,3.244701001676731
1789658965.3346436,3.917301000910811
1789658965.335123,5.522400999325328
1789658965.3366432,4.376400996989105
1789658965.3368814,3.5494010007823817
1789658965.3373682,4.213101001369068
1789658965.3375154,4.670600999816088
1789658965.3377528,3.486100998998154
1789658965.3386745,4.501300998526858
1789658965.3389874,4.336701000283938
1789658965.339194,6.003900998621248
1789658965.340022,3.3699009982228745
1789658965.3400934,4.966000997228548
1789658965.3405972,3.2240999971691053
1789658965.3410761,7.490201998734847
1789658965.341261,3.5001010000996757
1789658965.3418512,4.32900099986
1789658965.342015,5.128800999955274
1789658965.3421297,3.4499009998398833
1789658965.3434033,4.400700996484375
1789658965.3439178,3.820001002168283
1789658965.3441339,3.531400998326717
1789658965.3442569,3.175300000293646
1789658965.3448358,5.637100999592803
1789658965.3456385,5.610602001979714
1789658965.34613,4.862900997977704
1789658965.3463821,4.362101000879193
1789658965.3465889,3.174200999637833
1789658965.3466496,2.726700997300213
1789658965.3477855,5.648100999678718
1789658965.3479376,6.079301001591375
1789658965.348531,4.391600999952061
1789658965.3487504,4.488901002332568
1789658965.3494108,4.56890200075577
1789658965.3498907,3.502800998830935
1789658965.350552,3.957801000069594
1789658965.3508785,4.223001000354998
1789658965.350998,5.355001001589699
1789658965.3516915,3.156001002935227
1789658965.3518274,5.693101000360912
1789658965.352067,4.125000999920303
1789658965.3524828,4.691300997365033
1789658965.3525252,3.108199998678174
1789658965.3536916,4.932701998768607
1789658965.3543506,3.346801000589039
1789658965.3544002,3.8429009982792195
1789658965.354811,4.9146009987453
1789658965.3557448,4.047500999149634
1789658965.355886,5.002201000024797
1789658965.3559828,3.9111010009946767
1789658965.3571422,4.642800999135943
1789658965.3575473,5.713801998354029
1789658965.3576329,5.102601997350575
1789658965.3580513,3.646100998594193
1789658965.358253,4.5536010002251714
1789658965.358309,3.4934010000142734
1789658965.3586347,4.2791010018845554
1789658965.3598664,4.113101000257302
1789658965.3602798,2.725799997278955
1789658965.360911,4.920801002299413
1789658965.3612044,5.313401001330931
1789658965.3615396,3.281799999967916
1789658965.361869,4.231500999594573
1789658965.3621266,3.8132010013214312
1789658965.3622024,4.146500999922864
1789658965.362302,5.145102000824409
1789658965.363199,3.324200999486493
1789658965.3635526,3.268300999479834
1789658965.3636127,4.973401002644096
1789658965.3651109,3.899201001331676
1789658965.3657625,4.217001001961762
1789658965.3660128,5.095602002256783
1789658965.3662777,3.07330099894898
1789658965.366297,3.9905010016809683
1789658965.3668764,4.745000998809701
1789658965.367113,3.4907009976450354
1789658965.3672276,5.3547010029433295
1789658965.3676164,5.409200999565655
1789658965.3684127,4.855101000430295
1789658965.3689902,3.2213010017585475
1789658965.3697472,3.7283999990904704
1789658965.3698366,3.5328999983903486
1789658965.3704522,5.332201999408426
1789658965.3705814,3.7001010023232084
1789658965.3708854,3.7676009997085202
1789658965.371568,3.149300999211846
1789658965.3718603,4.238001001795055
1789658965.3721697,5.887500999961048
1789658965.3723614,2.519700999982888
1789658965.372789,5.557300999498693
1789658965.3745656,4.810501999600092
1789658965.3747408,5.743101999541977
1789658965.375151,4.562400998111116
1789658965.3759396,5.479900999489473
1789658965.376464,4.286401002900675
1789658965.376687,5.111201000545407
1789658965.3769584,6.068901002436178
1789658965.3771424,5.277101001411211
1789658965.3772595,4.893601002549985
1789658965.3774023,4.60960100099328
1789658965.3778656,3.2917999997152947
1789658965.378335,3.1781010002305266
1789658965.3794162,4.666300999815576
1789658965.3802774,3.8059010003053118
1789658965.3804357,3.0284009990282357
1789658965.3807507,3.4860009982367046
1789658965.3811135,5.168400999536971
1789658965.381449,4.301701002987102
1789658965.3818693,3.9995010010898113
1789658965.3822722,3.932900002837414
1789658965.3825226,5.8282019999751355
1789658965.3827555,5.792202002339764
1789658965.3833654,2.9248009996081237
1789658965.383937,4.509301001235144
1789658965.3845491,3.094700998190092
1789658965.3846662,3.54760099799023
1789658965.3852437,4.961100999935297
1789658965.3853583,4.603000998031348
1789658965.3859696,3.4418999966874253
1789658965.3861418,3.8638009973510634
1789658965.38749,5.6133020007109735
1789658965.3879669,4.020001000753837
1789658965.388851,2.8754009981639683
1789658965.388916,6.15540100261569
1789658965.389018,3.7698009982705116
1789658965.3890612,2.9139010002836585
1789658965.3893116,5.941801002336433
1789658965.3895414,4.987500997231109
1789658965.3896532,4.290201002731919
1789658965.3899193,5.2484010011539795
1789658965.3911567,3.657000997918658
1789658965.3913646,3.3916009997483343
1789658965.3934443,3.8919009966775775
1789658965.3935838,3.654901000118116
1789658965.3938248,4.167201001109788
1789658965.39399,5.133100999955786
1789658965.394063,5.040501000621589
1789658965.3941333,5.067900998255936
1789658965.3943563,5.435801002022345
1789658965.394391,3.020600001036655
1789658965.3952444,4.081101000338094
1789658965.3955276,6.2119020003592595
1789658965.3959396,2.4851009984558914
1789658965.396894,2.4971009988803416
1789658965.3974628,3.6315010001999326
1789658965.3978152,3.454100999078946
1789658965.3982754,4.137501000514021
1789658965.3983083,4.718901000160258
1789658965.398697,4.70160099939676
1789658965.3988883,4.820501999347471
1789658965.4002712,3.3702010005072225
1789658965.4004586,5.209000999457203
1789658965.4004998,4.968100998667069
1789658965.4009607,5.016400999011239
1789658965.4016771,3.8551010002265684
1789658965.4018428,3.1413010001415387
1789658965.402591,4.310401000111597
1789658965.402879,4.56600100005744
1789658965.4030392,4.1463009983999655
1789658965.4034555,3.1786010003997944
1789658965.4038796,6.410501999198459
1789658965.405389,4.882600998826092
1789658965.4057324,4.766201000165893
1789658965.4060237,3.139800999633735
1789658965.4062097,5.746201000874862
1789658965.4064398,2.5548000012349803
1789658965.4066129,3.1531999993603677
1789658965.4073026,4.704401999333641
1789658965.407458,4.41380099800881
1789658965.407511,5.8282019999751355
1789658965.4077342,5.886602000828134
1789658965.4101722,2.427799998258706
1789658965.410405,3.9606009995623026
1789658965.4104736,4.25880100010545
1789658965.4105685,4.539501002000179
1789658965.4109197,5.52410100135603
1789658965.411475,5.736602000979474
1789658965.4118047,5.187302002013894
1789658965.412004,4.489101000217488
1789658965.4120338,4.726401002699276
1789658965.4132757,5.810800998006016
1789658965.413485,3.301201002614107
1789658965.413804,3.230201000405941
1789658965.4145951,2.7853999999933876
1789658965.4149892,4.064300999743864
1789658965.415232,3.7524999970628414
1789658965.4158049,3.7666009993699845
1789658965.415838,2.5572009981260635
1789658965.4159315,5.453101999592036
1789658965.4165037,4.495200999372173
1789658965.4176495,7.239102000312414
1789658965.418338,4.826101001526695
1789658965.4189453,4.3448010001156945
1789658965.4191318,4.136900999583304
1789658965.4192107,3.974200997618027
1789658965.419483,3.5468999994918704
1789658965.4200416,3.532201000780333
1789658965.4202948,6.483802000730066
1789658965.4208431,5.032100998505484
1789658965.4211884,5.34520099972724
1789658965.4216352,3.9807009998185094
1789658965.422359,2.8708010031550657
1789658965.4226093,1.7499999994470272
1789658965.4227984,3.6534009996103123
1789658965.4235497,4.5960009992995765
1789658965.4239197,2.278800999192754
1789658965.424052,4.8366019982495345
1789658965.4252427,6.894202000694349
1789658965.425745,3.3798010008467827
1789658965.426114,6.067401001928374
1789658965.4266617,5.463901001348859
1789658965.42699,6.689001002087025
1789658965.4274485,4.645501001505181
1789658965.4277196,3.6629999995057005
1789658965.4280052,4.078701000253204
1789658965.4282386,4.682202001276892
1789658965.4286382,3.386001000762917
1789658965.4292886,6.674102001852589
1789658965.430434,2.7066009970440064
1789658965.4306157,3.9453010031138547
1789658965.4306622,4.91200100077549
1789658965.4309275,4.808901001524646
1789658965.431646,4.192100997897796
1789658965.4324656,4.222201001539361
1789658965.432632,3.9879010000731796
1789658965.4328806,4.870601002039621
1789658965.4329348,5.939801998465555
1789658965.4332178,3.9227009983733296
1789658965.4337306,3.290800999820931
1789658965.4342659,3.599001000111457
1789658965.434572,3.6391009998624213
1789658965.4351325,4.5123010022507515
1789658965.4359646,4.311101001803763
1789658965.4362547,3.6158010007056873
1789658965.436577,2.841201003320748
1789658965.43702,3.7969010008964688
1789658965.4372277,4.342200998507906
1789658965.4378014,5.330900999979349
1789658965.4380825,5.143200996826636
1789658965.4383204,4.049900999234524
1789658965.438584,2.3251000020536594
1789658965.4396815,3.70970099902479
1789658965.440178,5.599701002211077
1789658965.4409585,2.8702009985863697
1789658965.4411886,6.050702002539765
1789658965.441514,3.7072009981784504
1789658965.4416485,4.621300999133382
1789658965.4422052,5.623601002298528
1789658965.442979,4.3885009981750045
1789658965.443181,5.947100999037502
1789658965.4444604,3.261900998040801
1789658965.4449177,6.592001998797059
1789658965.444996,5.308601997967344
1789658965.4457622,4.104900999664096
1789658965.4459143,4.395101001136936
1789658965.4460227,5.839600999024697
1789658965.446199,5.235001000983175
1789658965.4466064,3.6214009996911045
1789658965.4469879,4.7775009988981765
1789658965.4476552,2.731399999902351
1789658965.448315,5.128200999024557
1789658965.4489594,3.957501001423225
1789658965.4495788,2.586000999144744
1789658965.4497764,3.7489009991986677
1789658965.4498801,3.9614009983779397
1789658965.4505017,4.290100998332491
1789658965.450796,4.185100999166025
1789658965.4508429,6.375501001457451
1789658965.4509292,5.161401000805199
1789658965.4518464,4.186401001788909
1789658965.4519339,2.969900000607595
1789658965.452446,4.126601001189556
1789658965.453654,4.068201000336558
1789658965.4540982,3.1640009983675554
1789658965.4546676,4.886200997134438
1789658965.4547727,2.8341010001895484
1789658965.4550714,4.565700997773092
1789658965.4553916,5.506100998900365
1789658965.4556477,4.8464009996678215
1789658965.4558966,4.045200999826193
1789658965.45599,5.142401001648977
1789658965.4563003,2.6403999981994275
1789658965.4567935,2.6908010004262906
1789658965.456828,4.377601999294711
1789658965.4589381,4.2613009973138105
1789658965.4593093,3.9123009992181323
1789658965.4594994,3.5033010026381817
1789658965.4596927,3.790301001572516
1789658965.459903,4.825101001188159
1789658965.4604318,5.653901000187034
1789658965.4608443,4.0104010004142765
1789658965.461175,4.869802000030177
1789658965.4614024,5.749102001573192
1789658965.4618225,5.0237010000273585
1789658965.4628556,3.539700999681372
1789658965.4629548,4.008101001090836
1789658965.46311,3.605100999266142
1789658965.4636223,3.1860009985393845
1789658965.463987,4.288301002816297
1789658965.4646745,3.824699997494463
1789658965.4649105,5.0014009975711815
1789658965.465144,3.3148010006698314
1789658965.466664,3.5482009989209473
1789658965.4669232,5.742301000282168
1789658965.4669929,4.03380100033246
1789658965.467391,4.52980100089917
1789658965.467906,3.913300999556668
1789658965.4680297,4.403400998853613
1789658965.4682567,3.1081000015547033
1789658965.46859,7.183100999100134
1789658965.4691749,4.495601999224164
1789658965.469534,4.61750199974631
1789658965.4703646,3.6951010006305296
1789658965.4708767,3.480800998659106
1789658965.4710486,4.119901001104154
1789658965.4716794,4.681001002609264
1789658965.4720259,4.114400999242207
1789658965.472178,2.998299998580478
1789658965.4728165,4.219000999000855
1789658965.4730473,4.786100998899201
1789658965.47347,5.434102000435814
1789658965.474196,4.655300999729661
1789658965.4747376,4.360900999017758
1789658965.4749565,4.068501002620906
1789658965.4761379,5.08150099994964
1789658965.4762225,4.537701002846006
1789658965.476448,4.265201001544483
1789658965.4767761,3.281600002082996
1789658965.4770553,4.002900997875258
1789658965.4777238,5.6918019981822
1789658965.4785254,5.701902002329007
1789658965.4790528,2.82420099756564
1789658965.4793828,5.18050100072287
1789658965.479608,4.643500997190131
1789658965.4806576,3.8594010002270807
1789658965.480827,6.075200999475783
1789658965.4809554,4.810600999917369
1789658965.481473,5.0197009986732155
1789658965.4815907,1.9775010005105287
1789658965.4820557,2.9961010004626587
1789658965.482279,4.551000998617383
1789658965.4824162,5.356002002372406
1789658965.4826279,4.097400997125078
1789658965.4830904,2.1309009971446358
1789658965.48357,4.182800999842584
1789658965.4850464,2.984999999171123
1789658965.485439,4.60450100217713
1789658965.4857678,3.134801001579035
1789658965.4861062,5.443101999844657
1789658965.4865623,4.141001001698896
1789658965.4866898,4.406301002745749
1789658965.486872,5.393602001277031
1789658965.4869454,3.8503010000567883
1789658965.4870172,5.421900998044293
1789658965.4873438,3.7690009994548745
1789658965.4891648,4.109801000595326
1789658965.4894145,3.3029000005626585
1789658965.4900515,4.275500999938231
1789658965.4904664,3.51130099807051
1789658965.4906054,5.158702002518112
1789658965.4908342,4.139600998314563
1789658965.49168,4.797700999915833
1789658965.4918046,4.456000999198295
1789658965.4920619,5.495301000337349
1789658965.4923162,5.293701000482542
1789658965.4928944,3.7221009988570586
1789658965.4941087,4.686301999754505
1789658965.4944654,2.7761009987443686
1789658965.4946647,4.188901002635248
1789658965.494789,4.177900998911355
1789658965.49546,4.619101000571391
1789658965.4957702,3.4486009972169995
1789658965.4962208,4.1543010011082515
1789658965.496351,3.450401000009151
1789658965.497186,5.375300999730825
1789658965.4972305,7.170801000029314
1789658965.4982502,4.1323010009364225
1789658965.4994054,4.608000999724027
1789658965.4995646,4.09890100127086
1789658965.4999049,5.432501002360368
1789658965.5000324,3.8071009985287674
1789658965.5005887,4.814001000340795
1789658965.5008676,6.197500999405747
1789658965.5009115,4.55620100183296
1789658965.5010557,3.820000998530304
1789658965.5013335,3.0776999992667697
1789658965.503053,3.63930100138532
1789658965.5033007,6.108802001108415
1789658965.5034764,3.907400998286903
1789658965.5035076,2.9149010006221943
1789658965.5037408,2.8670009996858425
1789658965.5043979,4.487500998948235
1789658965.5048614,3.5231010006100405
1789658965.5052667,4.198401002213359
1789658965.5058331,5.795801000203937
1789658965.5059452,5.0287009980820585
1789658965.506876,3.393900999071775
1789658965.5076008,4.291600998840295
1789658965.508362,3.957801000069594
1789658965.5089052,5.391701000917237
1789658965.5090992,6.039601001248229
1789658965.5092168,5.470301002787892
1789658965.509475,4.607401002431288
1789658965.509571,4.299201002140762
1789658965.510549,2.9393010008789133
1789658965.5110435,5.091901999549009
1789658965.5115142,4.633201002434362
1789658965.5118163,3.4481010006857105
1789658965.5121443,2.566300998296356
1789658965.5123334,6.4946019992930815
1789658965.5131817,4.0753009998297784
1789658965.5133517,4.440600998350419
1789658965.5144222,2.598899998702109
1789658965.51468,5.458102001284715
1789658965.5147655,5.284901999402791
1789658965.515015,3.9656010012549814
1789658965.5154002,4.844101000344381
1789658965.5162406,3.897701000823872
1789658965.5164192,3.0622009981016163
1789658965.5164864,4.967300999851432
1789658965.5171397,4.987800999515457
1789658965.5173793,2.9489010012184735
1789658965.5187182,4.032000997540308
1789658965.5189335,5.745301998103969
1789658965.5191324,3.7260009994497523
1789658965.5196347,3.2096009999804664
1789658965.5198486,4.829301000427222
1789658965.520165,3.019700998265762
1789658965.520199,5.428700998891145
1789658965.5214088,2.6829999987967312
1789658965.5214622,4.970500998751959
1789658965.5216594,5.412001002696343
1789658965.5219166,4.532000999461161
1789658965.522888,3.9481010026065633
1789658965.5239377,2.466500998707488
1789658965.5242224,4.017900999315316
1789658965.5243413,5.202501000894699
1789658965.5244818,4.841600999498041
1789658965.5245588,3.1437010002264287
1789658965.5256653,4.000300999905448
1789658965.5257945,5.940801001997897
1789658965.526631,4.706900999735808
1789658965.5272396,2.8911010012961924
1789658965.5275638,3.617300997575512
1789658965.52795,3.38520100194728
1789658965.5288618,5.966300999716623
1789658965.529137,4.649900998629164
1789658965.5296266,5.399000998295378
1789658965.5298107,9.641401997214416
1789658965.5301795,4.380401001981227
1789658965.5302684,3.6301010004535783
1789658965.530366,3.120700002909871
1789658965.530561,4.89030099925003
1789658965.5313997,3.4443009972164873
1789658965.532711,3.841500998532865
1789658965.5329444,3.31280099999276
1789658965.533185,2.814900999510428
1789658965.53383,3.557100997568341
1789658965.534006,3.4404010002617724
1789658965.5343156,6.745601000147872
1789658965.5350442,5.901001000893302
1789658965.53523,5.405301999417134
1789658965.5355449,5.360602001019288
1789658965.5363538,3.6362009996082634
1789658965.5364485,3.499401002045488
1789658965.5368416,5.436501000076532
1789658965.5376756,3.839600998617243
1789658965.5381527,4.962101000273833
1789658965.5383306,3.0958999996073544
1789658965.5384996,3.450300999247702
1789658965.5390344,3.482899999653455
1789658965.539515,5.504601998836733
1789658965.5405257,6.202701999427518
1789658965.5408366,3.1529010011581704
1789658965.5412555,4.407600998092676
1789658965.5413978,4.944600997987436
1789658965.5419629,3.804900999966776
1789658965.5422428,3.9070009988790844
1789658965.5424082,6.048801002179971
1789658965.54319,4.147900999669218
1789658965.5441086,5.602402001386508
1789658965.5442784,4.7582010010955855
1789658965.5446508,3.3904010015248787
1789658965.5455654,3.1513009998889174
1789658965.5459008,5.368501002521953
1789658965.5461533,4.751101001602365
1789658965.546429,3.2321010003215633
1789658965.546494,4.245800999342464
1789658965.5466266,4.658500998630188
1789658965.5468845,6.040200998540968
1789658965.5478895,3.774501001316821
1789658965.548278,3.9955009997356683
1789658965.5492003,3.0408009988605045
1789658965.5497804,5.122301001392771
1789658965.5504632,3.9641010007471777
1789658965.5506885,5.11760100198444
1789658965.5508492,3.959100999054499
1789658965.5511642,5.25790100073209
1789658965.5517836,5.149802000232739
1789658965.552075,5.639901999529684
1789658965.5529425,4.6583010007452685
1789658965.5530655,3.277900999819394
1789658965.553108,5.214000997511903
1789658965.5538101,4.602200999215711
1789658965.5541697,3.700500998093048
1789658965.554927,4.073101001267787
1789658965.5555446,4.851200999837602
1789658965.5559092,3.8273009995464236
1789658965.5562263,3.2767009979579598
1789658965.5564759,4.6832010011712555
1789658965.5568235,3.7536010022449773
1789658965.556983,5.813902000227245
1789658965.5571415,3.325801000755746
1789658965.557848,4.7338010008388665
1789658965.5582526,3.319701001601061
1789658965.5593681,2.5374000033480115
1789658965.5594847,3.93470099879778
1789658965.5595574,5.383101000916213
1789658965.5601747,4.255201001797104
1789658965.5611613,4.171401000348851
1789658965.561432,4.949701000441564
1789658965.5617795,3.924600998288952
1789658965.561862,5.630001000099583
1789658965.5622427,3.982700996857602
1789658965.56294,3.5658009983308148
1789658965.5632071,3.7183009990258142
1789658965.5636709,4.1087009994953405
1789658965.5642948,7.138002001738641
1789658965.5646813,4.499201000726316
1789658965.5650375,3.1704009998065885
1789658965.5656893,3.438400999584701
1789658965.5661051,1.805100000638049
1789658965.5671837,5.396400996687589
1789658965.5672882,4.3435010011307895
1789658965.5680218,6.583800997759681
1789658965.5682142,2.1038000013504643
1789658965.568255,5.0436010023986455
1789658965.5684617,7.295301998965442
1789658965.568789,3.0946010010666214
1789658965.568833,3.7912010011496022
1789658965.5690417,5.366501998651074
1789658965.5698774,5.191700998693705
1789658965.5713744,4.080201000761008
1789658965.5715997,3.13319999986561
1789658965.5716429,3.61520099977497
1789658965.5718422,4.650201000913512
1789658965.5725849,3.7899009985267185
1789658965.57324,5.021101998863742
1789658965.5733428,4.505300999881001
1789658965.5738697,4.821701000764733
1789658965.5739958,4.11380099831149
1789658965.5745747,6.313601999863749
1789658965.5754282,4.041101001348579
1789658965.5757642,4.115501000342192
1789658965.57658,3.228801000659587
1789658965.5772011,3.9550010005768854
1789658965.5773125,4.719700998975895
1789658965.57736,5.755202000727877
1789658965.578349,3.764601002330892
1789658965.5791473,5.269200999464374
1789658965.5792692,3.4990010026376694
1789658965.579373,7.52560199907748
1789658965.5799384,4.49820100038778
1789658965.5800707,6.070101000659633
1789658965.5803401,1.9839000015053898
1789658965.5803862,3.7993999976606574
1789658965.5806496,3.3311999977740925
1789658965.5813763,4.012101002444979
1789658965.5814898,4.2829010017158
1789658965.582972,3.8183010001375806
1789658965.5831168,3.8426009996328503
1789658965.5838108,4.432200999872293
1789658965.584445,4.099900997971417
1789658965.5845497,4.47400100165396
1789658965.585,3.618601000198396
1789658965.5852647,5.319501997291809
1789658965.5854383,3.9436009974451736
1789658965.5857441,5.353201999241719
1789658965.5860887,5.434202001197264
1789658965.5867176,3.7393009988591075
1789658965.588202,5.078701000456931
1789658965.588398,3.8440010030171834
1789658965.5886762,4.859300999669358
1789658965.5889716,4.521102000580868
1789658965.5890274,4.0231009988929145
1789658965.5891402,3.69760099783889
1789658965.5897226,4.444201000296744
1789658965.5899713,4.221900999255013
1789658965.5902078,4.113300998142222
1789658965.5909355,4.211101000691997
1789658965.5922108,2.229499998065876
1789658965.5925252,2.3110000001906883
1789658965.5932047,4.994001999875763
1789658965.5938072,5.124801999045303
1789658965.594018,4.286400999262696
1789658965.5941226,5.719701999623794
1789658965.5945423,5.510601000423776
1789658965.5950634,4.118801000004169
1789658965.5955434,6.567300999449799
1789658965.5959861,6.841501002782024
1789658965.596314,3.101799997239141
1789658965.5967977,4.578400999889709
1789658965.5977752,3.7517009986913763
1789658965.5984545,4.6409010028583
1789658965.5985377,3.4675009992497507
1789658965.59864,4.511900999204954
1789658965.5986865,3.1386009977723006
1789658965.5988624,6.332101998850703
1789658965.5991783,4.631700998288579
1789658965.5995955,3.277001000242308
1789658965.6000953,4.104501000256278
1789658965.6012683,4.464801000722218
1789658965.601885,4.10420099797193
1789658965.6024158,3.5477009987516794
1789658965.6025674,4.1074010005104356
1789658965.6031818,3.9977009982976597
1789658965.603334,4.790301001776243
1789658965.6034586,4.765900997881545
1789658965.6044362,4.3363009972381406
1789658965.6045291,5.883100999199087
1789658965.6049411,5.34020100167254
1789658965.6059573,4.681001999415457
1789658965.606315,4.4235009991098195
1789658965.6067324,4.310601001634495
1789658965.6068234,4.251701000612229
1789658965.6071212,3.780301001825137
1789658965.6074104,4.222300998662831
1789658965.608599,4.062001000420423
1789658965.6088364,5.371400999138132
1789658965.6094532,3.131900000880705
1789658965.6098192,5.377001998567721
1789658965.6099494,3.120900997600984
1789658965.6107543,3.3358010005031247
1789658965.610968,6.022202000167454
1789658965.6112716,4.144201000599423
1789658965.6114898,5.526300999918021
1789658965.6122355,3.3933010017790366
1789658965.6128488,6.108200999733526
1789658965.6134703,1.9754999993892852
1789658965.6138597,4.400501999043627
1789658965.6140337,4.078500998730306
1789658965.614277,5.6713019985181745
1789658965.6143386,3.577501000108896
1789658965.6153479,4.071401002875064
1789658965.6154718,5.648000998917269
1789658965.6164188,2.941000999271637
1789658965.6165695,3.7146009999560192
1789658965.6171188,3.0774000006204005
1789658965.6175568,3.274399998190347
1789658965.6177304,2.377400000113994
1789658965.6182952,4.430000997672323
1789658965.6186457,4.294801001378801
1789658965.6189775,2.5516009991406463
1789658965.619263,2.1364010026445612
1789658965.6202438,2.6812010000867303
1789658965.620664,4.088101002707845
1789658965.621041,3.3058009976230096
1789658965.621613,2.6305999999749474
1789658965.6218266,3.5243999991507735
1789658965.6219695,3.319199997349642
1789658965.6224747,3.2059010009106714
1789658965.6234174,3.166600999975344
1789658965.6238496,2.2292009998636786
1789658965.6243422,2.366001001064433
1789658965.6246636,3.9927010002429597
1789658965.624719,2.8876010001113173
1789658965.6248398,3.7939009998808615
1789658965.624925,2.4453999976685736
1789658965.625863,1.5117999973881524
1789658965.6266086,1.882201002445072
1789658965.6270163,3.5917009990953375
1789658965.6272902,2.4457010003970936
1789658965.6275744,2.9039010005362798
1789658965.628086,2.217900997493416
1789658965.628567,3.6357009994389955
1789658965.6292396,1.6600000017206185
1789658965.629732,3.1156000004557427
1789658965.629934,2.638699999806704
1789658965.6300807,1.9896999983757269
1789658965.6303785,3.3566009988135193
1789658965.630913,2.3389009984384757
1789658965.631228,1.2890010002593044
1789658965.6313355,2.0903010008623824
1789658965.6314986,1.1149999991175719
1789658965.631942,0.7079000024532434
1789658965.6320412,0.5357000009098556
1789658965.6322,1.2819000003219116
1789658965.632273,0.9319000018876977
1789658965.6326854,0.7355999987339601
1789658965.632986,0.9375000008731149
1789658965.6332054,0.5136999971000478
1789658965.633305,1.1009000008925796
1789658965.6333528,1.0747000014816877
1789658965.633918,0.9217999977408908
1789658965.634177,0.9668000020610634
1789658965.6342251,0.8684999993420206
1789658965.6344666,1.156900998466881
1789658965.634802,0.8651009993627667
1789658965.6349673,0.7378009977401234
1789658965.635094,0.9116009969147854
1789658965.6352482,0.2769999991869554
1789658965.6352966,0.4900999992969446
1789658965.6355996,0.3462000022409484
1789658965.635673,0.3722000001289416
1789658965.6357422,0.6427999978768639
1789658965.6360598,0.4549999976006802
1789658965.6361072,0.4305000002204906
1789658965.6363895,0.325400000292575
1789658965.6364546,0.3432000012253411
1789658965.6367736,0.37960000190651044
1789658965.636817,0.3584000005503185
1789658965.637085,0.26359999901615083
1789658965.637128,0.3501999999571126
1789658965.6374226,0.3333999993628822
1789658965.6374893,0.34919999961857684
1789658965.6376975,0.26950000028591603
1789658965.6378136,0.320099999953527
1789658965.6380248,0.3222999985155184
1789658965.6382523,0.22360000002663583
1789658965.6384747,0.2182000025641173
1789658965.6386924,0.21370099784689955
1789658965.6388946,0.19869999960064888
1789658965.6390965,0.19869999960064888
1789658965.6393077,0.2074999974865932
1789658965.6395197,0.20740000036312267
1789658965.6397183,0.19549999706214294
1789658965.6399179,0.19600000086938962
